registro_id,lote_id,finca_id,fecha_registro,tecnico_id,vecino_fumigo_reciente,dias_desde_fumigacion_vecina,despulpadora_compartida,sacos_reutilizados,secado_patio_compartido,transporte_compartido,herramientas_compartidas_flag,lavado_equipo_flag,capacitacion_bpa_flag,lat_gps,lon_gps,origen_captura,practicas_riesgo_conteo,equipo_compartido_sin_lavar,fumigacion_declarada,fumigacion_desconocida
RC0000001,L000001,F0064,2025-05-07,TEC05,No,-1,0,0,0,0,0,1,0,-6.272793,-77.802178,formulario_campo,0,0,0,0
RC0000002,L000002,F0073,2026-04-01,TEC06,No,-1,0,0,0,0,0,1,1,-6.195026,-77.916715,formulario_campo,0,0,0,0
RC0000003,L000003,F0083,2025-08-17,TEC06,No,-1,0,1,0,0,1,1,1,-6.167629,-77.891944,dashboard_acopio,1,0,0,0
RC0000004,L000004,F0019,2025-12-01,TEC10,No,-1,1,0,1,0,1,0,0,-6.227419,-77.859642,cola_kafka,2,1,0,0
RC0000005,L000005,F0043,2026-07-11,TEC07,No_se_sabe,-1,0,0,1,0,1,1,1,-6.172238,-77.9452,formulario_campo,1,0,0,1
RC0000006,L000006,F0045,2025-07-19,TEC11,Si,5,0,0,0,1,1,1,0,-6.251,-77.828652,formulario_campo,1,0,1,0
RC0000007,L000007,F0043,2025-09-06,TEC07,No,-1,1,0,1,0,1,1,1,-6.171891,-77.945823,formulario_campo,2,0,0,0
RC0000008,L000008,F0034,2025-06-20,TEC11,Si,12,1,0,1,0,1,0,0,-6.210667,-77.883526,dashboard_acopio,2,1,1,0
RC0000009,L000009,F0062,2025-05-16,TEC02,No_se_sabe,-1,1,0,0,0,1,0,0,-6.196222,-77.845736,dashboard_acopio,1,1,0,1
RC0000010,L000010,F0089,2026-08-08,TEC07,Si,23,1,1,0,0,1,1,1,-6.213461,-77.849134,formulario_campo,2,0,1,0
RC0000011,L000011,F0026,2025-07-11,TEC10,No,-1,1,1,1,0,1,0,0,-6.23418,-77.772284,formulario_campo,3,1,0,0
RC0000012,L000012,F0098,2025-09-18,TEC10,No_se_sabe,-1,0,0,0,0,0,1,1,-6.212356,-77.898682,cola_kafka,0,0,0,1
RC0000013,L000013,F0083,2026-05-20,TEC06,No_se_sabe,-1,0,1,1,1,1,0,0,-6.167618,-77.891529,formulario_campo,3,0,0,1
RC0000014,L000014,F0002,2025-08-14,TEC04,Si,6,0,0,0,1,1,0,1,-6.218143,-77.932985,formulario_campo,1,0,1,0
RC0000015,L000015,F0108,2026-07-19,TEC03,No,-1,0,0,1,1,1,1,1,-6.216946,-77.819726,cola_kafka,2,0,0,0
RC0000016,L000016,F0096,2025-07-19,TEC10,No_se_sabe,-1,0,0,1,0,1,0,0,-6.146594,-77.810977,formulario_campo,1,0,0,1
RC0000017,L000017,F0085,2026-08-24,TEC08,No,-1,0,0,0,0,0,1,1,-6.274558,-77.853669,cola_kafka,0,0,0,0
RC0000018,L000018,F0120,2026-04-22,TEC12,No,-1,0,1,1,0,1,0,0,-6.220571,-77.874927,formulario_campo,2,0,0,0
RC0000019,L000019,F0090,2026-05-28,TEC11,Si,19,1,0,1,1,1,0,0,-6.199439,-77.817902,dashboard_acopio,3,1,1,0
RC0000020,L000020,F0029,2025-05-25,TEC04,No_se_sabe,-1,0,0,0,0,0,1,1,-6.194621,-77.845271,cola_kafka,0,0,0,1
RC0000021,L000021,F0051,2026-05-03,TEC09,No,-1,0,0,0,0,0,1,1,-6.225549,-77.931033,dashboard_acopio,0,0,0,0
RC0000022,L000022,F0110,2026-04-07,TEC06,Si,12,0,0,0,0,0,1,1,-6.272599,-77.878751,formulario_campo,0,0,1,0
RC0000023,L000023,F0030,2026-05-08,TEC02,No,-1,0,0,0,0,0,0,1,-6.208083,-77.903651,cola_kafka,0,0,0,0
RC0000024,L000024,F0066,2025-04-03,TEC01,No,-1,1,1,1,1,1,0,0,-6.262183,-77.809213,formulario_campo,4,1,0,0
RC0000025,L000025,F0093,2026-05-21,TEC03,No,-1,0,1,1,1,1,1,1,-6.244711,-77.904929,cola_kafka,3,0,0,0
RC0000026,L000026,F0091,2026-05-02,TEC02,No,-1,0,1,1,0,1,1,0,-6.220352,-77.875222,formulario_campo,2,0,0,0
RC0000027,L000027,F0050,2025-09-21,TEC02,Si,4,0,1,0,1,1,1,1,-6.29954,-77.913844,formulario_campo,2,0,1,0
RC0000028,L000028,F0043,2026-04-02,TEC01,No_se_sabe,-1,0,0,0,1,1,0,1,-6.172616,-77.945064,formulario_campo,1,0,0,1
RC0000029,L000029,F0059,2026-04-20,TEC04,Si,26,1,1,1,1,1,1,1,-6.24913,-77.973602,dashboard_acopio,4,0,1,0
RC0000030,L000030,F0082,2025-09-21,TEC01,Si,40,0,0,1,0,1,0,0,-6.194486,-77.869402,cola_kafka,1,0,1,0
RC0000031,L000031,F0042,2025-08-24,TEC07,No,-1,0,0,0,1,1,1,1,-6.208507,-77.964951,formulario_campo,1,0,0,0
RC0000032,L000032,F0075,2025-04-14,TEC03,Si,19,0,0,0,0,0,1,1,-6.228561,-77.936476,formulario_campo,0,0,1,0
RC0000033,L000033,F0031,2025-08-01,TEC11,No,-1,0,0,0,1,1,1,1,-6.245155,-77.930438,formulario_campo,1,0,0,0
RC0000034,L000034,F0024,2025-05-12,TEC02,No_se_sabe,-1,0,1,0,0,1,1,0,-6.335756,-77.801883,cola_kafka,1,0,0,1
RC0000035,L000035,F0101,2026-08-15,TEC07,Si,23,0,0,0,0,0,0,0,-6.335316,-77.859082,formulario_campo,0,0,1,0
RC0000036,L000036,F0008,2025-05-07,TEC08,No,-1,0,0,0,0,0,1,1,-6.280608,-77.903057,cola_kafka,0,0,0,0
RC0000037,L000037,F0111,2025-07-13,TEC05,No,-1,1,1,1,0,1,1,0,-6.237013,-77.857665,formulario_campo,3,0,0,0
RC0000038,L000038,F0089,2025-05-09,TEC08,Si,15,0,0,0,0,0,1,0,-6.214128,-77.849594,formulario_campo,0,0,1,0
RC0000039,L000039,F0064,2026-04-27,TEC06,No,-1,0,1,1,1,1,1,1,-6.273764,-77.802942,formulario_campo,3,0,0,0
RC0000040,L000040,F0102,2026-05-31,TEC10,Si,24,0,1,0,0,1,1,1,-6.277064,-77.94374,formulario_campo,1,0,1,0
RC0000041,L000041,F0082,2026-07-03,TEC05,No_se_sabe,-1,0,1,1,0,1,0,1,-6.194677,-77.869349,cola_kafka,2,0,0,1
RC0000042,L000042,F0063,2025-04-20,TEC08,No,-1,0,0,1,0,1,1,1,-6.241606,-77.958036,cola_kafka,1,0,0,0
RC0000043,L000043,F0066,2025-02-28,TEC12,Si,12,0,0,1,0,1,1,0,-6.262363,-77.810065,formulario_campo,1,0,1,0
RC0000044,L000044,F0093,2026-07-30,TEC01,Si,10,1,0,1,1,1,0,0,-6.244835,-77.904403,formulario_campo,3,1,1,0
RC0000045,L000045,F0093,2026-08-05,TEC01,No_se_sabe,-1,1,0,0,1,1,0,1,-6.24458,-77.905079,cola_kafka,2,1,0,1
RC0000046,L000046,F0022,2026-06-18,TEC01,No_se_sabe,-1,1,0,1,1,1,0,0,-6.253944,-77.858703,formulario_campo,3,1,0,1
RC0000047,L000047,F0040,2026-08-19,TEC02,No_se_sabe,-1,0,1,0,0,1,0,0,-6.173203,-77.908581,formulario_campo,1,0,0,1
RC0000048,L000048,F0112,2026-04-13,TEC06,No,-1,1,0,0,1,1,0,0,-6.275673,-77.861331,cola_kafka,2,1,0,0
RC0000049,L000049,F0080,2025-02-13,TEC07,No_se_sabe,-1,0,0,0,0,0,1,1,-6.268321,-77.912096,dashboard_acopio,0,0,0,1
RC0000050,L000050,F0004,2025-09-05,TEC12,No_se_sabe,-1,0,0,1,0,1,0,0,-6.260795,-77.963614,formulario_campo,1,0,0,1
RC0000051,L000051,F0053,2026-08-07,TEC08,Si,6,0,0,1,0,1,1,0,-6.258681,-77.9045,formulario_campo,1,0,1,0
RC0000052,L000052,F0019,2025-11-03,TEC07,Si,18,0,0,1,0,1,1,1,-6.22824,-77.860946,formulario_campo,1,0,1,0
RC0000053,L000053,F0046,2026-07-01,TEC06,Si,44,1,0,0,0,1,0,0,-6.279589,-77.880702,cola_kafka,1,1,1,0
RC0000054,L000054,F0027,2025-08-29,TEC06,Si,5,0,0,0,0,0,1,1,-6.277399,-77.792452,dashboard_acopio,0,0,1,0
RC0000055,L000055,F0111,2026-04-03,TEC01,No_se_sabe,-1,1,0,0,0,1,0,0,-6.236491,-77.857765,cola_kafka,1,1,0,1
RC0000056,L000056,F0013,2025-07-11,TEC10,No,-1,1,1,0,0,1,0,0,-6.149045,-77.807894,dashboard_acopio,2,1,0,0
RC0000057,L000057,F0009,2025-06-24,TEC01,No,-1,0,0,1,1,1,1,1,-6.273688,-77.825607,dashboard_acopio,2,0,0,0
RC0000058,L000058,F0098,2026-07-07,TEC03,Si,40,0,0,0,0,0,1,1,-6.211979,-77.89905,formulario_campo,0,0,1,0
RC0000059,L000059,F0072,2026-07-30,TEC03,No,-1,0,1,1,1,1,1,1,-6.083279,-77.826903,cola_kafka,3,0,0,0
RC0000060,L000060,F0102,2025-04-13,TEC02,No,-1,0,0,1,0,1,0,0,-6.27598,-77.942943,formulario_campo,1,0,0,0
RC0000061,L000061,F0076,2025-01-27,TEC10,Si,13,0,0,0,0,0,1,1,-6.314879,-77.90929,formulario_campo,0,0,1,0
RC0000062,L000062,F0028,2025-04-09,TEC06,Si,6,0,0,1,1,1,1,1,-6.233465,-77.852948,formulario_campo,2,0,1,0
RC0000063,L000063,F0003,2025-07-04,TEC03,No,-1,1,0,0,0,1,0,0,-6.214124,-77.819687,formulario_campo,1,1,0,0
RC0000064,L000064,F0087,2026-05-24,TEC12,Si,32,0,1,0,1,1,1,0,-6.20774,-77.798163,dashboard_acopio,2,0,1,0
RC0000065,L000065,F0020,2025-06-19,TEC09,No,-1,1,1,1,1,1,0,0,-6.202787,-77.891227,formulario_campo,4,1,0,0
RC0000066,L000066,F0084,2025-12-12,TEC05,Si,38,0,0,0,0,0,1,1,-6.172419,-77.857615,cola_kafka,0,0,1,0
RC0000067,L000067,F0017,2026-07-04,TEC09,No_se_sabe,-1,0,0,0,0,0,1,0,-6.271558,-77.856267,formulario_campo,0,0,0,1
RC0000068,L000068,F0003,2025-09-08,TEC09,Si,17,0,0,0,1,1,1,1,-6.214828,-77.819368,formulario_campo,1,0,1,0
RC0000069,L000069,F0007,2025-07-26,TEC09,No_se_sabe,-1,0,0,0,0,0,1,1,-6.197517,-77.905952,cola_kafka,0,0,0,1
RC0000070,L000070,F0006,2025-01-19,TEC06,No,-1,0,1,1,1,1,0,1,-6.231424,-77.790999,formulario_campo,3,0,0,0
RC0000071,L000071,F0050,2025-06-28,TEC09,Si,12,1,1,1,1,1,0,0,-6.30005,-77.914509,dashboard_acopio,4,1,1,0
RC0000072,L000072,F0051,2026-08-24,TEC10,Si,8,0,0,0,1,1,1,1,-6.226978,-77.931861,cola_kafka,1,0,1,0
RC0000073,L000073,F0073,2025-07-16,TEC11,No,-1,0,0,1,1,1,1,1,-6.195464,-77.917998,formulario_campo,2,0,0,0
RC0000074,L000074,F0034,2026-04-10,TEC12,Si,42,1,0,0,1,1,1,0,-6.210115,-77.884509,formulario_campo,2,0,1,0
RC0000075,L000075,F0118,2025-08-01,TEC07,Si,41,0,1,1,0,1,0,0,-6.277025,-77.832482,formulario_campo,2,0,1,0
RC0000076,L000076,F0096,2026-04-13,TEC03,No,-1,0,0,0,1,1,1,1,-6.147548,-77.809846,dashboard_acopio,1,0,0,0
RC0000077,L000077,F0050,2026-07-17,TEC01,No,-1,1,0,0,0,1,1,1,-6.299184,-77.915216,dashboard_acopio,1,0,0,0
RC0000078,L000078,F0004,2025-04-07,TEC08,No,-1,1,0,0,0,1,1,0,-6.261876,-77.96438,formulario_campo,1,0,0,0
RC0000079,L000079,F0056,2025-04-17,TEC03,No_se_sabe,-1,0,1,0,1,1,0,0,-6.208692,-77.901968,dashboard_acopio,2,0,0,1
RC0000080,L000080,F0039,2026-03-11,TEC04,No,-1,1,0,0,0,1,1,1,-6.219548,-77.782921,formulario_campo,1,0,0,0
RC0000081,L000081,F0069,2025-06-07,TEC10,No_se_sabe,-1,0,1,1,1,1,1,0,-6.31727,-77.83479,formulario_campo,3,0,0,1
RC0000082,L000082,F0096,2026-04-03,TEC06,No,-1,0,0,0,0,0,1,1,-6.146593,-77.808834,formulario_campo,0,0,0,0
RC0000083,L000083,F0001,2026-07-26,TEC02,Si,19,1,0,0,0,1,1,0,-6.237531,-77.780496,formulario_campo,1,0,1,0
RC0000084,L000084,F0075,2025-05-31,TEC01,No,-1,1,0,1,0,1,0,0,-6.227803,-77.936896,dashboard_acopio,2,1,0,0
RC0000085,L000085,F0017,2026-05-28,TEC04,Si,17,0,1,0,0,1,1,1,-6.270485,-77.855649,cola_kafka,1,0,1,0
RC0000086,L000086,F0042,2025-03-04,TEC09,No,-1,1,1,1,1,1,0,0,-6.209084,-77.964145,cola_kafka,4,1,0,0
RC0000087,L000087,F0068,2025-08-13,TEC02,No_se_sabe,-1,1,0,0,1,1,0,1,-6.152335,-77.88022,formulario_campo,2,1,0,1
RC0000088,L000088,F0024,2026-08-25,TEC07,Si,19,0,1,0,1,1,1,1,-6.335207,-77.802115,formulario_campo,2,0,1,0
RC0000089,L000089,F0002,2026-05-31,TEC06,Si,37,1,0,1,0,1,1,1,-6.218013,-77.93144,formulario_campo,2,0,1,0
RC0000090,L000090,F0120,2025-08-15,TEC10,Si,28,0,0,0,0,0,1,1,-6.220741,-77.876799,formulario_campo,0,0,1,0
RC0000091,L000091,F0080,2025-05-19,TEC11,Si,43,0,0,1,1,1,1,0,-6.268526,-77.911559,formulario_campo,2,0,1,0
RC0000092,L000092,F0004,2026-08-12,TEC02,No,-1,1,0,1,1,1,1,0,-6.261684,-77.963991,cola_kafka,3,0,0,0
RC0000093,L000093,F0080,2026-07-28,TEC10,No,-1,1,0,0,0,1,1,0,-6.268786,-77.912348,formulario_campo,1,0,0,0
RC0000094,L000094,F0017,2025-06-29,TEC01,No_se_sabe,-1,1,1,0,1,1,0,0,-6.27172,-77.855574,formulario_campo,3,1,0,1
RC0000095,L000095,F0053,2026-06-18,TEC01,No,-1,0,0,0,0,0,1,1,-6.258819,-77.904541,cola_kafka,0,0,0,0
RC0000096,L000096,F0047,2026-04-21,TEC02,Si,12,0,0,0,1,1,1,1,-6.189188,-77.796831,formulario_campo,1,0,1,0
RC0000097,L000097,F0033,2026-08-20,TEC09,No_se_sabe,-1,0,1,0,0,1,1,1,-6.207804,-77.892575,formulario_campo,1,0,0,1
RC0000098,L000098,F0094,2025-05-26,TEC02,No_se_sabe,-1,0,0,0,1,1,1,0,-6.268641,-77.942204,formulario_campo,1,0,0,1
RC0000099,L000099,F0072,2025-06-06,TEC04,No,-1,0,0,0,0,0,1,1,-6.083384,-77.82903,formulario_campo,0,0,0,0
RC0000100,L000100,F0038,2025-07-25,TEC09,No_se_sabe,-1,1,0,1,0,1,0,0,-6.241904,-77.856185,cola_kafka,2,1,0,1
RC0000101,L000101,F0007,2025-04-30,TEC12,No,-1,0,0,1,0,1,1,1,-6.196133,-77.904729,formulario_campo,1,0,0,0
RC0000102,L000102,F0034,2026-03-17,TEC12,Si,14,0,1,0,1,1,1,0,-6.211577,-77.884913,formulario_campo,2,0,1,0
RC0000103,L000103,F0019,2026-05-17,TEC12,No,-1,0,0,0,0,0,1,1,-6.228828,-77.860153,dashboard_acopio,0,0,0,0
RC0000104,L000104,F0019,2026-04-19,TEC12,No,-1,0,1,0,0,1,1,1,-6.227489,-77.860628,formulario_campo,1,0,0,0
RC0000105,L000105,F0049,2025-01-29,TEC09,Si,8,1,0,0,0,1,1,0,-6.195294,-77.914718,dashboard_acopio,1,0,1,0
RC0000106,L000106,F0062,2026-07-13,TEC02,No,-1,0,1,1,1,1,1,0,-6.19497,-77.845711,formulario_campo,3,0,0,0
RC0000107,L000107,F0014,2025-05-20,TEC07,No_se_sabe,-1,0,0,0,0,0,1,1,-6.253023,-77.7989,formulario_campo,0,0,0,1
RC0000108,L000108,F0074,2025-04-13,TEC06,No_se_sabe,-1,0,0,0,0,0,1,1,-6.272818,-77.869883,formulario_campo,0,0,0,1
RC0000109,L000109,F0102,2025-06-12,TEC12,No,-1,1,0,1,0,1,1,1,-6.276357,-77.941985,formulario_campo,2,0,0,0
RC0000110,L000110,F0109,2026-08-05,TEC10,Si,7,0,0,0,0,0,1,0,-6.252301,-77.891972,dashboard_acopio,0,0,1,0
RC0000111,L000111,F0001,2025-08-31,TEC09,Si,44,1,1,0,0,1,1,0,-6.237308,-77.781054,dashboard_acopio,2,0,1,0
RC0000112,L000112,F0080,2026-07-03,TEC04,No_se_sabe,-1,0,1,0,0,1,0,0,-6.26841,-77.912155,dashboard_acopio,1,0,0,1
RC0000113,L000113,F0051,2026-07-03,TEC05,Si,17,0,0,0,0,0,1,1,-6.226709,-77.931104,formulario_campo,0,0,1,0
RC0000114,L000114,F0031,2025-06-25,TEC10,No,-1,0,1,1,1,1,0,0,-6.244793,-77.93092,formulario_campo,3,0,0,0
RC0000115,L000115,F0070,2025-05-21,TEC12,No,-1,0,0,1,0,1,1,1,-6.190124,-77.846912,cola_kafka,1,0,0,0
RC0000116,L000116,F0055,2026-05-05,TEC02,No_se_sabe,-1,0,0,0,0,0,1,1,-6.241743,-77.879949,cola_kafka,0,0,0,1
RC0000117,L000117,F0042,2026-07-04,TEC01,No_se_sabe,-1,1,1,1,0,1,0,0,-6.208217,-77.965126,dashboard_acopio,3,1,0,1
RC0000118,L000118,F0007,2026-01-10,TEC10,No_se_sabe,-1,0,0,1,0,1,0,0,-6.197734,-77.904876,formulario_campo,1,0,0,1
RC0000119,L000119,F0075,2025-05-25,TEC02,No,-1,0,1,0,1,1,0,1,-6.228135,-77.938545,cola_kafka,2,0,0,0
RC0000120,L000120,F0072,2026-04-07,TEC01,No_se_sabe,-1,0,1,0,1,1,1,0,-6.083294,-77.827065,formulario_campo,2,0,0,1
RC0000121,L000121,F0082,2026-05-06,TEC06,No_se_sabe,-1,1,1,1,0,1,0,0,-6.194974,-77.869696,dashboard_acopio,3,1,0,1
RC0000122,L000122,F0069,2026-08-03,TEC03,Si,14,0,1,1,0,1,1,1,-6.317972,-77.833868,formulario_campo,2,0,1,0
RC0000123,L000123,F0030,2025-09-15,TEC11,Si,3,0,0,1,0,1,1,1,-6.209305,-77.904058,formulario_campo,1,0,1,0
RC0000124,L000124,F0040,2026-06-28,TEC09,Si,23,1,1,1,0,1,0,0,-6.173629,-77.908546,dashboard_acopio,3,1,1,0
RC0000125,L000125,F0111,2025-06-01,TEC12,Si,10,0,1,1,0,1,0,1,-6.236161,-77.856354,cola_kafka,2,0,1,0
RC0000126,L000126,F0074,2026-04-04,TEC09,No_se_sabe,-1,0,0,0,1,1,1,1,-6.2737,-77.870123,cola_kafka,1,0,0,1
RC0000127,L000127,F0085,2025-05-27,TEC06,Si,32,0,0,0,0,0,1,1,-6.275861,-77.855099,dashboard_acopio,0,0,1,0
RC0000128,L000128,F0063,2025-05-15,TEC12,No,-1,1,0,1,0,1,0,0,-6.24222,-77.958639,formulario_campo,2,1,0,0
RC0000129,L000129,F0088,2025-07-20,TEC12,No_se_sabe,-1,0,0,0,0,0,0,0,-6.277076,-77.844392,dashboard_acopio,0,0,0,1
RC0000130,L000130,F0037,2025-08-10,TEC07,Si,30,0,1,0,0,1,1,1,-6.203061,-77.861485,formulario_campo,1,0,1,0
RC0000131,L000131,F0081,2026-07-01,TEC12,No,-1,1,0,1,0,1,0,1,-6.150651,-77.940936,formulario_campo,2,1,0,0
RC0000132,L000132,F0046,2026-06-21,TEC11,No,-1,0,0,1,0,1,1,1,-6.27997,-77.880553,cola_kafka,1,0,0,0
RC0000133,L000133,F0037,2025-06-09,TEC02,Si,33,0,0,0,1,1,0,1,-6.203522,-77.860536,formulario_campo,1,0,1,0
RC0000134,L000134,F0078,2026-07-17,TEC09,No_se_sabe,-1,0,0,0,0,0,0,1,-6.261131,-77.8197,dashboard_acopio,0,0,0,1
RC0000135,L000135,F0077,2025-06-10,TEC01,No,-1,1,0,0,0,1,0,0,-6.226886,-77.837705,formulario_campo,1,1,0,0
RC0000136,L000136,F0068,2025-04-26,TEC12,Si,10,1,0,0,1,1,0,0,-6.153546,-77.880212,formulario_campo,2,1,1,0
RC0000137,L000137,F0070,2026-07-30,TEC04,No,-1,0,1,0,0,1,1,1,-6.190973,-77.845578,formulario_campo,1,0,0,0
RC0000138,L000138,F0005,2026-01-29,TEC08,Si,4,1,0,0,1,1,1,1,-6.205037,-77.897585,dashboard_acopio,2,0,1,0
RC0000139,L000139,F0016,2025-07-24,TEC03,Si,28,0,1,1,1,1,1,0,-6.242823,-77.874019,cola_kafka,3,0,1,0
RC0000140,L000140,F0050,2025-07-02,TEC06,No,-1,1,0,0,0,1,1,1,-6.299967,-77.914329,dashboard_acopio,1,0,0,0
RC0000141,L000141,F0068,2025-07-25,TEC09,No,-1,0,0,0,0,0,1,1,-6.153902,-77.880113,formulario_campo,0,0,0,0
RC0000142,L000142,F0084,2026-06-24,TEC01,No_se_sabe,-1,0,0,1,0,1,1,0,-6.171944,-77.85842,formulario_campo,1,0,0,1
RC0000143,L000143,F0006,2026-04-13,TEC03,Si,18,1,1,1,0,1,1,0,-6.231408,-77.791435,dashboard_acopio,3,0,1,0
RC0000144,L000144,F0034,2025-05-25,TEC03,No,-1,1,0,1,1,1,1,1,-6.210524,-77.884037,dashboard_acopio,3,0,0,0
RC0000145,L000145,F0012,2026-06-18,TEC04,No_se_sabe,-1,0,0,0,0,0,0,1,-6.22889,-77.897908,cola_kafka,0,0,0,1
RC0000146,L000146,F0085,2025-05-13,TEC05,No_se_sabe,-1,0,0,0,0,0,1,1,-6.277089,-77.854693,dashboard_acopio,0,0,0,1
RC0000147,L000147,F0073,2025-10-17,TEC04,Si,42,0,0,0,0,0,1,1,-6.195688,-77.917045,formulario_campo,0,0,1,0
RC0000148,L000148,F0049,2025-11-23,TEC09,Si,24,0,0,1,0,1,1,0,-6.195166,-77.915816,formulario_campo,1,0,1,0
RC0000149,L000149,F0060,2026-06-28,TEC07,Si,28,1,1,0,1,1,1,0,-6.300517,-77.829356,formulario_campo,3,0,1,0
RC0000150,L000150,F0022,2025-04-25,TEC03,Si,41,0,0,1,1,1,1,0,-6.252396,-77.857462,formulario_campo,2,0,1,0
RC0000151,L000151,F0078,2026-06-26,TEC09,Si,3,1,0,0,0,1,1,0,-6.261519,-77.819506,dashboard_acopio,1,0,1,0
RC0000152,L000152,F0094,2025-05-30,TEC04,No,-1,0,0,0,1,1,0,0,-6.269115,-77.940584,dashboard_acopio,1,0,0,0
RC0000153,L000153,F0067,2025-04-11,TEC06,No_se_sabe,-1,1,0,0,0,1,1,1,-6.266948,-77.767444,formulario_campo,1,0,0,1
RC0000154,L000154,F0107,2026-06-28,TEC09,No,-1,0,0,0,0,0,1,1,-6.22782,-77.903479,dashboard_acopio,0,0,0,0
RC0000155,L000155,F0102,2025-09-28,TEC01,Si,7,0,1,0,1,1,1,1,-6.276984,-77.942584,dashboard_acopio,2,0,1,0
RC0000156,L000156,F0080,2026-04-29,TEC03,Si,12,0,1,0,1,1,1,1,-6.268372,-77.912656,formulario_campo,2,0,1,0
RC0000157,L000157,F0029,2025-05-25,TEC09,No_se_sabe,-1,0,1,0,0,1,1,1,-6.19376,-77.843643,dashboard_acopio,1,0,0,1
RC0000158,L000158,F0039,2026-03-19,TEC03,Si,1,1,1,0,0,1,1,1,-6.221134,-77.783933,formulario_campo,2,0,1,0
RC0000159,L000159,F0064,2025-11-09,TEC02,Si,39,0,1,1,1,1,1,0,-6.272563,-77.803605,formulario_campo,3,0,1,0
RC0000160,L000160,F0066,2025-08-13,TEC07,No_se_sabe,-1,0,0,0,0,0,1,1,-6.261778,-77.809376,formulario_campo,0,0,0,1
RC0000161,L000161,F0093,2026-04-30,TEC06,No_se_sabe,-1,1,0,1,0,1,0,0,-6.243528,-77.904678,dashboard_acopio,2,1,0,1
RC0000162,L000162,F0061,2026-08-22,TEC12,No,-1,0,0,0,1,1,0,0,-6.243526,-77.863179,formulario_campo,1,0,0,0
RC0000163,L000163,F0020,2025-07-16,TEC12,No,-1,1,1,0,1,1,1,1,-6.202382,-77.891484,formulario_campo,3,0,0,0
RC0000164,L000164,F0038,2025-06-29,TEC10,No_se_sabe,-1,0,0,0,0,0,0,1,-6.242898,-77.855869,formulario_campo,0,0,0,1
RC0000165,L000165,F0051,2025-09-17,TEC05,Si,15,0,0,1,0,1,1,0,-6.225789,-77.932989,dashboard_acopio,1,0,1,0
RC0000166,L000166,F0025,2026-07-04,TEC01,Si,31,0,0,1,1,1,0,0,-6.231648,-77.955461,dashboard_acopio,2,0,1,0
RC0000167,L000167,F0088,2026-06-03,TEC05,Si,26,0,0,1,0,1,0,1,-6.27674,-77.844472,formulario_campo,1,0,1,0
RC0000168,L000168,F0104,2025-08-16,TEC08,No,-1,1,0,1,0,1,1,1,-6.209945,-77.8624,cola_kafka,2,0,0,0
RC0000169,L000169,F0084,2026-05-20,TEC01,Si,11,1,1,1,1,1,0,0,-6.17246,-77.857736,formulario_campo,4,1,1,0
RC0000170,L000170,F0001,2026-05-11,TEC09,No,-1,0,1,1,0,1,1,1,-6.23603,-77.78119,cola_kafka,2,0,0,0
RC0000171,L000171,F0014,2025-08-27,TEC01,No_se_sabe,-1,0,1,0,0,1,1,1,-6.253043,-77.798392,cola_kafka,1,0,0,1
RC0000172,L000172,F0017,2025-04-10,TEC09,Si,36,1,0,0,0,1,1,1,-6.2719,-77.856135,cola_kafka,1,0,1,0
RC0000173,L000173,F0059,2026-06-05,TEC02,Si,7,0,1,0,1,1,1,1,-6.249189,-77.973553,formulario_campo,2,0,1,0
RC0000174,L000174,F0069,2026-01-27,TEC09,Si,33,0,0,1,1,1,1,0,-6.317054,-77.834383,cola_kafka,2,0,1,0
RC0000175,L000175,F0001,2026-06-20,TEC09,No_se_sabe,-1,1,0,1,0,1,0,0,-6.237353,-77.780568,formulario_campo,2,1,0,1
RC0000176,L000176,F0078,2025-04-19,TEC01,No,-1,1,0,0,0,1,1,1,-6.260847,-77.819776,dashboard_acopio,1,0,0,0
RC0000177,L000177,F0055,2025-09-24,TEC12,Si,14,0,0,1,0,1,1,0,-6.241565,-77.879678,cola_kafka,1,0,1,0
RC0000178,L000178,F0040,2026-06-23,TEC02,Si,25,0,0,0,1,1,1,1,-6.175442,-77.909633,formulario_campo,1,0,1,0
RC0000179,L000179,F0067,2026-04-12,TEC10,No_se_sabe,-1,1,0,1,0,1,0,0,-6.267733,-77.769041,cola_kafka,2,1,0,1
RC0000180,L000180,F0051,2026-04-05,TEC03,No,-1,0,0,0,0,0,1,1,-6.226271,-77.931473,formulario_campo,0,0,0,0
RC0000181,L000181,F0082,2025-04-18,TEC07,Si,34,0,0,1,0,1,1,1,-6.194546,-77.870444,formulario_campo,1,0,1,0
RC0000182,L000182,F0004,2025-09-02,TEC06,No,-1,0,0,0,0,0,0,0,-6.260499,-77.964292,dashboard_acopio,0,0,0,0
RC0000183,L000183,F0045,2026-03-04,TEC11,No_se_sabe,-1,1,0,0,1,1,0,0,-6.249528,-77.828372,cola_kafka,2,1,0,1
RC0000184,L000184,F0106,2025-09-28,TEC11,No,-1,0,0,1,0,1,0,0,-6.253207,-77.837935,formulario_campo,1,0,0,0
RC0000185,L000185,F0056,2025-01-22,TEC06,Si,25,0,0,0,1,1,1,1,-6.207717,-77.902195,dashboard_acopio,1,0,1,0
RC0000186,L000186,F0075,2025-05-22,TEC11,Si,9,1,1,1,0,1,0,0,-6.227983,-77.937325,dashboard_acopio,3,1,1,0
RC0000187,L000187,F0108,2025-09-10,TEC11,No_se_sabe,-1,0,0,1,1,1,1,0,-6.217481,-77.819747,formulario_campo,2,0,0,1
RC0000188,L000188,F0106,2025-04-21,TEC01,No,-1,0,1,1,0,1,0,0,-6.253717,-77.838334,formulario_campo,2,0,0,0
RC0000189,L000189,F0043,2025-07-06,TEC02,Si,40,0,0,0,0,0,1,1,-6.172299,-77.944859,formulario_campo,0,0,1,0
RC0000190,L000190,F0074,2025-04-06,TEC11,No,-1,0,0,1,1,1,1,1,-6.273363,-77.870028,formulario_campo,2,0,0,0
RC0000191,L000191,F0094,2025-09-25,TEC08,Si,41,1,1,1,0,1,0,0,-6.26778,-77.941992,formulario_campo,3,1,1,0
RC0000192,L000192,F0071,2025-09-27,TEC01,Si,24,0,0,0,0,0,1,1,-6.236623,-77.871694,cola_kafka,0,0,1,0
RC0000193,L000193,F0051,2026-06-25,TEC01,No_se_sabe,-1,0,1,0,1,1,1,1,-6.226226,-77.931636,cola_kafka,2,0,0,1
RC0000194,L000194,F0095,2026-04-20,TEC04,Si,14,1,0,0,0,1,0,0,-6.27874,-77.861881,cola_kafka,1,1,1,0
RC0000195,L000195,F0099,2025-09-27,TEC01,Si,33,1,1,1,0,1,1,0,-6.175994,-77.806204,formulario_campo,3,0,1,0
RC0000196,L000196,F0068,2025-08-21,TEC11,No,-1,0,0,0,1,1,1,1,-6.152885,-77.879012,formulario_campo,1,0,0,0
RC0000197,L000197,F0021,2025-04-29,TEC04,Si,23,0,0,0,0,0,1,1,-6.289499,-77.863562,dashboard_acopio,0,0,1,0
RC0000198,L000198,F0043,2026-06-28,TEC04,Si,29,0,0,0,0,0,0,0,-6.171858,-77.945365,cola_kafka,0,0,1,0
RC0000199,L000199,F0037,2026-01-21,TEC06,No,-1,0,0,0,1,1,1,1,-6.201939,-77.861053,dashboard_acopio,1,0,0,0
RC0000200,L000200,F0074,2025-08-23,TEC05,No,-1,1,1,1,0,1,1,0,-6.271926,-77.869987,formulario_campo,3,0,0,0
RC0000201,L000201,F0031,2025-09-13,TEC06,Si,27,0,0,0,1,1,1,0,-6.246219,-77.930622,formulario_campo,1,0,1,0
RC0000202,L000202,F0006,2026-07-30,TEC01,No,-1,1,0,1,1,1,0,0,-6.231048,-77.791119,formulario_campo,3,1,0,0
RC0000203,L000203,F0040,2025-02-08,TEC02,No,-1,0,0,1,1,1,1,0,-6.174152,-77.909187,formulario_campo,2,0,0,0
RC0000204,L000204,F0103,2026-08-12,TEC05,Si,1,0,0,0,0,0,1,1,-6.178364,-77.916518,formulario_campo,0,0,1,0
RC0000205,L000205,F0066,2025-05-23,TEC12,No_se_sabe,-1,0,0,0,0,0,1,1,-6.262002,-77.80976,dashboard_acopio,0,0,0,1
RC0000206,L000206,F0042,2025-01-23,TEC09,No,-1,0,1,0,1,1,0,0,-6.208159,-77.964724,cola_kafka,2,0,0,0
RC0000207,L000207,F0044,2026-08-17,TEC05,No_se_sabe,-1,0,0,1,1,1,1,1,-6.316553,-77.88999,formulario_campo,2,0,0,1
RC0000208,L000208,F0027,2025-10-11,TEC01,Si,35,0,1,1,0,1,1,1,-6.278472,-77.792998,formulario_campo,2,0,1,0
RC0000209,L000209,F0090,2025-04-24,TEC08,No_se_sabe,-1,1,0,0,1,1,1,0,-6.198979,-77.818407,cola_kafka,2,0,0,1
RC0000210,L000210,F0039,2025-04-04,TEC04,Si,10,0,0,1,0,1,1,1,-6.219696,-77.783566,cola_kafka,1,0,1,0
RC0000211,L000211,F0009,2025-06-05,TEC12,No,-1,1,1,0,1,1,0,0,-6.274108,-77.82546,dashboard_acopio,3,1,0,0
RC0000212,L000212,F0110,2026-06-07,TEC12,Si,10,0,0,1,0,1,1,1,-6.272124,-77.879184,dashboard_acopio,1,0,1,0
RC0000213,L000213,F0046,2026-05-09,TEC07,No_se_sabe,-1,0,0,0,0,0,1,1,-6.279375,-77.881541,dashboard_acopio,0,0,0,1
RC0000214,L000214,F0063,2026-07-08,TEC05,No,-1,0,1,1,0,1,1,1,-6.24256,-77.95895,formulario_campo,2,0,0,0
RC0000215,L000215,F0049,2025-01-18,TEC11,Si,44,0,0,0,0,0,1,1,-6.194485,-77.915065,cola_kafka,0,0,1,0
RC0000216,L000216,F0109,2026-07-16,TEC12,Si,41,1,0,1,0,1,1,1,-6.251467,-77.891656,formulario_campo,2,0,1,0
RC0000217,L000217,F0043,2025-04-20,TEC04,No,-1,1,1,1,0,1,0,0,-6.173413,-77.946045,cola_kafka,3,1,0,0
RC0000218,L000218,F0045,2025-09-04,TEC01,No,-1,0,0,0,0,0,1,1,-6.2494,-77.829363,dashboard_acopio,0,0,0,0
RC0000219,L000219,F0089,2025-05-06,TEC03,No,-1,1,0,0,1,1,0,0,-6.214766,-77.84979,dashboard_acopio,2,1,0,0
RC0000220,L000220,F0016,2026-03-10,TEC03,No,-1,0,0,0,0,0,1,0,-6.243158,-77.874605,dashboard_acopio,0,0,0,0
RC0000221,L000221,F0003,2026-07-04,TEC08,No_se_sabe,-1,0,0,0,0,0,0,0,-6.215384,-77.82013,cola_kafka,0,0,0,1
RC0000222,L000222,F0056,2025-11-10,TEC05,No,-1,0,0,0,0,0,0,0,-6.207777,-77.901632,formulario_campo,0,0,0,0
RC0000223,L000223,F0082,2025-04-10,TEC11,Si,13,1,0,1,0,1,1,0,-6.193316,-77.869545,formulario_campo,2,0,1,0
RC0000224,L000224,F0005,2025-04-02,TEC08,Si,27,0,1,0,0,1,1,1,-6.204762,-77.896244,formulario_campo,1,0,1,0
RC0000225,L000225,F0025,2025-01-31,TEC08,Si,42,0,1,0,1,1,1,0,-6.231443,-77.956204,formulario_campo,2,0,1,0
RC0000226,L000226,F0056,2025-08-03,TEC11,Si,1,0,0,1,0,1,1,0,-6.207525,-77.901337,formulario_campo,1,0,1,0
RC0000227,L000227,F0099,2026-07-22,TEC08,Si,20,0,0,0,0,0,1,1,-6.175426,-77.80521,formulario_campo,0,0,1,0
RC0000228,L000228,F0077,2025-07-22,TEC07,Si,34,1,0,0,1,1,1,1,-6.226412,-77.837017,formulario_campo,2,0,1,0
RC0000229,L000229,F0024,2025-06-26,TEC07,Si,12,0,0,0,0,0,1,1,-6.335893,-77.80332,cola_kafka,0,0,1,0
RC0000230,L000230,F0044,2025-08-10,TEC07,No_se_sabe,-1,0,0,0,0,0,1,1,-6.317665,-77.890308,formulario_campo,0,0,0,1
RC0000231,L000231,F0017,2025-06-09,TEC07,No_se_sabe,-1,1,1,1,0,1,1,0,-6.271882,-77.856071,formulario_campo,3,0,0,1
RC0000232,L000232,F0078,2026-07-29,TEC10,No,-1,1,1,0,0,1,1,1,-6.262235,-77.819365,formulario_campo,2,0,0,0
RC0000233,L000233,F0001,2025-09-01,TEC02,No_se_sabe,-1,1,0,0,0,1,0,0,-6.237115,-77.780462,dashboard_acopio,1,1,0,1
RC0000234,L000234,F0120,2026-01-07,TEC04,No_se_sabe,-1,0,1,1,0,1,1,1,-6.221016,-77.875694,formulario_campo,2,0,0,1
RC0000235,L000235,F0026,2026-04-25,TEC02,No_se_sabe,-1,0,0,0,1,1,1,1,-6.234244,-77.771536,formulario_campo,1,0,0,1
RC0000236,L000236,F0060,2025-10-06,TEC06,Si,22,1,0,0,0,1,1,0,-6.300827,-77.829053,cola_kafka,1,0,1,0
RC0000237,L000237,F0020,2026-06-20,TEC12,No,-1,1,0,0,1,1,1,1,-6.202364,-77.890214,dashboard_acopio,2,0,0,0
RC0000238,L000238,F0069,2026-07-04,TEC08,Si,23,0,0,1,1,1,1,0,-6.317924,-77.833633,formulario_campo,2,0,1,0
RC0000239,L000239,F0084,2025-03-02,TEC10,No,-1,1,0,1,0,1,1,1,-6.173669,-77.858134,formulario_campo,2,0,0,0
RC0000240,L000240,F0112,2025-09-26,TEC10,No,-1,0,1,0,1,1,0,0,-6.277264,-77.861418,dashboard_acopio,2,0,0,0
RC0000241,L000241,F0030,2025-05-14,TEC09,Si,32,0,0,0,1,1,0,1,-6.208553,-77.904659,formulario_campo,1,0,1,0
RC0000242,L000242,F0102,2026-06-16,TEC01,Si,7,0,1,0,0,1,0,0,-6.276027,-77.943066,cola_kafka,1,0,1,0
RC0000243,L000243,F0061,2026-03-12,TEC01,No_se_sabe,-1,0,1,0,0,1,1,0,-6.245061,-77.862559,cola_kafka,1,0,0,1
RC0000244,L000244,F0056,2026-08-30,TEC05,No,-1,1,1,0,0,1,1,0,-6.207167,-77.90302,formulario_campo,2,0,0,0
RC0000245,L000245,F0073,2025-09-05,TEC07,Si,3,1,0,0,0,1,1,1,-6.195984,-77.916942,dashboard_acopio,1,0,1,0
RC0000246,L000246,F0105,2025-08-21,TEC04,Si,39,0,0,0,0,0,1,1,-6.236551,-77.880482,formulario_campo,0,0,1,0
RC0000247,L000247,F0074,2025-04-18,TEC05,No,-1,0,0,0,0,0,0,1,-6.272338,-77.870259,formulario_campo,0,0,0,0
RC0000248,L000248,F0018,2025-04-30,TEC04,No_se_sabe,-1,1,0,0,1,1,1,1,-6.222982,-77.903042,dashboard_acopio,2,0,0,1
RC0000249,L000249,F0017,2025-07-17,TEC10,No_se_sabe,-1,0,0,0,0,0,1,1,-6.272025,-77.855682,formulario_campo,0,0,0,1
RC0000250,L000250,F0068,2026-07-05,TEC01,Si,43,0,0,1,0,1,1,1,-6.152466,-77.879886,formulario_campo,1,0,1,0
RC0000251,L000251,F0103,2025-08-30,TEC05,Si,38,0,0,0,0,0,1,1,-6.177761,-77.916998,formulario_campo,0,0,1,0
RC0000252,L000252,F0087,2026-04-15,TEC10,Si,1,0,0,0,0,0,0,0,-6.208661,-77.798148,formulario_campo,0,0,1,0
RC0000253,L000253,F0120,2026-06-06,TEC12,No,-1,0,1,0,1,1,1,1,-6.221481,-77.875204,formulario_campo,2,0,0,0
RC0000254,L000254,F0086,2026-03-12,TEC08,Si,25,0,0,1,0,1,0,0,-6.220479,-77.925163,formulario_campo,1,0,1,0
RC0000255,L000255,F0040,2025-06-13,TEC07,Si,34,0,0,0,1,1,1,1,-6.174238,-77.908241,formulario_campo,1,0,1,0
RC0000256,L000256,F0116,2025-06-15,TEC06,Si,3,1,1,0,0,1,0,0,-6.226405,-77.847769,dashboard_acopio,2,1,1,0
RC0000257,L000257,F0116,2026-08-17,TEC02,No,-1,0,0,1,0,1,1,0,-6.224734,-77.847377,dashboard_acopio,1,0,0,0
RC0000258,L000258,F0045,2025-08-22,TEC08,Si,7,0,1,0,1,1,1,1,-6.248869,-77.828464,dashboard_acopio,2,0,1,0
RC0000259,L000259,F0042,2025-09-11,TEC04,No,-1,0,1,1,1,1,0,0,-6.208131,-77.965126,dashboard_acopio,3,0,0,0
RC0000260,L000260,F0007,2026-08-20,TEC02,No_se_sabe,-1,1,1,1,0,1,1,0,-6.198594,-77.904553,formulario_campo,3,0,0,1
RC0000261,L000261,F0105,2026-06-14,TEC01,Si,18,1,0,1,1,1,0,1,-6.23626,-77.880209,formulario_campo,3,1,1,0
RC0000262,L000262,F0020,2025-05-07,TEC04,No_se_sabe,-1,0,1,0,0,1,1,1,-6.202251,-77.891682,formulario_campo,1,0,0,1
RC0000263,L000263,F0014,2025-06-02,TEC03,No_se_sabe,-1,0,0,1,1,1,1,1,-6.252806,-77.798851,dashboard_acopio,2,0,0,1
RC0000264,L000264,F0118,2026-07-09,TEC02,No_se_sabe,-1,0,1,1,0,1,1,1,-6.277204,-77.834311,dashboard_acopio,2,0,0,1
RC0000265,L000265,F0086,2026-05-11,TEC10,Si,14,0,1,1,0,1,1,1,-6.21844,-77.925296,dashboard_acopio,2,0,1,0
RC0000266,L000266,F0003,2026-02-06,TEC07,No_se_sabe,-1,0,0,1,1,1,1,0,-6.214876,-77.818482,dashboard_acopio,2,0,0,1
RC0000267,L000267,F0007,2025-01-15,TEC11,No_se_sabe,-1,1,0,0,1,1,1,1,-6.19697,-77.905018,cola_kafka,2,0,0,1
RC0000268,L000268,F0005,2025-09-13,TEC04,Si,17,1,0,0,0,1,0,0,-6.204522,-77.897348,formulario_campo,1,1,1,0
RC0000269,L000269,F0028,2025-09-24,TEC07,Si,24,1,1,0,0,1,1,0,-6.233958,-77.852351,formulario_campo,2,0,1,0
RC0000270,L000270,F0023,2025-07-05,TEC01,No,-1,0,0,0,0,0,1,1,-6.159782,-77.837756,formulario_campo,0,0,0,0
RC0000271,L000271,F0070,2026-05-17,TEC10,No,-1,0,1,0,0,1,1,1,-6.190553,-77.847592,cola_kafka,1,0,0,0
RC0000272,L000272,F0087,2026-08-19,TEC05,Si,33,0,0,0,1,1,1,1,-6.209074,-77.798053,dashboard_acopio,1,0,1,0
RC0000273,L000273,F0095,2025-07-28,TEC05,Si,5,0,0,1,0,1,1,1,-6.278388,-77.861597,cola_kafka,1,0,1,0
RC0000274,L000274,F0006,2025-09-25,TEC07,No,-1,0,0,1,1,1,1,0,-6.231657,-77.790798,formulario_campo,2,0,0,0
RC0000275,L000275,F0083,2025-01-12,TEC09,No,-1,0,1,0,0,1,0,0,-6.167698,-77.892089,formulario_campo,1,0,0,0
RC0000276,L000276,F0038,2026-08-15,TEC06,Si,9,0,0,0,1,1,1,1,-6.24396,-77.855678,cola_kafka,1,0,1,0
RC0000277,L000277,F0112,2025-10-02,TEC11,Si,38,0,0,1,0,1,1,1,-6.276626,-77.861393,cola_kafka,1,0,1,0
RC0000278,L000278,F0054,2026-04-02,TEC08,No,-1,1,0,1,0,1,0,0,-6.194728,-77.865474,formulario_campo,2,1,0,0
RC0000279,L000279,F0066,2025-09-20,TEC08,Si,6,1,1,1,1,1,1,0,-6.26273,-77.809056,formulario_campo,4,0,1,0
RC0000280,L000280,F0077,2026-04-07,TEC08,No,-1,0,0,1,1,1,1,1,-6.226329,-77.836499,formulario_campo,2,0,0,0
RC0000281,L000281,F0087,2026-04-30,TEC11,No,-1,1,1,0,0,1,1,0,-6.209359,-77.798254,formulario_campo,2,0,0,0
RC0000282,L000282,F0025,2025-07-21,TEC01,Si,21,1,0,0,1,1,1,1,-6.231459,-77.956152,formulario_campo,2,0,1,0
RC0000283,L000283,F0001,2026-08-08,TEC08,No,-1,1,1,1,0,1,1,0,-6.236527,-77.779995,formulario_campo,3,0,0,0
RC0000284,L000284,F0075,2025-09-12,TEC08,Si,28,1,0,0,0,1,1,1,-6.227913,-77.937589,cola_kafka,1,0,1,0
RC0000285,L000285,F0022,2026-06-25,TEC08,No,-1,0,1,0,1,1,0,0,-6.253354,-77.858076,cola_kafka,2,0,0,0
RC0000286,L000286,F0062,2025-01-29,TEC12,No_se_sabe,-1,0,0,0,0,0,1,0,-6.196392,-77.846617,formulario_campo,0,0,0,1
RC0000287,L000287,F0118,2026-04-12,TEC01,No,-1,0,0,0,0,0,1,1,-6.276907,-77.8327,formulario_campo,0,0,0,0
RC0000288,L000288,F0033,2026-04-12,TEC05,No,-1,1,0,0,0,1,1,1,-6.206115,-77.89425,cola_kafka,1,0,0,0
RC0000289,L000289,F0022,2026-04-03,TEC04,No,-1,1,1,1,0,1,0,0,-6.253974,-77.857321,dashboard_acopio,3,1,0,0
RC0000290,L000290,F0021,2025-06-19,TEC02,No_se_sabe,-1,0,0,0,0,0,0,1,-6.288892,-77.863027,formulario_campo,0,0,0,1
RC0000291,L000291,F0078,2026-07-09,TEC03,Si,11,1,1,1,1,1,0,0,-6.261574,-77.819639,formulario_campo,4,1,1,0
RC0000292,L000292,F0009,2025-08-17,TEC03,Si,5,0,0,0,0,0,1,1,-6.273676,-77.825699,dashboard_acopio,0,0,1,0
RC0000293,L000293,F0071,2026-04-24,TEC01,No_se_sabe,-1,0,0,1,0,1,1,1,-6.23625,-77.869779,formulario_campo,1,0,0,1
RC0000294,L000294,F0116,2025-06-03,TEC09,No,-1,0,0,0,0,0,1,1,-6.225151,-77.848126,cola_kafka,0,0,0,0
RC0000295,L000295,F0111,2025-10-21,TEC08,No_se_sabe,-1,1,1,0,0,1,0,0,-6.237112,-77.857101,formulario_campo,2,1,0,1
RC0000296,L000296,F0078,2026-08-30,TEC07,Si,29,0,1,0,0,1,1,1,-6.260556,-77.818567,dashboard_acopio,1,0,1,0
RC0000297,L000297,F0019,2025-09-01,TEC10,No_se_sabe,-1,0,0,1,1,1,0,0,-6.226817,-77.860244,formulario_campo,2,0,0,1
RC0000298,L000298,F0001,2025-05-18,TEC02,No,-1,0,0,1,0,1,1,1,-6.237385,-77.780101,dashboard_acopio,1,0,0,0
RC0000299,L000299,F0093,2025-03-02,TEC05,No,-1,0,0,0,0,0,0,0,-6.242973,-77.905366,formulario_campo,0,0,0,0
RC0000300,L000300,F0024,2026-05-29,TEC09,Si,34,0,1,1,0,1,1,0,-6.334879,-77.803117,cola_kafka,2,0,1,0
RC0000301,L000301,F0061,2025-08-19,TEC06,Si,31,0,0,0,1,1,1,1,-6.243289,-77.863306,cola_kafka,1,0,1,0
RC0000302,L000302,F0109,2026-02-27,TEC03,No,-1,0,1,0,0,1,1,1,-6.251263,-77.890652,cola_kafka,1,0,0,0
RC0000303,L000303,F0075,2026-07-01,TEC04,No,-1,1,0,0,0,1,1,1,-6.227879,-77.938256,cola_kafka,1,0,0,0
RC0000304,L000304,F0056,2025-04-26,TEC04,Si,26,0,0,0,0,0,1,1,-6.208621,-77.903103,formulario_campo,0,0,1,0
RC0000305,L000305,F0006,2025-08-30,TEC04,No,-1,0,0,1,0,1,1,1,-6.231127,-77.790223,dashboard_acopio,1,0,0,0
RC0000306,L000306,F0106,2025-03-12,TEC07,Si,19,1,0,0,1,1,1,1,-6.252973,-77.837468,formulario_campo,2,0,1,0
RC0000307,L000307,F0019,2026-07-01,TEC07,Si,12,0,0,0,0,0,1,1,-6.227781,-77.860456,formulario_campo,0,0,1,0
RC0000308,L000308,F0037,2026-04-23,TEC04,Si,3,1,1,1,0,1,1,0,-6.203454,-77.860724,formulario_campo,3,0,1,0
RC0000309,L000309,F0068,2025-08-11,TEC04,No_se_sabe,-1,1,0,1,1,1,1,1,-6.15489,-77.88065,formulario_campo,3,0,0,1
RC0000310,L000310,F0027,2026-07-02,TEC02,Si,38,0,1,0,0,1,1,1,-6.278123,-77.792652,cola_kafka,1,0,1,0
RC0000311,L000311,F0101,2025-10-06,TEC06,No,-1,0,0,0,0,0,0,1,-6.334588,-77.85874,formulario_campo,0,0,0,0
RC0000312,L000312,F0096,2025-09-11,TEC11,Si,24,0,0,0,0,0,1,1,-6.146742,-77.810326,dashboard_acopio,0,0,1,0
RC0000313,L000313,F0120,2025-07-20,TEC08,No,-1,1,0,1,0,1,0,0,-6.221057,-77.875753,formulario_campo,2,1,0,0
RC0000314,L000314,F0019,2026-08-11,TEC11,Si,41,0,1,1,1,1,1,1,-6.227521,-77.859414,cola_kafka,3,0,1,0
RC0000315,L000315,F0089,2026-05-29,TEC10,Si,36,0,0,1,0,1,0,1,-6.213327,-77.849877,formulario_campo,1,0,1,0
RC0000316,L000316,F0118,2025-08-21,TEC06,Si,13,1,1,0,0,1,1,1,-6.276067,-77.832322,formulario_campo,2,0,1,0
RC0000317,L000317,F0054,2026-05-04,TEC11,Si,15,0,0,1,0,1,1,1,-6.194938,-77.865088,cola_kafka,1,0,1,0
RC0000318,L000318,F0096,2025-10-22,TEC09,No,-1,0,0,0,1,1,1,1,-6.146482,-77.80959,formulario_campo,1,0,0,0
RC0000319,L000319,F0099,2025-05-28,TEC12,Si,23,0,0,0,1,1,0,0,-6.175722,-77.805677,dashboard_acopio,1,0,1,0
RC0000320,L000320,F0050,2025-05-21,TEC04,No_se_sabe,-1,0,0,0,1,1,1,1,-6.29984,-77.914808,cola_kafka,1,0,0,1
RC0000321,L000321,F0043,2026-08-20,TEC05,Si,37,0,0,1,1,1,0,0,-6.173414,-77.94463,cola_kafka,2,0,1,0
RC0000322,L000322,F0007,2026-07-24,TEC11,No,-1,0,0,0,0,0,1,1,-6.196906,-77.904437,formulario_campo,0,0,0,0
RC0000323,L000323,F0068,2025-04-23,TEC02,Si,44,0,0,1,1,1,1,0,-6.154767,-77.879674,formulario_campo,2,0,1,0
RC0000324,L000324,F0073,2025-10-23,TEC06,Si,23,0,1,1,0,1,0,0,-6.196226,-77.917653,formulario_campo,2,0,1,0
RC0000325,L000325,F0056,2025-07-22,TEC02,Si,1,1,0,1,0,1,1,0,-6.20714,-77.900563,formulario_campo,2,0,1,0
RC0000326,L000326,F0053,2025-04-11,TEC10,No,-1,0,0,0,0,0,0,1,-6.259194,-77.902707,formulario_campo,0,0,0,0
RC0000327,L000327,F0102,2025-04-18,TEC11,Si,5,0,0,1,0,1,1,1,-6.275606,-77.943289,dashboard_acopio,1,0,1,0
RC0000328,L000328,F0063,2026-05-15,TEC07,No,-1,0,0,1,1,1,1,1,-6.241939,-77.959245,formulario_campo,2,0,0,0
RC0000329,L000329,F0005,2026-06-23,TEC07,No,-1,0,0,0,0,0,1,1,-6.20467,-77.897636,dashboard_acopio,0,0,0,0
RC0000330,L000330,F0074,2026-06-09,TEC08,No,-1,0,1,0,0,1,1,1,-6.274522,-77.870338,formulario_campo,1,0,0,0
RC0000331,L000331,F0068,2026-04-03,TEC10,No,-1,0,1,0,0,1,1,0,-6.153926,-77.879974,dashboard_acopio,1,0,0,0
RC0000332,L000332,F0093,2026-07-21,TEC03,Si,4,1,0,0,1,1,1,1,-6.244272,-77.905472,formulario_campo,2,0,1,0
RC0000333,L000333,F0081,2025-08-14,TEC04,Si,43,0,0,0,1,1,1,1,-6.149145,-77.939802,formulario_campo,1,0,1,0
RC0000334,L000334,F0003,2025-08-23,TEC01,Si,20,1,0,0,1,1,1,0,-6.215151,-77.820813,formulario_campo,2,0,1,0
RC0000335,L000335,F0045,2025-06-12,TEC04,Si,43,1,0,1,0,1,0,0,-6.249414,-77.829294,cola_kafka,2,1,1,0
RC0000336,L000336,F0094,2025-04-24,TEC02,Si,20,0,0,1,1,1,1,1,-6.268908,-77.941381,dashboard_acopio,2,0,1,0
RC0000337,L000337,F0002,2025-06-25,TEC08,Si,3,1,0,0,1,1,1,0,-6.219725,-77.931088,cola_kafka,2,0,1,0
RC0000338,L000338,F0075,2026-04-11,TEC06,Si,10,0,0,0,0,0,1,1,-6.227383,-77.937283,cola_kafka,0,0,1,0
RC0000339,L000339,F0021,2026-04-09,TEC08,No_se_sabe,-1,1,0,0,0,1,1,1,-6.289611,-77.862879,formulario_campo,1,0,0,1
RC0000340,L000340,F0001,2026-06-21,TEC06,No,-1,0,1,0,1,1,1,0,-6.237135,-77.780226,formulario_campo,2,0,0,0
RC0000341,L000341,F0009,2025-03-12,TEC12,Si,43,1,0,0,1,1,1,1,-6.273289,-77.826487,formulario_campo,2,0,1,0
RC0000342,L000342,F0060,2026-05-20,TEC06,No_se_sabe,-1,0,1,1,0,1,1,1,-6.299176,-77.830933,formulario_campo,2,0,0,1
RC0000343,L000343,F0053,2025-06-07,TEC07,No,-1,0,0,0,0,0,0,1,-6.260517,-77.903433,formulario_campo,0,0,0,0
RC0000344,L000344,F0028,2025-09-24,TEC10,No,-1,0,1,0,0,1,1,0,-6.232731,-77.852494,cola_kafka,1,0,0,0
RC0000345,L000345,F0116,2026-02-19,TEC12,Si,30,0,0,1,0,1,0,0,-6.226348,-77.847482,formulario_campo,1,0,1,0
RC0000346,L000346,F0078,2025-08-28,TEC01,No,-1,0,0,0,1,1,1,1,-6.260642,-77.819325,cola_kafka,1,0,0,0
RC0000347,L000347,F0038,2025-09-22,TEC10,Si,16,0,0,0,1,1,1,1,-6.241559,-77.855912,formulario_campo,1,0,1,0
RC0000348,L000348,F0059,2025-08-25,TEC07,Si,36,1,0,1,1,1,0,0,-6.24848,-77.97374,formulario_campo,3,1,1,0
RC0000349,L000349,F0005,2025-04-06,TEC02,Si,26,0,1,1,1,1,0,0,-6.204872,-77.897085,dashboard_acopio,3,0,1,0
RC0000350,L000350,F0073,2025-09-14,TEC06,Si,9,0,0,0,0,0,1,1,-6.196375,-77.918545,cola_kafka,0,0,1,0
RC0000351,L000351,F0013,2026-04-13,TEC01,No_se_sabe,-1,0,0,0,0,0,1,1,-6.149548,-77.809093,cola_kafka,0,0,0,1
RC0000352,L000352,F0012,2025-09-10,TEC06,Si,16,1,1,1,0,1,0,0,-6.227482,-77.899179,formulario_campo,3,1,1,0
RC0000353,L000353,F0078,2025-09-17,TEC05,No,-1,1,0,0,0,1,1,1,-6.260936,-77.819554,formulario_campo,1,0,0,0
RC0000354,L000354,F0060,2025-11-28,TEC06,No_se_sabe,-1,1,1,0,0,1,0,0,-6.300533,-77.82838,dashboard_acopio,2,1,0,1
RC0000355,L000355,F0003,2026-04-11,TEC10,No,-1,0,0,0,0,0,1,1,-6.214549,-77.820371,dashboard_acopio,0,0,0,0
RC0000356,L000356,F0028,2026-07-06,TEC05,No,-1,0,0,1,0,1,1,1,-6.234057,-77.852426,formulario_campo,1,0,0,0
RC0000357,L000357,F0001,2025-04-21,TEC05,No,-1,0,0,0,0,0,1,1,-6.235171,-77.780734,dashboard_acopio,0,0,0,0
RC0000358,L000358,F0037,2025-09-20,TEC12,Si,26,0,1,0,1,1,0,0,-6.201119,-77.860791,formulario_campo,2,0,1,0
RC0000359,L000359,F0099,2026-05-31,TEC03,No_se_sabe,-1,0,0,0,0,0,1,1,-6.175823,-77.805683,formulario_campo,0,0,0,1
RC0000360,L000360,F0049,2026-06-03,TEC04,No_se_sabe,-1,0,0,0,0,0,1,1,-6.195233,-77.914596,formulario_campo,0,0,0,1
RC0000361,L000361,F0109,2025-11-17,TEC02,No_se_sabe,-1,0,0,1,1,1,1,1,-6.251992,-77.891313,dashboard_acopio,2,0,0,1
RC0000362,L000362,F0089,2025-04-14,TEC11,No_se_sabe,-1,0,0,1,0,1,1,0,-6.213397,-77.850535,formulario_campo,1,0,0,1
RC0000363,L000363,F0076,2025-08-29,TEC05,Si,7,0,0,1,0,1,0,0,-6.314738,-77.908281,formulario_campo,1,0,1,0
RC0000364,L000364,F0024,2026-04-03,TEC11,No,-1,0,0,0,1,1,0,1,-6.334471,-77.802506,formulario_campo,1,0,0,0
RC0000365,L000365,F0072,2025-06-23,TEC03,Si,15,0,0,1,0,1,1,0,-6.083058,-77.827982,formulario_campo,1,0,1,0
RC0000366,L000366,F0046,2025-09-18,TEC02,No,-1,0,1,0,1,1,0,0,-6.280441,-77.880828,dashboard_acopio,2,0,0,0
RC0000367,L000367,F0062,2026-05-28,TEC10,No,-1,0,0,0,0,0,1,1,-6.195705,-77.846418,dashboard_acopio,0,0,0,0
RC0000368,L000368,F0027,2026-06-24,TEC03,Si,20,1,0,0,0,1,0,1,-6.279155,-77.793464,dashboard_acopio,1,1,1,0
RC0000369,L000369,F0077,2025-08-16,TEC09,Si,19,0,1,0,1,1,1,1,-6.226662,-77.836452,formulario_campo,2,0,1,0
RC0000370,L000370,F0050,2025-09-14,TEC05,No_se_sabe,-1,1,0,1,1,1,1,0,-6.300089,-77.914495,formulario_campo,3,0,0,1
RC0000371,L000371,F0051,2025-04-24,TEC06,Si,37,1,0,0,1,1,1,1,-6.225267,-77.93127,dashboard_acopio,2,0,1,0
RC0000372,L000372,F0088,2026-08-07,TEC03,No,-1,0,1,1,0,1,0,0,-6.278313,-77.843636,cola_kafka,2,0,0,0
RC0000373,L000373,F0091,2026-05-26,TEC02,Si,41,1,0,0,0,1,0,1,-6.220225,-77.876639,formulario_campo,1,1,1,0
RC0000374,L000374,F0116,2025-05-08,TEC11,No,-1,0,0,0,1,1,1,1,-6.224394,-77.84738,formulario_campo,1,0,0,0
RC0000375,L000375,F0040,2025-06-11,TEC02,No_se_sabe,-1,1,1,1,1,1,0,0,-6.174204,-77.908225,formulario_campo,4,1,0,1
RC0000376,L000376,F0120,2025-10-27,TEC05,No_se_sabe,-1,1,0,0,1,1,0,0,-6.221499,-77.875092,dashboard_acopio,2,1,0,1
RC0000377,L000377,F0063,2026-06-03,TEC09,No,-1,0,0,1,0,1,1,1,-6.242261,-77.958255,cola_kafka,1,0,0,0
RC0000378,L000378,F0039,2026-04-25,TEC12,No_se_sabe,-1,1,0,0,1,1,1,1,-6.220885,-77.782027,dashboard_acopio,2,0,0,1
RC0000379,L000379,F0111,2026-04-05,TEC01,No,-1,0,1,0,0,1,0,0,-6.23705,-77.857047,formulario_campo,1,0,0,0
RC0000380,L000380,F0027,2026-05-31,TEC12,Si,37,1,1,1,0,1,0,0,-6.278887,-77.792428,cola_kafka,3,1,1,0
RC0000381,L000381,F0004,2026-06-14,TEC05,No,-1,0,1,0,0,1,0,1,-6.260347,-77.962362,formulario_campo,1,0,0,0
RC0000382,L000382,F0071,2025-12-28,TEC06,Si,10,1,1,0,1,1,0,0,-6.236079,-77.871312,dashboard_acopio,3,1,1,0
RC0000383,L000383,F0087,2025-05-11,TEC02,No,-1,0,0,0,0,0,1,1,-6.209611,-77.798629,dashboard_acopio,0,0,0,0
RC0000384,L000384,F0047,2025-05-17,TEC09,Si,20,1,0,0,0,1,1,1,-6.188744,-77.797878,cola_kafka,1,0,1,0
RC0000385,L000385,F0028,2026-08-10,TEC08,Si,23,1,0,1,1,1,0,1,-6.23347,-77.853082,dashboard_acopio,3,1,1,0
RC0000386,L000386,F0116,2025-02-03,TEC12,Si,14,0,0,0,0,0,1,1,-6.22524,-77.847786,formulario_campo,0,0,1,0
RC0000387,L000387,F0008,2025-06-15,TEC12,Si,2,1,1,0,0,1,1,1,-6.279437,-77.90304,dashboard_acopio,2,0,1,0
RC0000388,L000388,F0094,2026-06-22,TEC12,No,-1,1,0,0,0,1,0,1,-6.268599,-77.941692,formulario_campo,1,1,0,0
RC0000389,L000389,F0050,2025-04-08,TEC06,Si,29,0,0,0,0,0,1,0,-6.30004,-77.913697,formulario_campo,0,0,1,0
RC0000390,L000390,F0087,2025-05-06,TEC12,Si,8,1,1,0,1,1,0,0,-6.208547,-77.798846,formulario_campo,3,1,1,0
RC0000391,L000391,F0067,2026-02-20,TEC04,No_se_sabe,-1,0,0,0,0,0,1,1,-6.267635,-77.767991,cola_kafka,0,0,0,1
RC0000392,L000392,F0067,2025-11-01,TEC12,Si,39,0,1,0,0,1,1,1,-6.266454,-77.767782,formulario_campo,1,0,1,0
RC0000393,L000393,F0111,2025-05-14,TEC12,No,-1,0,0,0,0,0,0,0,-6.236738,-77.857508,cola_kafka,0,0,0,0
RC0000394,L000394,F0002,2026-08-11,TEC09,No,-1,1,1,1,0,1,0,0,-6.219854,-77.931282,dashboard_acopio,3,1,0,0
RC0000395,L000395,F0025,2025-04-07,TEC06,No,-1,0,0,0,0,0,1,1,-6.231605,-77.956329,formulario_campo,0,0,0,0
RC0000396,L000396,F0116,2026-04-18,TEC03,No,-1,1,0,1,1,1,0,0,-6.226611,-77.847753,formulario_campo,3,1,0,0
RC0000397,L000397,F0091,2025-09-16,TEC01,No,-1,1,1,1,1,1,0,0,-6.221308,-77.877603,dashboard_acopio,4,1,0,0
RC0000398,L000398,F0072,2026-05-13,TEC03,No_se_sabe,-1,1,0,0,0,1,1,1,-6.084245,-77.827713,formulario_campo,1,0,0,1
RC0000399,L000399,F0066,2025-06-03,TEC11,Si,43,0,0,0,1,1,1,1,-6.262401,-77.809413,dashboard_acopio,1,0,1,0
RC0000400,L000400,F0084,2025-07-26,TEC09,Si,26,0,0,1,1,1,1,1,-6.173203,-77.85774,dashboard_acopio,2,0,1,0
RC0000401,L000401,F0053,2025-09-13,TEC05,Si,30,0,0,0,1,1,1,1,-6.25955,-77.903265,formulario_campo,1,0,1,0
RC0000402,L000402,F0096,2026-04-08,TEC11,No,-1,0,0,0,0,0,1,1,-6.148028,-77.809238,formulario_campo,0,0,0,0
RC0000403,L000403,F0051,2025-06-06,TEC02,No,-1,1,0,0,0,1,1,1,-6.225481,-77.932121,formulario_campo,1,0,0,0
RC0000404,L000404,F0002,2026-05-04,TEC02,No,-1,1,0,0,1,1,1,1,-6.219325,-77.931522,dashboard_acopio,2,0,0,0
RC0000405,L000405,F0027,2025-05-25,TEC04,No,-1,0,1,1,1,1,1,0,-6.277806,-77.792445,formulario_campo,3,0,0,0
RC0000406,L000406,F0038,2026-05-27,TEC07,No,-1,0,0,0,0,0,1,1,-6.242558,-77.856358,formulario_campo,0,0,0,0
RC0000407,L000407,F0063,2026-06-18,TEC08,No,-1,0,0,0,0,0,1,1,-6.241569,-77.958432,formulario_campo,0,0,0,0
RC0000408,L000408,F0112,2025-11-05,TEC10,No,-1,0,0,0,0,0,0,1,-6.276829,-77.860461,formulario_campo,0,0,0,0
RC0000409,L000409,F0020,2026-08-14,TEC09,No,-1,1,0,1,1,1,1,0,-6.20313,-77.891141,formulario_campo,3,0,0,0
RC0000410,L000410,F0056,2025-05-24,TEC06,No_se_sabe,-1,0,0,0,0,0,1,1,-6.207775,-77.901868,formulario_campo,0,0,0,1
RC0000411,L000411,F0111,2026-08-20,TEC05,No,-1,0,0,0,0,0,1,0,-6.236484,-77.858147,formulario_campo,0,0,0,0
RC0000412,L000412,F0087,2025-09-14,TEC11,Si,13,0,0,0,0,0,0,1,-6.209109,-77.797605,formulario_campo,0,0,1,0
RC0000413,L000413,F0064,2025-01-02,TEC05,Si,41,0,0,0,1,1,1,1,-6.272841,-77.803356,cola_kafka,1,0,1,0
RC0000414,L000414,F0094,2026-08-30,TEC02,No_se_sabe,-1,1,0,0,0,1,0,1,-6.26907,-77.941881,cola_kafka,1,1,0,1
RC0000415,L000415,F0047,2025-07-19,TEC08,No_se_sabe,-1,0,0,1,0,1,1,1,-6.18871,-77.797516,dashboard_acopio,1,0,0,1
RC0000416,L000416,F0007,2025-09-23,TEC12,Si,8,1,0,1,1,1,1,0,-6.197714,-77.905123,formulario_campo,3,0,1,0
RC0000417,L000417,F0069,2025-07-31,TEC07,Si,18,1,1,1,1,1,0,0,-6.317478,-77.833938,formulario_campo,4,1,1,0
RC0000418,L000418,F0105,2025-04-16,TEC01,Si,42,0,1,1,0,1,1,0,-6.236091,-77.8799,cola_kafka,2,0,1,0
RC0000419,L000419,F0103,2026-05-28,TEC06,Si,18,1,1,0,0,1,1,0,-6.177543,-77.916647,cola_kafka,2,0,1,0
RC0000420,L000420,F0116,2025-05-27,TEC10,Si,15,1,0,0,0,1,1,1,-6.225668,-77.849288,formulario_campo,1,0,1,0
RC0000421,L000421,F0087,2025-04-01,TEC01,No,-1,0,0,1,0,1,1,1,-6.208959,-77.798686,formulario_campo,1,0,0,0
RC0000422,L000422,F0090,2025-05-21,TEC10,No,-1,0,0,0,1,1,1,1,-6.199053,-77.817341,dashboard_acopio,1,0,0,0
RC0000423,L000423,F0001,2025-09-22,TEC10,No,-1,0,0,0,1,1,1,1,-6.236433,-77.780515,dashboard_acopio,1,0,0,0
RC0000424,L000424,F0003,2025-04-17,TEC11,Si,14,1,0,0,0,1,1,1,-6.214655,-77.819732,dashboard_acopio,1,0,1,0
RC0000425,L000425,F0028,2025-06-02,TEC12,No,-1,1,0,1,0,1,1,1,-6.233242,-77.852249,formulario_campo,2,0,0,0
RC0000426,L000426,F0002,2026-04-04,TEC03,Si,26,0,1,1,1,1,1,0,-6.219469,-77.932223,formulario_campo,3,0,1,0
RC0000427,L000427,F0090,2025-11-08,TEC05,No,-1,0,0,1,0,1,1,1,-6.198556,-77.818198,dashboard_acopio,1,0,0,0
RC0000428,L000428,F0004,2026-08-17,TEC03,No,-1,1,0,1,0,1,1,1,-6.260058,-77.96355,formulario_campo,2,0,0,0
RC0000429,L000429,F0014,2025-09-23,TEC05,Si,18,1,0,0,1,1,1,0,-6.252092,-77.79852,formulario_campo,2,0,1,0
RC0000430,L000430,F0059,2025-05-20,TEC09,No_se_sabe,-1,0,1,0,1,1,0,1,-6.248402,-77.973052,formulario_campo,2,0,0,1
RC0000431,L000431,F0068,2025-08-24,TEC09,Si,3,1,1,0,0,1,0,0,-6.154163,-77.881031,formulario_campo,2,1,1,0
RC0000432,L000432,F0069,2026-08-27,TEC10,Si,20,0,0,1,0,1,1,1,-6.317604,-77.834513,cola_kafka,1,0,1,0
RC0000433,L000433,F0086,2026-06-19,TEC01,Si,24,0,1,1,0,1,1,1,-6.218772,-77.925728,formulario_campo,2,0,1,0
RC0000434,L000434,F0059,2025-05-07,TEC03,Si,4,0,0,0,1,1,0,1,-6.249057,-77.973849,dashboard_acopio,1,0,1,0
RC0000435,L000435,F0103,2025-04-25,TEC09,Si,17,1,1,0,0,1,0,0,-6.177953,-77.916668,formulario_campo,2,1,1,0
RC0000436,L000436,F0049,2026-04-30,TEC07,No,-1,0,0,1,0,1,1,1,-6.194397,-77.914863,formulario_campo,1,0,0,0
RC0000437,L000437,F0088,2026-08-18,TEC12,No_se_sabe,-1,0,1,1,1,1,1,1,-6.277943,-77.844682,dashboard_acopio,3,0,0,1
RC0000438,L000438,F0085,2026-08-30,TEC12,Si,15,1,0,1,0,1,0,0,-6.275767,-77.854621,dashboard_acopio,2,1,1,0
RC0000439,L000439,F0039,2026-04-08,TEC06,No_se_sabe,-1,0,0,0,0,0,1,0,-6.22036,-77.782547,formulario_campo,0,0,0,1
RC0000440,L000440,F0094,2025-08-20,TEC02,No,-1,0,1,0,0,1,1,0,-6.268702,-77.940455,formulario_campo,1,0,0,0
RC0000441,L000441,F0007,2025-06-18,TEC05,No_se_sabe,-1,0,0,0,0,0,1,1,-6.197221,-77.904859,formulario_campo,0,0,0,1
RC0000442,L000442,F0104,2026-05-16,TEC08,Si,12,0,0,1,0,1,1,1,-6.208959,-77.86227,formulario_campo,1,0,1,0
RC0000443,L000443,F0108,2025-07-14,TEC07,Si,19,0,0,0,0,0,0,1,-6.216895,-77.820482,dashboard_acopio,0,0,1,0
RC0000444,L000444,F0074,2026-08-24,TEC12,No,-1,0,0,0,0,0,1,1,-6.273201,-77.869587,formulario_campo,0,0,0,0
RC0000445,L000445,F0034,2026-06-29,TEC05,No_se_sabe,-1,1,0,0,0,1,1,1,-6.210969,-77.885039,formulario_campo,1,0,0,1
RC0000446,L000446,F0040,2026-07-11,TEC12,No_se_sabe,-1,0,0,1,1,1,0,0,-6.172364,-77.909093,formulario_campo,2,0,0,1
RC0000447,L000447,F0039,2025-09-18,TEC05,No_se_sabe,-1,0,1,0,0,1,1,1,-6.22069,-77.782095,dashboard_acopio,1,0,0,1
RC0000448,L000448,F0070,2025-06-23,TEC03,No,-1,0,0,0,0,0,1,1,-6.189959,-77.847255,dashboard_acopio,0,0,0,0
RC0000449,L000449,F0096,2026-03-02,TEC10,Si,22,0,1,0,0,1,1,1,-6.147514,-77.80952,formulario_campo,1,0,1,0
RC0000450,L000450,F0069,2025-04-05,TEC05,Si,44,1,0,0,1,1,1,0,-6.317127,-77.834573,dashboard_acopio,2,0,1,0
RC0000451,L000451,F0068,2025-06-30,TEC10,No_se_sabe,-1,0,0,0,0,0,1,1,-6.153469,-77.879771,cola_kafka,0,0,0,1
RC0000452,L000452,F0104,2026-06-26,TEC02,No_se_sabe,-1,0,0,0,0,0,1,1,-6.209361,-77.862207,cola_kafka,0,0,0,1
RC0000453,L000453,F0030,2026-07-07,TEC01,Si,29,1,1,1,1,1,0,0,-6.208268,-77.905338,dashboard_acopio,4,1,1,0
RC0000454,L000454,F0010,2025-12-06,TEC05,No,-1,1,1,1,1,1,0,0,-6.258831,-77.875606,cola_kafka,4,1,0,0
RC0000455,L000455,F0088,2026-05-11,TEC01,No,-1,1,0,0,0,1,1,0,-6.276873,-77.843429,cola_kafka,1,0,0,0
RC0000456,L000456,F0021,2026-05-04,TEC05,No,-1,0,0,1,1,1,1,1,-6.289048,-77.862572,formulario_campo,2,0,0,0
RC0000457,L000457,F0028,2025-05-27,TEC09,Si,14,1,0,1,0,1,0,0,-6.232763,-77.853888,dashboard_acopio,2,1,1,0
RC0000458,L000458,F0022,2025-08-04,TEC05,No_se_sabe,-1,1,0,0,1,1,1,0,-6.253743,-77.857591,dashboard_acopio,2,0,0,1
RC0000459,L000459,F0034,2025-01-22,TEC03,Si,9,1,0,0,0,1,1,1,-6.210568,-77.884284,formulario_campo,1,0,1,0
RC0000460,L000460,F0096,2025-05-08,TEC04,Si,4,1,0,0,0,1,1,1,-6.147481,-77.810545,formulario_campo,1,0,1,0
RC0000461,L000461,F0082,2025-08-09,TEC10,Si,39,1,0,1,0,1,1,0,-6.194506,-77.869198,formulario_campo,2,0,1,0
RC0000462,L000462,F0053,2025-07-17,TEC12,Si,38,1,0,0,0,1,0,1,-6.25863,-77.902939,formulario_campo,1,1,1,0
RC0000463,L000463,F0007,2026-08-09,TEC06,Si,28,1,0,0,0,1,0,0,-6.196747,-77.904547,formulario_campo,1,1,1,0
RC0000464,L000464,F0105,2025-09-27,TEC06,No,-1,1,0,0,0,1,1,1,-6.237537,-77.879506,formulario_campo,1,0,0,0
RC0000465,L000465,F0114,2025-08-11,TEC07,Si,4,1,0,0,0,1,0,0,-6.301744,-77.84989,cola_kafka,1,1,1,0
RC0000466,L000466,F0050,2026-05-08,TEC08,Si,9,0,1,1,1,1,0,0,-6.300694,-77.914853,dashboard_acopio,3,0,1,0
RC0000467,L000467,F0022,2026-04-26,TEC11,Si,15,0,1,0,0,1,0,0,-6.253416,-77.857178,cola_kafka,1,0,1,0
RC0000468,L000468,F0017,2025-05-12,TEC08,No,-1,1,0,0,0,1,0,0,-6.271333,-77.856095,formulario_campo,1,1,0,0
RC0000469,L000469,F0019,2025-07-10,TEC04,Si,43,0,1,1,0,1,0,0,-6.227386,-77.860467,formulario_campo,2,0,1,0
RC0000470,L000470,F0072,2026-05-24,TEC07,Si,35,0,1,0,0,1,1,1,-6.083751,-77.827899,cola_kafka,1,0,1,0
RC0000471,L000471,F0105,2026-08-21,TEC02,Si,29,1,0,0,0,1,0,1,-6.237234,-77.878492,formulario_campo,1,1,1,0
RC0000472,L000472,F0120,2025-10-16,TEC04,No,-1,0,0,1,0,1,1,1,-6.221477,-77.874685,formulario_campo,1,0,0,0
RC0000473,L000473,F0016,2025-08-05,TEC04,Si,36,1,0,0,0,1,0,0,-6.244795,-77.875843,formulario_campo,1,1,1,0
RC0000474,L000474,F0005,2025-07-07,TEC02,No,-1,0,0,0,0,0,0,0,-6.205343,-77.89677,formulario_campo,0,0,0,0
RC0000475,L000475,F0076,2025-04-17,TEC07,Si,1,0,1,1,1,1,1,0,-6.313773,-77.907632,formulario_campo,3,0,1,0
RC0000476,L000476,F0001,2026-05-06,TEC08,No,-1,1,0,0,0,1,0,0,-6.236622,-77.781015,cola_kafka,1,1,0,0
RC0000477,L000477,F0072,2026-06-19,TEC11,No,-1,0,0,0,0,0,1,1,-6.08375,-77.827772,formulario_campo,0,0,0,0
RC0000478,L000478,F0003,2025-04-18,TEC07,Si,13,0,1,1,1,1,1,0,-6.215556,-77.820381,cola_kafka,3,0,1,0
RC0000479,L000479,F0098,2026-06-20,TEC06,No,-1,0,1,0,0,1,0,0,-6.211583,-77.89834,formulario_campo,1,0,0,0
RC0000480,L000480,F0009,2025-04-02,TEC02,Si,35,0,0,0,1,1,1,1,-6.273408,-77.825997,formulario_campo,1,0,1,0
RC0000481,L000481,F0089,2025-05-04,TEC05,No_se_sabe,-1,0,0,1,0,1,1,1,-6.214316,-77.849546,dashboard_acopio,1,0,0,1
RC0000482,L000482,F0109,2026-04-26,TEC11,Si,11,0,0,0,0,0,1,0,-6.251277,-77.891689,cola_kafka,0,0,1,0
RC0000483,L000483,F0105,2025-02-06,TEC08,No,-1,0,0,0,0,0,1,1,-6.236834,-77.880255,cola_kafka,0,0,0,0
RC0000484,L000484,F0020,2025-07-05,TEC06,No,-1,1,1,0,0,1,1,1,-6.203416,-77.891067,dashboard_acopio,2,0,0,0
RC0000485,L000485,F0108,2025-07-08,TEC08,No_se_sabe,-1,1,1,0,0,1,1,0,-6.216222,-77.820018,cola_kafka,2,0,0,1
RC0000486,L000486,F0005,2026-06-04,TEC01,No,-1,1,1,0,0,1,1,0,-6.204729,-77.896864,cola_kafka,2,0,0,0
RC0000487,L000487,F0063,2026-05-24,TEC09,No,-1,1,0,0,1,1,0,0,-6.243208,-77.957727,cola_kafka,2,1,0,0
RC0000488,L000488,F0043,2026-07-03,TEC07,No,-1,0,0,0,0,0,1,1,-6.17359,-77.945093,formulario_campo,0,0,0,0
RC0000489,L000489,F0072,2025-04-13,TEC03,Si,14,0,0,1,0,1,1,1,-6.082708,-77.829225,formulario_campo,1,0,1,0
RC0000490,L000490,F0082,2025-02-14,TEC06,Si,44,0,1,1,0,1,0,0,-6.195515,-77.870648,formulario_campo,2,0,1,0
RC0000491,L000491,F0047,2025-07-09,TEC09,Si,38,0,0,1,0,1,0,0,-6.18832,-77.79704,formulario_campo,1,0,1,0
RC0000492,L000492,F0081,2025-04-14,TEC11,No,-1,0,0,0,0,0,1,0,-6.149097,-77.93992,formulario_campo,0,0,0,0
RC0000493,L000493,F0062,2026-06-19,TEC08,No_se_sabe,-1,1,0,1,1,1,1,1,-6.196165,-77.846069,formulario_campo,3,0,0,1
RC0000494,L000494,F0050,2025-09-14,TEC09,No,-1,1,0,0,1,1,1,1,-6.299794,-77.915139,formulario_campo,2,0,0,0
RC0000495,L000495,F0091,2025-11-15,TEC10,No_se_sabe,-1,0,1,0,1,1,0,0,-6.220374,-77.877379,formulario_campo,2,0,0,1
RC0000496,L000496,F0112,2026-07-19,TEC03,Si,36,1,1,0,0,1,0,0,-6.275645,-77.862655,dashboard_acopio,2,1,1,0
RC0000497,L000497,F0042,2025-09-20,TEC09,No,-1,1,0,1,0,1,1,0,-6.208035,-77.965224,dashboard_acopio,2,0,0,0
RC0000498,L000498,F0091,2025-05-17,TEC05,No,-1,0,0,0,1,1,1,1,-6.221299,-77.87649,dashboard_acopio,1,0,0,0
RC0000499,L000499,F0049,2026-04-08,TEC06,No,-1,0,1,1,1,1,0,0,-6.195447,-77.915887,formulario_campo,3,0,0,0
RC0000500,L000500,F0006,2026-06-25,TEC05,No,-1,0,1,0,0,1,1,1,-6.231087,-77.791361,formulario_campo,1,0,0,0
RC0000501,L000501,F0098,2026-04-30,TEC10,Si,8,0,0,1,0,1,1,1,-6.211398,-77.898049,formulario_campo,1,0,1,0
RC0000502,L000502,F0093,2026-05-01,TEC12,No_se_sabe,-1,0,0,0,0,0,0,1,-6.244903,-77.905086,cola_kafka,0,0,0,1
RC0000503,L000503,F0088,2025-04-14,TEC09,No_se_sabe,-1,1,1,1,0,1,1,0,-6.276817,-77.843159,cola_kafka,3,0,0,1
RC0000504,L000504,F0004,2026-06-14,TEC05,No_se_sabe,-1,1,1,0,1,1,1,0,-6.26042,-77.963476,formulario_campo,3,0,0,1
RC0000505,L000505,F0031,2025-04-29,TEC04,Si,29,0,1,0,0,1,1,0,-6.246141,-77.929549,formulario_campo,1,0,1,0
RC0000506,L000506,F0045,2025-04-18,TEC11,No_se_sabe,-1,1,0,0,0,1,1,1,-6.249768,-77.829534,dashboard_acopio,1,0,0,1
RC0000507,L000507,F0063,2026-02-09,TEC12,No_se_sabe,-1,1,0,1,1,1,0,0,-6.241811,-77.958072,formulario_campo,3,1,0,1
RC0000508,L000508,F0005,2025-07-17,TEC06,Si,17,0,1,0,1,1,1,1,-6.204619,-77.896651,cola_kafka,2,0,1,0
RC0000509,L000509,F0045,2025-07-17,TEC11,No_se_sabe,-1,1,0,1,1,1,1,1,-6.249629,-77.829247,formulario_campo,3,0,0,1
RC0000510,L000510,F0049,2025-07-10,TEC03,No,-1,0,1,1,0,1,1,0,-6.195064,-77.916047,dashboard_acopio,2,0,0,0
RC0000511,L000511,F0119,2025-04-20,TEC08,No,-1,0,0,0,1,1,1,0,-6.22046,-77.901386,dashboard_acopio,1,0,0,0
RC0000512,L000512,F0050,2026-03-11,TEC05,No,-1,0,0,1,0,1,1,1,-6.299045,-77.915547,formulario_campo,1,0,0,0
RC0000513,L000513,F0093,2025-10-25,TEC04,Si,17,0,0,0,0,0,1,1,-6.24421,-77.905413,cola_kafka,0,0,1,0
RC0000514,L000514,F0062,2026-05-16,TEC07,No,-1,0,0,1,0,1,1,1,-6.195007,-77.845067,formulario_campo,1,0,0,0
RC0000515,L000515,F0103,2025-04-15,TEC09,Si,43,1,1,1,0,1,1,0,-6.178226,-77.916512,formulario_campo,3,0,1,0
RC0000516,L000516,F0059,2025-06-09,TEC05,Si,6,1,0,0,0,1,0,0,-6.249774,-77.974106,formulario_campo,1,1,1,0
RC0000517,L000517,F0098,2026-08-15,TEC04,No_se_sabe,-1,0,0,1,1,1,0,0,-6.211796,-77.89882,dashboard_acopio,2,0,0,1
RC0000518,L000518,F0008,2025-04-01,TEC12,No_se_sabe,-1,0,0,1,1,1,1,1,-6.279781,-77.904808,formulario_campo,2,0,0,1
RC0000519,L000519,F0031,2025-01-26,TEC05,No,-1,1,0,1,1,1,0,0,-6.245475,-77.930288,formulario_campo,3,1,0,0
RC0000520,L000520,F0051,2026-05-05,TEC10,Si,41,0,1,0,1,1,1,1,-6.226814,-77.931499,formulario_campo,2,0,1,0
RC0000521,L000521,F0106,2025-08-24,TEC02,Si,32,0,0,0,1,1,0,0,-6.253582,-77.838713,formulario_campo,1,0,1,0
RC0000522,L000522,F0077,2025-05-09,TEC06,No,-1,0,0,1,1,1,0,0,-6.226561,-77.836248,formulario_campo,2,0,0,0
RC0000523,L000523,F0103,2025-07-08,TEC07,Si,17,0,0,1,0,1,1,0,-6.177679,-77.916685,formulario_campo,1,0,1,0
RC0000524,L000524,F0112,2025-09-12,TEC06,Si,17,1,0,0,0,1,1,1,-6.276021,-77.861347,formulario_campo,1,0,1,0
RC0000525,L000525,F0077,2025-08-15,TEC10,No,-1,1,0,1,1,1,0,0,-6.226658,-77.836713,formulario_campo,3,1,0,0
RC0000526,L000526,F0020,2025-01-14,TEC01,No,-1,0,0,0,0,0,0,0,-6.203404,-77.891794,formulario_campo,0,0,0,0
RC0000527,L000527,F0076,2026-01-24,TEC01,No,-1,0,0,0,1,1,1,1,-6.315183,-77.909015,dashboard_acopio,1,0,0,0
RC0000528,L000528,F0062,2025-05-24,TEC04,No_se_sabe,-1,1,1,0,0,1,0,0,-6.195364,-77.845499,dashboard_acopio,2,1,0,1
RC0000529,L000529,F0008,2026-06-01,TEC12,Si,14,1,1,1,1,1,0,1,-6.279738,-77.904342,formulario_campo,4,1,1,0
RC0000530,L000530,F0091,2026-05-10,TEC12,No,-1,1,0,0,1,1,1,1,-6.219637,-77.87588,cola_kafka,2,0,0,0
RC0000531,L000531,F0099,2025-06-14,TEC07,Si,28,1,0,0,0,1,1,0,-6.175932,-77.805459,cola_kafka,1,0,1,0
RC0000532,L000532,F0025,2025-06-02,TEC10,No,-1,1,0,0,0,1,0,0,-6.231914,-77.954157,formulario_campo,1,1,0,0
RC0000533,L000533,F0003,2025-09-30,TEC12,Si,6,0,0,1,0,1,1,1,-6.215604,-77.820072,formulario_campo,1,0,1,0
RC0000534,L000534,F0091,2025-06-07,TEC05,Si,17,0,0,0,0,0,1,1,-6.220194,-77.877014,formulario_campo,0,0,1,0
RC0000535,L000535,F0089,2025-06-24,TEC09,No_se_sabe,-1,0,1,0,0,1,1,0,-6.213793,-77.848793,dashboard_acopio,1,0,0,1
RC0000536,L000536,F0047,2026-04-29,TEC09,No_se_sabe,-1,0,0,0,0,0,1,1,-6.188944,-77.798436,dashboard_acopio,0,0,0,1
RC0000537,L000537,F0001,2026-06-05,TEC07,No_se_sabe,-1,0,0,1,0,1,1,1,-6.238436,-77.779697,cola_kafka,1,0,0,1
RC0000538,L000538,F0074,2025-04-21,TEC01,No,-1,1,1,0,0,1,1,1,-6.272753,-77.870091,cola_kafka,2,0,0,0
RC0000539,L000539,F0086,2026-07-20,TEC05,Si,15,0,0,1,0,1,0,0,-6.219286,-77.925739,formulario_campo,1,0,1,0
RC0000540,L000540,F0039,2026-04-13,TEC08,Si,11,0,1,1,0,1,1,0,-6.219865,-77.782452,cola_kafka,2,0,1,0
RC0000541,L000541,F0050,2025-07-21,TEC06,Si,19,0,0,0,0,0,1,1,-6.299689,-77.914395,formulario_campo,0,0,1,0
RC0000542,L000542,F0044,2026-08-01,TEC05,No_se_sabe,-1,0,0,0,0,0,0,1,-6.31638,-77.889453,cola_kafka,0,0,0,1
RC0000543,L000543,F0119,2025-04-08,TEC09,Si,1,1,0,1,0,1,0,0,-6.219509,-77.900126,dashboard_acopio,2,1,1,0
RC0000544,L000544,F0034,2025-05-20,TEC06,Si,29,0,0,1,0,1,1,1,-6.211459,-77.884349,formulario_campo,1,0,1,0
RC0000545,L000545,F0059,2026-04-16,TEC04,No_se_sabe,-1,0,0,0,1,1,0,1,-6.248312,-77.973159,cola_kafka,1,0,0,1
RC0000546,L000546,F0025,2026-06-27,TEC12,Si,20,0,0,1,0,1,1,1,-6.231424,-77.956984,dashboard_acopio,1,0,1,0
RC0000547,L000547,F0042,2025-12-19,TEC09,No,-1,1,1,1,0,1,0,0,-6.208379,-77.965596,formulario_campo,3,1,0,0
RC0000548,L000548,F0047,2025-06-19,TEC06,Si,36,1,1,0,1,1,0,0,-6.189637,-77.798017,cola_kafka,3,1,1,0
RC0000549,L000549,F0106,2026-06-13,TEC01,No,-1,0,0,0,0,0,1,1,-6.253105,-77.838126,dashboard_acopio,0,0,0,0
RC0000550,L000550,F0003,2025-09-11,TEC12,No,-1,1,0,0,0,1,0,1,-6.214728,-77.820273,dashboard_acopio,1,1,0,0
RC0000551,L000551,F0086,2025-05-08,TEC03,Si,44,1,1,0,0,1,0,1,-6.219236,-77.925368,dashboard_acopio,2,1,1,0
RC0000552,L000552,F0090,2025-05-11,TEC09,No_se_sabe,-1,1,0,1,0,1,0,1,-6.19834,-77.818397,dashboard_acopio,2,1,0,1
RC0000553,L000553,F0119,2025-05-02,TEC05,No_se_sabe,-1,1,0,0,1,1,0,0,-6.221243,-77.900368,dashboard_acopio,2,1,0,1
RC0000554,L000554,F0090,2025-05-15,TEC07,Si,25,1,0,1,0,1,1,1,-6.198475,-77.818646,formulario_campo,2,0,1,0
RC0000555,L000555,F0044,2026-08-17,TEC01,No,-1,1,0,0,0,1,1,0,-6.316098,-77.890429,cola_kafka,1,0,0,0
RC0000556,L000556,F0062,2026-02-27,TEC11,No,-1,0,1,0,1,1,1,0,-6.195721,-77.845143,formulario_campo,2,0,0,0
RC0000557,L000557,F0081,2026-05-07,TEC04,Si,2,0,1,1,1,1,1,0,-6.149488,-77.94057,cola_kafka,3,0,1,0
RC0000558,L000558,F0106,2026-07-30,TEC12,No_se_sabe,-1,1,1,1,0,1,1,0,-6.252624,-77.837887,formulario_campo,3,0,0,1
RC0000559,L000559,F0008,2025-09-05,TEC08,No_se_sabe,-1,0,0,1,0,1,1,0,-6.279898,-77.903323,formulario_campo,1,0,0,1
RC0000560,L000560,F0001,2026-07-15,TEC09,No,-1,0,0,0,1,1,0,1,-6.236569,-77.781704,dashboard_acopio,1,0,0,0
RC0000561,L000561,F0029,2026-08-19,TEC01,No,-1,0,0,1,1,1,1,0,-6.193739,-77.843247,cola_kafka,2,0,0,0
RC0000562,L000562,F0085,2025-07-02,TEC07,No,-1,0,1,0,0,1,1,1,-6.276404,-77.854101,dashboard_acopio,1,0,0,0
RC0000563,L000563,F0044,2026-07-24,TEC05,No,-1,1,0,1,0,1,0,0,-6.316936,-77.890191,dashboard_acopio,2,1,0,0
RC0000564,L000564,F0024,2025-09-07,TEC02,No,-1,0,0,0,0,0,1,1,-6.336071,-77.802576,formulario_campo,0,0,0,0
RC0000565,L000565,F0047,2026-06-03,TEC02,Si,27,0,1,0,0,1,0,0,-6.18952,-77.797124,cola_kafka,1,0,1,0
RC0000566,L000566,F0055,2025-10-05,TEC08,Si,30,0,0,1,0,1,0,0,-6.241656,-77.879469,formulario_campo,1,0,1,0
RC0000567,L000567,F0043,2025-04-25,TEC10,No_se_sabe,-1,0,0,1,1,1,1,1,-6.17138,-77.945646,cola_kafka,2,0,0,1
RC0000568,L000568,F0033,2025-08-27,TEC11,Si,8,0,0,0,0,0,1,1,-6.206227,-77.893563,cola_kafka,0,0,1,0
RC0000569,L000569,F0099,2025-06-25,TEC06,No_se_sabe,-1,1,1,0,0,1,1,0,-6.174873,-77.806123,formulario_campo,2,0,0,1
RC0000570,L000570,F0063,2026-08-29,TEC05,Si,44,1,1,0,0,1,0,0,-6.241762,-77.958012,formulario_campo,2,1,1,0
RC0000571,L000571,F0085,2026-05-15,TEC05,No,-1,1,1,0,1,1,1,0,-6.27567,-77.854747,formulario_campo,3,0,0,0
RC0000572,L000572,F0017,2025-07-28,TEC10,No_se_sabe,-1,0,1,1,0,1,1,0,-6.271752,-77.855944,cola_kafka,2,0,0,1
RC0000573,L000573,F0104,2026-05-13,TEC03,Si,39,0,0,1,0,1,0,0,-6.209108,-77.862436,formulario_campo,1,0,1,0
RC0000574,L000574,F0005,2025-04-21,TEC06,No,-1,0,1,0,1,1,1,0,-6.204811,-77.897606,formulario_campo,2,0,0,0
RC0000575,L000575,F0022,2025-07-25,TEC05,No_se_sabe,-1,0,1,1,1,1,1,0,-6.252756,-77.858399,dashboard_acopio,3,0,0,1
RC0000576,L000576,F0053,2025-06-10,TEC10,No_se_sabe,-1,0,0,0,1,1,1,1,-6.258684,-77.904831,dashboard_acopio,1,0,0,1
RC0000577,L000577,F0106,2025-09-23,TEC09,Si,37,1,0,0,0,1,1,1,-6.252485,-77.837508,cola_kafka,1,0,1,0
RC0000578,L000578,F0102,2026-06-11,TEC11,Si,8,0,0,0,0,0,1,1,-6.276468,-77.9433,dashboard_acopio,0,0,1,0
RC0000579,L000579,F0073,2025-06-01,TEC02,No_se_sabe,-1,0,1,0,0,1,1,1,-6.195563,-77.918019,formulario_campo,1,0,0,1
RC0000580,L000580,F0112,2026-04-16,TEC08,No,-1,0,0,1,0,1,1,0,-6.276112,-77.861085,formulario_campo,1,0,0,0
RC0000581,L000581,F0072,2025-06-01,TEC01,No,-1,0,0,0,1,1,1,0,-6.082729,-77.828253,formulario_campo,1,0,0,0
RC0000582,L000582,F0029,2025-12-17,TEC02,Si,27,0,0,1,0,1,1,1,-6.193842,-77.8434,formulario_campo,1,0,1,0
RC0000583,L000583,F0101,2025-05-20,TEC05,No,-1,1,1,1,1,1,0,0,-6.335821,-77.859536,dashboard_acopio,4,1,0,0
RC0000584,L000584,F0010,2026-08-30,TEC01,No,-1,0,0,0,0,0,0,1,-6.258855,-77.875214,dashboard_acopio,0,0,0,0
RC0000585,L000585,F0070,2025-04-11,TEC04,No,-1,0,0,0,0,0,1,1,-6.18919,-77.846516,formulario_campo,0,0,0,0
RC0000586,L000586,F0096,2025-10-08,TEC11,Si,40,0,0,1,0,1,0,0,-6.147236,-77.810303,formulario_campo,1,0,1,0
RC0000587,L000587,F0095,2026-08-22,TEC04,No_se_sabe,-1,1,0,1,0,1,0,0,-6.28002,-77.861479,formulario_campo,2,1,0,1
RC0000588,L000588,F0043,2025-06-14,TEC10,No,-1,1,1,1,0,1,1,0,-6.172818,-77.944568,cola_kafka,3,0,0,0
RC0000589,L000589,F0055,2026-06-23,TEC04,No,-1,0,0,0,0,0,1,1,-6.242843,-77.879879,dashboard_acopio,0,0,0,0
RC0000590,L000590,F0071,2025-10-07,TEC03,Si,24,1,0,0,1,1,0,1,-6.236066,-77.870736,cola_kafka,2,1,1,0
RC0000591,L000591,F0074,2025-12-24,TEC09,No,-1,0,1,1,1,1,1,0,-6.273196,-77.868791,formulario_campo,3,0,0,0
RC0000592,L000592,F0062,2025-07-17,TEC08,No,-1,0,0,1,1,1,0,0,-6.195181,-77.847055,dashboard_acopio,2,0,0,0
RC0000593,L000593,F0044,2026-04-16,TEC08,Si,43,1,0,0,1,1,1,1,-6.316653,-77.88983,formulario_campo,2,0,1,0
RC0000594,L000594,F0040,2025-09-12,TEC10,No,-1,0,0,0,0,0,0,0,-6.173619,-77.908477,formulario_campo,0,0,0,0
RC0000595,L000595,F0094,2026-08-12,TEC04,No_se_sabe,-1,1,1,1,1,1,1,0,-6.268672,-77.941205,cola_kafka,4,0,0,1
RC0000596,L000596,F0021,2025-06-01,TEC05,No,-1,0,0,1,0,1,0,0,-6.289505,-77.862122,cola_kafka,1,0,0,0
RC0000597,L000597,F0013,2026-08-21,TEC07,No,-1,0,0,1,1,1,1,1,-6.150299,-77.808087,cola_kafka,2,0,0,0
RC0000598,L000598,F0054,2025-05-20,TEC09,Si,17,1,1,1,0,1,0,0,-6.194814,-77.865582,formulario_campo,3,1,1,0
RC0000599,L000599,F0056,2025-04-04,TEC08,Si,37,1,0,0,0,1,1,1,-6.207925,-77.902077,dashboard_acopio,1,0,1,0
RC0000600,L000600,F0118,2025-09-21,TEC05,Si,37,1,1,1,0,1,0,0,-6.277479,-77.833424,formulario_campo,3,1,1,0
RC0000601,L000601,F0119,2025-09-10,TEC01,No_se_sabe,-1,1,1,1,0,1,0,0,-6.220459,-77.902543,dashboard_acopio,3,1,0,1
RC0000602,L000602,F0082,2025-08-13,TEC03,Si,22,0,0,1,1,1,1,1,-6.195287,-77.869034,formulario_campo,2,0,1,0
RC0000603,L000603,F0002,2025-08-22,TEC10,No,-1,1,1,0,0,1,0,0,-6.217012,-77.931459,formulario_campo,2,1,0,0
RC0000604,L000604,F0025,2026-05-09,TEC07,Si,23,0,1,0,0,1,0,0,-6.230928,-77.955767,formulario_campo,1,0,1,0
RC0000605,L000605,F0072,2026-08-12,TEC12,No,-1,0,0,0,0,0,0,1,-6.083932,-77.827493,dashboard_acopio,0,0,0,0
RC0000606,L000606,F0061,2026-06-13,TEC03,No_se_sabe,-1,0,1,1,1,1,0,0,-6.24328,-77.863596,formulario_campo,3,0,0,1
RC0000607,L000607,F0014,2025-04-28,TEC11,Si,35,1,0,0,1,1,1,1,-6.251772,-77.799205,formulario_campo,2,0,1,0
RC0000608,L000608,F0003,2025-04-17,TEC11,No_se_sabe,-1,0,0,1,1,1,1,1,-6.21492,-77.82016,cola_kafka,2,0,0,1
RC0000609,L000609,F0010,2026-05-09,TEC01,Si,37,1,1,0,0,1,0,0,-6.259764,-77.875907,dashboard_acopio,2,1,1,0
RC0000610,L000610,F0027,2026-08-27,TEC01,Si,9,0,0,0,0,0,1,1,-6.278169,-77.793221,formulario_campo,0,0,1,0
RC0000611,L000611,F0023,2026-07-12,TEC01,No,-1,0,0,1,1,1,1,1,-6.160251,-77.837154,formulario_campo,2,0,0,0
RC0000612,L000612,F0045,2025-09-29,TEC11,Si,33,0,0,0,1,1,1,0,-6.249637,-77.829114,dashboard_acopio,1,0,1,0
RC0000613,L000613,F0101,2025-09-06,TEC07,Si,32,1,0,0,1,1,0,0,-6.33549,-77.860105,dashboard_acopio,2,1,1,0
RC0000614,L000614,F0027,2026-04-05,TEC02,No_se_sabe,-1,0,0,0,0,0,1,1,-6.277938,-77.792029,dashboard_acopio,0,0,0,1
RC0000615,L000615,F0055,2025-05-26,TEC01,Si,13,0,0,0,1,1,1,1,-6.243182,-77.880141,formulario_campo,1,0,1,0
RC0000616,L000616,F0086,2026-05-08,TEC05,No_se_sabe,-1,1,1,0,1,1,0,0,-6.219055,-77.926274,dashboard_acopio,3,1,0,1
RC0000617,L000617,F0008,2025-04-03,TEC03,No_se_sabe,-1,0,0,0,0,0,1,1,-6.280247,-77.903827,formulario_campo,0,0,0,1
RC0000618,L000618,F0028,2026-05-29,TEC08,Si,41,0,0,1,1,1,1,1,-6.232806,-77.8533,cola_kafka,2,0,1,0
RC0000619,L000619,F0060,2025-06-02,TEC02,Si,7,0,0,1,1,1,1,1,-6.300464,-77.828844,formulario_campo,2,0,1,0
RC0000620,L000620,F0072,2025-05-06,TEC11,No_se_sabe,-1,1,0,0,1,1,1,1,-6.082987,-77.826661,formulario_campo,2,0,0,1
RC0000621,L000621,F0045,2025-05-25,TEC09,No_se_sabe,-1,1,0,0,0,1,1,1,-6.249286,-77.828526,cola_kafka,1,0,0,1
RC0000622,L000622,F0067,2025-09-04,TEC11,No,-1,1,0,0,1,1,1,1,-6.268418,-77.767291,dashboard_acopio,2,0,0,0
RC0000623,L000623,F0020,2025-02-17,TEC08,No,-1,0,0,1,1,1,1,0,-6.203891,-77.89203,formulario_campo,2,0,0,0
RC0000624,L000624,F0061,2025-07-31,TEC11,No_se_sabe,-1,1,0,0,1,1,1,1,-6.243848,-77.863516,dashboard_acopio,2,0,0,1
RC0000625,L000625,F0068,2026-04-24,TEC05,Si,5,0,0,1,1,1,0,0,-6.154426,-77.879948,dashboard_acopio,2,0,1,0
RC0000626,L000626,F0091,2026-07-24,TEC01,No,-1,0,1,0,0,1,0,0,-6.2193,-77.876758,formulario_campo,1,0,0,0
RC0000627,L000627,F0039,2026-06-25,TEC11,Si,15,1,1,1,1,1,0,0,-6.220542,-77.783132,dashboard_acopio,4,1,1,0
RC0000628,L000628,F0072,2025-09-30,TEC10,Si,30,1,1,0,0,1,1,0,-6.083917,-77.828346,formulario_campo,2,0,1,0
RC0000629,L000629,F0089,2025-07-20,TEC05,Si,41,0,0,0,1,1,1,1,-6.213319,-77.849931,cola_kafka,1,0,1,0
RC0000630,L000630,F0107,2025-09-11,TEC01,No_se_sabe,-1,1,0,1,1,1,0,0,-6.226978,-77.903944,formulario_campo,3,1,0,1
RC0000631,L000631,F0055,2025-06-26,TEC08,No,-1,0,0,1,1,1,1,1,-6.242679,-77.879433,dashboard_acopio,2,0,0,0
RC0000632,L000632,F0082,2026-05-04,TEC03,No_se_sabe,-1,0,0,0,0,0,1,0,-6.195046,-77.86954,dashboard_acopio,0,0,0,1
RC0000633,L000633,F0102,2025-09-17,TEC07,No_se_sabe,-1,1,1,0,0,1,1,1,-6.276688,-77.94351,formulario_campo,2,0,0,1
RC0000634,L000634,F0031,2025-04-17,TEC03,No,-1,0,0,0,0,0,0,1,-6.246036,-77.929544,formulario_campo,0,0,0,0
RC0000635,L000635,F0007,2026-05-08,TEC11,No,-1,0,1,0,1,1,1,1,-6.195868,-77.905509,formulario_campo,2,0,0,0
RC0000636,L000636,F0016,2025-04-18,TEC12,No_se_sabe,-1,1,0,1,0,1,1,0,-6.243835,-77.875961,formulario_campo,2,0,0,1
RC0000637,L000637,F0110,2025-08-31,TEC10,Si,33,1,0,0,1,1,0,0,-6.272634,-77.879457,formulario_campo,2,1,1,0
RC0000638,L000638,F0008,2026-08-07,TEC07,Si,6,0,0,0,0,0,1,1,-6.279926,-77.903819,dashboard_acopio,0,0,1,0
RC0000639,L000639,F0068,2026-05-11,TEC09,No,-1,0,1,1,0,1,0,0,-6.153888,-77.880585,formulario_campo,2,0,0,0
RC0000640,L000640,F0098,2026-05-19,TEC08,No,-1,1,0,1,0,1,1,1,-6.212495,-77.898486,dashboard_acopio,2,0,0,0
RC0000641,L000641,F0078,2025-01-03,TEC02,Si,14,1,1,0,0,1,0,0,-6.260566,-77.819196,dashboard_acopio,2,1,1,0
RC0000642,L000642,F0067,2026-05-02,TEC12,Si,34,1,1,1,0,1,0,0,-6.268135,-77.767448,cola_kafka,3,1,1,0
RC0000643,L000643,F0028,2025-08-05,TEC09,Si,31,1,1,1,1,1,0,0,-6.232328,-77.852711,dashboard_acopio,4,1,1,0
RC0000644,L000644,F0061,2026-03-20,TEC08,Si,16,0,0,1,0,1,1,1,-6.243299,-77.863615,cola_kafka,1,0,1,0
RC0000645,L000645,F0072,2025-07-01,TEC12,No,-1,0,0,0,0,0,1,1,-6.083528,-77.828167,formulario_campo,0,0,0,0
RC0000646,L000646,F0077,2025-09-29,TEC08,No,-1,1,1,1,0,1,0,0,-6.226269,-77.836608,dashboard_acopio,3,1,0,0
RC0000647,L000647,F0102,2025-05-18,TEC03,No,-1,0,0,0,0,0,0,1,-6.27683,-77.943044,formulario_campo,0,0,0,0
RC0000648,L000648,F0071,2026-05-01,TEC12,No,-1,1,0,0,0,1,1,1,-6.236263,-77.870023,formulario_campo,1,0,0,0
RC0000649,L000649,F0109,2026-08-17,TEC09,No,-1,1,0,1,0,1,0,0,-6.251599,-77.891598,cola_kafka,2,1,0,0
RC0000650,L000650,F0064,2026-05-04,TEC11,No_se_sabe,-1,0,0,0,0,0,0,1,-6.274141,-77.80325,dashboard_acopio,0,0,0,1
RC0000651,L000651,F0070,2026-08-10,TEC06,No_se_sabe,-1,0,1,1,0,1,0,0,-6.191048,-77.847466,formulario_campo,2,0,0,1
RC0000652,L000652,F0002,2025-09-01,TEC07,No,-1,0,0,1,0,1,1,1,-6.217746,-77.932279,dashboard_acopio,1,0,0,0
RC0000653,L000653,F0116,2026-06-20,TEC07,Si,43,0,0,1,0,1,0,1,-6.22552,-77.848659,dashboard_acopio,1,0,1,0
RC0000654,L000654,F0084,2026-04-26,TEC04,Si,6,0,1,1,1,1,0,0,-6.173195,-77.85781,cola_kafka,3,0,1,0
RC0000655,L000655,F0064,2025-08-14,TEC01,No_se_sabe,-1,1,0,0,0,1,1,1,-6.274108,-77.803914,cola_kafka,1,0,0,1
RC0000656,L000656,F0049,2025-02-10,TEC09,Si,33,0,0,1,0,1,1,1,-6.195313,-77.915237,dashboard_acopio,1,0,1,0
RC0000657,L000657,F0063,2025-08-22,TEC03,Si,24,0,0,0,0,0,0,1,-6.241732,-77.958521,formulario_campo,0,0,1,0
RC0000658,L000658,F0101,2025-04-16,TEC01,No_se_sabe,-1,0,0,0,1,1,1,1,-6.334851,-77.859417,formulario_campo,1,0,0,1
RC0000659,L000659,F0083,2025-07-01,TEC06,Si,34,1,1,1,0,1,0,0,-6.167643,-77.892132,dashboard_acopio,3,1,1,0
RC0000660,L000660,F0114,2025-08-10,TEC05,No_se_sabe,-1,0,1,1,0,1,0,0,-6.3001,-77.849704,formulario_campo,2,0,0,1
RC0000661,L000661,F0008,2026-05-15,TEC10,No_se_sabe,-1,0,0,0,0,0,0,1,-6.280145,-77.904376,formulario_campo,0,0,0,1
RC0000662,L000662,F0089,2025-08-24,TEC02,Si,7,1,1,1,0,1,1,0,-6.213827,-77.849599,cola_kafka,3,0,1,0
RC0000663,L000663,F0106,2025-11-07,TEC12,No_se_sabe,-1,0,1,0,0,1,0,0,-6.252655,-77.837601,cola_kafka,1,0,0,1
RC0000664,L000664,F0114,2025-10-22,TEC09,No_se_sabe,-1,0,0,0,0,0,1,1,-6.302402,-77.85075,dashboard_acopio,0,0,0,1
RC0000665,L000665,F0008,2025-05-17,TEC05,No,-1,0,0,0,0,0,1,1,-6.280258,-77.905689,cola_kafka,0,0,0,0
RC0000666,L000666,F0113,2025-07-13,TEC11,No_se_sabe,-1,0,0,0,0,0,1,1,-6.208779,-77.888946,formulario_campo,0,0,0,1
RC0000667,L000667,F0007,2026-06-21,TEC06,No,-1,0,0,0,0,0,1,1,-6.197168,-77.904228,cola_kafka,0,0,0,0
RC0000668,L000668,F0119,2025-08-22,TEC05,No,-1,0,1,0,0,1,0,0,-6.22123,-77.901276,formulario_campo,1,0,0,0
RC0000669,L000669,F0012,2025-06-16,TEC12,No_se_sabe,-1,0,1,0,1,1,1,1,-6.228239,-77.899105,formulario_campo,2,0,0,1
RC0000670,L000670,F0061,2025-09-23,TEC12,No_se_sabe,-1,0,0,1,1,1,1,0,-6.24304,-77.863388,dashboard_acopio,2,0,0,1
RC0000671,L000671,F0109,2026-05-20,TEC09,Si,17,0,0,0,1,1,1,1,-6.252464,-77.891744,dashboard_acopio,1,0,1,0
RC0000672,L000672,F0080,2025-11-21,TEC02,No_se_sabe,-1,0,1,0,0,1,0,0,-6.268881,-77.911293,dashboard_acopio,1,0,0,1
RC0000673,L000673,F0070,2025-04-23,TEC03,No_se_sabe,-1,0,0,0,1,1,1,1,-6.189706,-77.846555,cola_kafka,1,0,0,1
RC0000674,L000674,F0031,2025-09-25,TEC10,Si,36,0,0,0,0,0,1,1,-6.245993,-77.931248,dashboard_acopio,0,0,1,0
RC0000675,L000675,F0006,2025-05-10,TEC07,No,-1,0,0,0,1,1,1,1,-6.232939,-77.791066,cola_kafka,1,0,0,0
RC0000676,L000676,F0051,2026-03-18,TEC04,No,-1,0,0,1,1,1,0,1,-6.226843,-77.931471,cola_kafka,2,0,0,0
RC0000677,L000677,F0022,2025-08-26,TEC05,Si,42,1,1,0,0,1,0,0,-6.254106,-77.858207,formulario_campo,2,1,1,0
RC0000678,L000678,F0037,2025-04-15,TEC09,Si,5,0,0,1,0,1,1,1,-6.202353,-77.860453,formulario_campo,1,0,1,0
RC0000679,L000679,F0109,2025-04-17,TEC09,No_se_sabe,-1,0,1,1,0,1,1,1,-6.251785,-77.891174,cola_kafka,2,0,0,1
RC0000680,L000680,F0029,2025-06-01,TEC01,No_se_sabe,-1,0,0,0,0,0,1,0,-6.193417,-77.844826,cola_kafka,0,0,0,1
RC0000681,L000681,F0038,2025-09-11,TEC05,Si,40,0,1,0,1,1,0,1,-6.241901,-77.855049,formulario_campo,2,0,1,0
RC0000682,L000682,F0090,2025-09-04,TEC06,No,-1,0,0,0,0,0,0,1,-6.199141,-77.817994,formulario_campo,0,0,0,0
RC0000683,L000683,F0061,2025-09-23,TEC03,No_se_sabe,-1,0,0,1,1,1,1,1,-6.243702,-77.863367,formulario_campo,2,0,0,1
RC0000684,L000684,F0012,2025-04-14,TEC12,No,-1,0,1,1,0,1,1,0,-6.228958,-77.898089,formulario_campo,2,0,0,0
RC0000685,L000685,F0042,2026-06-19,TEC04,No,-1,1,0,0,1,1,1,1,-6.208226,-77.965611,formulario_campo,2,0,0,0
RC0000686,L000686,F0078,2026-01-10,TEC05,No,-1,1,0,0,0,1,1,1,-6.260159,-77.820335,formulario_campo,1,0,0,0
RC0000687,L000687,F0098,2026-07-15,TEC10,Si,26,1,0,1,0,1,1,1,-6.212021,-77.898716,cola_kafka,2,0,1,0
RC0000688,L000688,F0050,2026-02-26,TEC11,No,-1,0,1,1,1,1,1,0,-6.300077,-77.914283,formulario_campo,3,0,0,0
RC0000689,L000689,F0093,2025-03-30,TEC12,Si,10,0,1,1,0,1,1,0,-6.243524,-77.904886,formulario_campo,2,0,1,0
RC0000690,L000690,F0003,2025-06-05,TEC01,Si,2,0,0,1,1,1,1,1,-6.214559,-77.819427,dashboard_acopio,2,0,1,0
RC0000691,L000691,F0008,2025-05-25,TEC10,Si,1,1,0,0,0,1,1,1,-6.280414,-77.904055,cola_kafka,1,0,1,0
RC0000692,L000692,F0066,2025-02-21,TEC03,Si,44,0,1,0,0,1,1,0,-6.262387,-77.808612,formulario_campo,1,0,1,0
RC0000693,L000693,F0059,2026-08-21,TEC11,No,-1,0,0,1,0,1,1,1,-6.249131,-77.97351,formulario_campo,1,0,0,0
RC0000694,L000694,F0113,2025-04-20,TEC04,No_se_sabe,-1,0,0,0,0,0,1,0,-6.209531,-77.889603,formulario_campo,0,0,0,1
RC0000695,L000695,F0067,2026-05-08,TEC05,Si,27,0,0,0,0,0,0,1,-6.266467,-77.768577,cola_kafka,0,0,1,0
RC0000696,L000696,F0064,2025-08-21,TEC03,Si,42,1,1,1,0,1,0,0,-6.273626,-77.803046,formulario_campo,3,1,1,0
RC0000697,L000697,F0029,2025-06-15,TEC06,No,-1,0,0,0,1,1,1,1,-6.194616,-77.843434,cola_kafka,1,0,0,0
RC0000698,L000698,F0020,2025-09-24,TEC12,No_se_sabe,-1,1,0,0,0,1,1,1,-6.203345,-77.891287,formulario_campo,1,0,0,1
RC0000699,L000699,F0055,2025-07-18,TEC07,No,-1,0,0,1,0,1,1,1,-6.242025,-77.880489,dashboard_acopio,1,0,0,0
RC0000700,L000700,F0023,2025-04-12,TEC02,No,-1,0,0,0,0,0,1,1,-6.161218,-77.836898,cola_kafka,0,0,0,0
RC0000701,L000701,F0090,2025-05-21,TEC08,No,-1,1,0,1,0,1,1,1,-6.199331,-77.817857,dashboard_acopio,2,0,0,0
RC0000702,L000702,F0118,2025-12-29,TEC02,Si,34,1,0,1,1,1,1,1,-6.276653,-77.833268,formulario_campo,3,0,1,0
RC0000703,L000703,F0076,2025-07-18,TEC10,Si,1,1,0,0,0,1,1,1,-6.3155,-77.909291,formulario_campo,1,0,1,0
RC0000704,L000704,F0108,2025-05-28,TEC09,No,-1,1,0,0,0,1,1,0,-6.216969,-77.820478,formulario_campo,1,0,0,0
RC0000705,L000705,F0066,2026-05-18,TEC08,No_se_sabe,-1,0,0,1,1,1,1,1,-6.262344,-77.809681,formulario_campo,2,0,0,1
RC0000706,L000706,F0114,2026-05-19,TEC09,Si,19,0,0,0,0,0,1,0,-6.301404,-77.850325,formulario_campo,0,0,1,0
RC0000707,L000707,F0107,2025-07-15,TEC12,No,-1,1,0,1,1,1,0,0,-6.227912,-77.903484,dashboard_acopio,3,1,0,0
RC0000708,L000708,F0070,2025-09-17,TEC04,No,-1,1,1,0,0,1,1,1,-6.190434,-77.846852,cola_kafka,2,0,0,0
RC0000709,L000709,F0003,2026-07-02,TEC04,Si,8,0,1,0,1,1,1,0,-6.213821,-77.820151,formulario_campo,2,0,1,0
RC0000710,L000710,F0014,2025-06-19,TEC06,Si,33,1,0,0,0,1,1,1,-6.252419,-77.799277,formulario_campo,1,0,1,0
RC0000711,L000711,F0062,2026-06-22,TEC10,No_se_sabe,-1,0,1,0,1,1,1,1,-6.196305,-77.845894,formulario_campo,2,0,0,1
RC0000712,L000712,F0034,2025-07-02,TEC03,No,-1,0,0,0,0,0,0,0,-6.211075,-77.884493,dashboard_acopio,0,0,0,0
RC0000713,L000713,F0038,2025-05-01,TEC04,No_se_sabe,-1,0,0,0,0,0,1,0,-6.242329,-77.854942,dashboard_acopio,0,0,0,1
RC0000714,L000714,F0022,2026-04-22,TEC04,No_se_sabe,-1,1,0,0,1,1,1,1,-6.254034,-77.858169,formulario_campo,2,0,0,1
RC0000715,L000715,F0104,2025-04-23,TEC07,Si,29,1,0,0,0,1,0,0,-6.210237,-77.861941,dashboard_acopio,1,1,1,0
RC0000716,L000716,F0005,2025-10-04,TEC06,Si,8,1,0,0,0,1,1,1,-6.204792,-77.897629,formulario_campo,1,0,1,0
RC0000717,L000717,F0072,2025-05-10,TEC11,No,-1,1,0,0,1,1,1,1,-6.083544,-77.828185,cola_kafka,2,0,0,0
RC0000718,L000718,F0029,2026-05-14,TEC01,No,-1,0,1,0,0,1,1,0,-6.195152,-77.842924,cola_kafka,1,0,0,0
RC0000719,L000719,F0047,2026-07-09,TEC06,Si,24,1,0,1,0,1,0,0,-6.189981,-77.797395,formulario_campo,2,1,1,0
RC0000720,L000720,F0107,2025-07-22,TEC11,No,-1,0,0,0,1,1,0,0,-6.226305,-77.903599,dashboard_acopio,1,0,0,0
RC0000721,L000721,F0007,2025-08-17,TEC02,Si,40,0,1,0,0,1,0,1,-6.196626,-77.903609,dashboard_acopio,1,0,1,0
RC0000722,L000722,F0096,2025-06-16,TEC04,No_se_sabe,-1,0,0,1,1,1,0,1,-6.146912,-77.809912,dashboard_acopio,2,0,0,1
RC0000723,L000723,F0005,2026-04-24,TEC01,No_se_sabe,-1,0,1,0,0,1,1,0,-6.205667,-77.897676,formulario_campo,1,0,0,1
RC0000724,L000724,F0021,2025-08-23,TEC08,No,-1,0,0,0,0,0,0,1,-6.289359,-77.862648,formulario_campo,0,0,0,0
RC0000725,L000725,F0039,2025-05-10,TEC03,Si,18,0,1,0,0,1,1,0,-6.220781,-77.783741,formulario_campo,1,0,1,0
RC0000726,L000726,F0107,2025-09-04,TEC07,Si,1,1,0,0,0,1,0,0,-6.22747,-77.903687,dashboard_acopio,1,1,1,0
RC0000727,L000727,F0081,2026-08-17,TEC03,Si,32,1,0,0,1,1,0,0,-6.150023,-77.940308,formulario_campo,2,1,1,0
RC0000728,L000728,F0082,2026-04-15,TEC09,No_se_sabe,-1,0,0,0,1,1,1,0,-6.194063,-77.869146,dashboard_acopio,1,0,0,1
RC0000729,L000729,F0044,2025-05-05,TEC11,No_se_sabe,-1,1,1,1,1,1,1,0,-6.316375,-77.89155,formulario_campo,4,0,0,1
RC0000730,L000730,F0010,2025-08-01,TEC08,No,-1,1,1,1,0,1,1,0,-6.259725,-77.875883,dashboard_acopio,3,0,0,0
RC0000731,L000731,F0068,2025-04-29,TEC07,No_se_sabe,-1,0,0,1,1,1,1,1,-6.153543,-77.879775,formulario_campo,2,0,0,1
RC0000732,L000732,F0110,2026-03-14,TEC02,No,-1,0,0,1,0,1,0,0,-6.273273,-77.879407,formulario_campo,1,0,0,0
RC0000733,L000733,F0090,2025-11-22,TEC04,No_se_sabe,-1,1,0,0,0,1,0,0,-6.198098,-77.816906,dashboard_acopio,1,1,0,1
RC0000734,L000734,F0067,2025-06-10,TEC04,No,-1,1,0,0,0,1,1,1,-6.267708,-77.768011,dashboard_acopio,1,0,0,0
RC0000735,L000735,F0078,2025-08-19,TEC11,Si,41,0,1,0,1,1,1,1,-6.26077,-77.819096,formulario_campo,2,0,1,0
RC0000736,L000736,F0071,2025-06-06,TEC12,Si,17,0,0,0,1,1,1,1,-6.237327,-77.870002,formulario_campo,1,0,1,0
RC0000737,L000737,F0090,2026-04-23,TEC12,Si,17,0,0,0,1,1,1,1,-6.199361,-77.818317,formulario_campo,1,0,1,0
RC0000738,L000738,F0104,2026-08-02,TEC05,Si,39,0,0,0,0,0,0,0,-6.209419,-77.862454,cola_kafka,0,0,1,0
RC0000739,L000739,F0119,2026-08-11,TEC09,No_se_sabe,-1,0,0,1,1,1,1,1,-6.220633,-77.900125,formulario_campo,2,0,0,1
RC0000740,L000740,F0116,2026-06-19,TEC07,No_se_sabe,-1,0,0,0,1,1,1,0,-6.22553,-77.847933,dashboard_acopio,1,0,0,1
RC0000741,L000741,F0012,2026-04-04,TEC03,Si,4,0,0,0,1,1,1,1,-6.228509,-77.898256,formulario_campo,1,0,1,0
RC0000742,L000742,F0008,2026-07-01,TEC02,No,-1,1,0,1,0,1,1,0,-6.280423,-77.904025,formulario_campo,2,0,0,0
RC0000743,L000743,F0070,2025-04-16,TEC06,No_se_sabe,-1,0,0,0,0,0,1,0,-6.190258,-77.845972,cola_kafka,0,0,0,1
RC0000744,L000744,F0106,2025-06-30,TEC02,Si,20,1,1,0,1,1,1,0,-6.253978,-77.838222,formulario_campo,3,0,1,0
RC0000745,L000745,F0104,2025-04-15,TEC03,No_se_sabe,-1,1,1,0,1,1,1,0,-6.210195,-77.863482,dashboard_acopio,3,0,0,1
RC0000746,L000746,F0020,2026-07-14,TEC05,Si,3,1,1,0,0,1,1,0,-6.203468,-77.891711,formulario_campo,2,0,1,0
RC0000747,L000747,F0069,2026-08-07,TEC04,No,-1,1,0,1,1,1,1,1,-6.316989,-77.833573,dashboard_acopio,3,0,0,0
RC0000748,L000748,F0017,2026-04-09,TEC06,No_se_sabe,-1,0,0,0,0,0,1,1,-6.272228,-77.855259,formulario_campo,0,0,0,1
RC0000749,L000749,F0051,2026-05-18,TEC12,No_se_sabe,-1,1,0,0,0,1,1,1,-6.226484,-77.931509,cola_kafka,1,0,0,1
RC0000750,L000750,F0043,2025-06-29,TEC12,No,-1,0,1,0,0,1,1,0,-6.172671,-77.944356,dashboard_acopio,1,0,0,0
RC0000751,L000751,F0001,2025-09-06,TEC04,No,-1,0,0,0,0,0,0,1,-6.236713,-77.780631,cola_kafka,0,0,0,0
RC0000752,L000752,F0103,2025-06-16,TEC07,No_se_sabe,-1,0,0,0,0,0,0,0,-6.17761,-77.916586,formulario_campo,0,0,0,1
RC0000753,L000753,F0104,2025-08-13,TEC06,No_se_sabe,-1,1,1,1,1,1,1,0,-6.209879,-77.862217,cola_kafka,4,0,0,1
RC0000754,L000754,F0112,2025-08-09,TEC08,No_se_sabe,-1,1,0,0,1,1,1,0,-6.276192,-77.861834,formulario_campo,2,0,0,1
RC0000755,L000755,F0067,2025-05-09,TEC06,No_se_sabe,-1,0,0,1,0,1,0,0,-6.265993,-77.767989,formulario_campo,1,0,0,1
RC0000756,L000756,F0040,2026-06-23,TEC08,Si,11,0,1,0,0,1,0,0,-6.173925,-77.908794,formulario_campo,1,0,1,0
RC0000757,L000757,F0054,2026-08-30,TEC12,Si,13,0,0,0,1,1,1,1,-6.195717,-77.864817,formulario_campo,1,0,1,0
RC0000758,L000758,F0021,2026-06-29,TEC07,No,-1,0,0,1,1,1,1,1,-6.289422,-77.861913,formulario_campo,2,0,0,0
RC0000759,L000759,F0049,2026-06-13,TEC11,No,-1,1,0,0,0,1,0,1,-6.194095,-77.914419,formulario_campo,1,1,0,0
RC0000760,L000760,F0074,2026-07-08,TEC01,No_se_sabe,-1,1,0,1,1,1,1,0,-6.273025,-77.871404,cola_kafka,3,0,0,1
RC0000761,L000761,F0073,2025-03-16,TEC12,No,-1,0,0,0,0,0,1,1,-6.195664,-77.918192,formulario_campo,0,0,0,0
RC0000762,L000762,F0085,2025-04-20,TEC06,Si,34,1,0,1,1,1,1,0,-6.275301,-77.854402,dashboard_acopio,3,0,1,0
RC0000763,L000763,F0090,2025-09-06,TEC11,No_se_sabe,-1,0,0,0,0,0,1,1,-6.198123,-77.818198,formulario_campo,0,0,0,1
RC0000764,L000764,F0080,2025-10-27,TEC01,Si,24,1,0,1,0,1,1,0,-6.267555,-77.912652,formulario_campo,2,0,1,0
RC0000765,L000765,F0009,2025-06-02,TEC10,No_se_sabe,-1,0,1,1,1,1,0,0,-6.273523,-77.82576,formulario_campo,3,0,0,1
RC0000766,L000766,F0069,2026-07-15,TEC04,Si,18,1,0,0,0,1,1,1,-6.317657,-77.833012,dashboard_acopio,1,0,1,0
RC0000767,L000767,F0114,2026-06-20,TEC08,Si,44,0,0,0,1,1,0,0,-6.301444,-77.85138,dashboard_acopio,1,0,1,0
RC0000768,L000768,F0029,2026-08-25,TEC11,Si,27,1,0,0,0,1,1,0,-6.194576,-77.84423,cola_kafka,1,0,1,0
RC0000769,L000769,F0096,2025-04-02,TEC10,No,-1,0,0,0,1,1,0,1,-6.1489,-77.809489,cola_kafka,1,0,0,0
RC0000770,L000770,F0055,2025-06-25,TEC06,No_se_sabe,-1,0,1,1,0,1,1,0,-6.241993,-77.879687,cola_kafka,2,0,0,1
RC0000771,L000771,F0060,2025-09-24,TEC12,No_se_sabe,-1,0,0,0,0,0,1,1,-6.301387,-77.830156,formulario_campo,0,0,0,1
RC0000772,L000772,F0093,2025-04-18,TEC06,No,-1,0,0,1,1,1,1,1,-6.244565,-77.906039,formulario_campo,2,0,0,0
RC0000773,L000773,F0005,2025-06-17,TEC05,No_se_sabe,-1,0,1,1,1,1,0,0,-6.203777,-77.898187,cola_kafka,3,0,0,1
RC0000774,L000774,F0072,2026-07-26,TEC12,No,-1,0,1,0,0,1,0,1,-6.082425,-77.827482,dashboard_acopio,1,0,0,0
RC0000775,L000775,F0031,2025-09-15,TEC12,No,-1,1,0,0,0,1,0,0,-6.24574,-77.929661,dashboard_acopio,1,1,0,0
RC0000776,L000776,F0033,2025-06-12,TEC11,No,-1,1,1,0,0,1,0,0,-6.20569,-77.892797,formulario_campo,2,1,0,0
RC0000777,L000777,F0113,2026-07-20,TEC11,Si,8,0,0,0,0,0,1,0,-6.209631,-77.888749,dashboard_acopio,0,0,1,0
RC0000778,L000778,F0049,2026-07-08,TEC05,No_se_sabe,-1,0,0,0,0,0,1,1,-6.194998,-77.914909,formulario_campo,0,0,0,1
RC0000779,L000779,F0050,2025-11-15,TEC11,No_se_sabe,-1,1,0,1,1,1,0,0,-6.299172,-77.91446,dashboard_acopio,3,1,0,1
RC0000780,L000780,F0023,2025-10-30,TEC06,No,-1,0,0,1,0,1,0,1,-6.160378,-77.836729,formulario_campo,1,0,0,0
RC0000781,L000781,F0069,2026-08-02,TEC11,Si,12,0,0,0,1,1,1,1,-6.317878,-77.834531,cola_kafka,1,0,1,0
RC0000782,L000782,F0055,2025-07-23,TEC02,No,-1,0,1,1,0,1,1,1,-6.24147,-77.878998,formulario_campo,2,0,0,0
RC0000783,L000783,F0101,2025-02-17,TEC12,No,-1,0,0,0,0,0,1,1,-6.335172,-77.860266,dashboard_acopio,0,0,0,0
RC0000784,L000784,F0027,2026-05-09,TEC05,Si,21,1,0,0,0,1,1,1,-6.278018,-77.79265,cola_kafka,1,0,1,0
RC0000785,L000785,F0004,2025-05-31,TEC10,No_se_sabe,-1,0,0,1,0,1,0,0,-6.260666,-77.963828,formulario_campo,1,0,0,1
RC0000786,L000786,F0021,2026-08-24,TEC09,No_se_sabe,-1,0,0,0,0,0,1,1,-6.289192,-77.863443,formulario_campo,0,0,0,1
RC0000787,L000787,F0023,2025-07-24,TEC02,No,-1,1,0,1,0,1,0,0,-6.161769,-77.838036,cola_kafka,2,1,0,0
RC0000788,L000788,F0086,2025-03-17,TEC08,Si,35,0,0,1,0,1,0,0,-6.218526,-77.925437,formulario_campo,1,0,1,0
RC0000789,L000789,F0070,2026-08-08,TEC07,No,-1,0,0,0,0,0,1,1,-6.190618,-77.84605,dashboard_acopio,0,0,0,0
RC0000790,L000790,F0038,2025-07-01,TEC10,No,-1,1,0,0,1,1,1,0,-6.241901,-77.855176,formulario_campo,2,0,0,0
RC0000791,L000791,F0026,2026-06-05,TEC07,No,-1,0,0,0,0,0,1,1,-6.234145,-77.771226,dashboard_acopio,0,0,0,0
RC0000792,L000792,F0066,2026-07-19,TEC05,Si,32,1,1,0,0,1,1,1,-6.262824,-77.808825,formulario_campo,2,0,1,0
RC0000793,L000793,F0081,2026-01-10,TEC04,No,-1,1,0,1,0,1,1,0,-6.148981,-77.940424,formulario_campo,2,0,0,0
RC0000794,L000794,F0080,2026-05-01,TEC09,No_se_sabe,-1,1,0,0,0,1,1,1,-6.268475,-77.911131,formulario_campo,1,0,0,1
RC0000795,L000795,F0119,2026-02-26,TEC09,Si,25,0,0,0,0,0,1,1,-6.220529,-77.900694,dashboard_acopio,0,0,1,0
RC0000796,L000796,F0040,2025-08-01,TEC08,No_se_sabe,-1,0,1,0,0,1,1,1,-6.174909,-77.910053,formulario_campo,1,0,0,1
RC0000797,L000797,F0054,2025-04-01,TEC04,Si,24,0,0,0,1,1,1,1,-6.194477,-77.865863,formulario_campo,1,0,1,0
RC0000798,L000798,F0119,2026-06-28,TEC09,Si,19,0,0,1,0,1,1,0,-6.221405,-77.899988,dashboard_acopio,1,0,1,0
RC0000799,L000799,F0042,2025-09-20,TEC07,Si,39,0,0,0,1,1,1,1,-6.20766,-77.96542,dashboard_acopio,1,0,1,0
RC0000800,L000800,F0062,2026-03-17,TEC09,Si,38,1,1,1,0,1,0,0,-6.195093,-77.845285,cola_kafka,3,1,1,0
RC0000801,L000801,F0018,2026-06-19,TEC03,No,-1,1,0,0,1,1,1,1,-6.223213,-77.901251,formulario_campo,2,0,0,0
RC0000802,L000802,F0120,2025-10-03,TEC03,No,-1,1,0,0,0,1,0,0,-6.221639,-77.875927,cola_kafka,1,1,0,0
RC0000803,L000803,F0073,2026-07-11,TEC03,No_se_sabe,-1,0,0,1,0,1,1,0,-6.195852,-77.917129,cola_kafka,1,0,0,1
RC0000804,L000804,F0088,2025-04-18,TEC10,No,-1,0,0,0,1,1,1,1,-6.277262,-77.844221,formulario_campo,1,0,0,0
RC0000805,L000805,F0081,2026-07-02,TEC06,Si,11,0,1,1,1,1,1,0,-6.148067,-77.940776,cola_kafka,3,0,1,0
RC0000806,L000806,F0099,2025-06-26,TEC11,Si,34,0,0,0,1,1,0,0,-6.176205,-77.805054,dashboard_acopio,1,0,1,0
RC0000807,L000807,F0031,2025-04-13,TEC03,No_se_sabe,-1,1,1,1,0,1,0,0,-6.245286,-77.929474,dashboard_acopio,3,1,0,1
RC0000808,L000808,F0116,2025-01-15,TEC07,Si,29,0,1,1,1,1,1,0,-6.225543,-77.84896,dashboard_acopio,3,0,1,0
RC0000809,L000809,F0086,2026-07-16,TEC08,Si,4,1,0,0,1,1,1,0,-6.219199,-77.925909,formulario_campo,2,0,1,0
RC0000810,L000810,F0076,2025-08-18,TEC05,No,-1,1,1,0,0,1,0,0,-6.314631,-77.909054,formulario_campo,2,1,0,0
RC0000811,L000811,F0056,2026-06-16,TEC02,Si,31,1,0,1,0,1,1,0,-6.208613,-77.902479,cola_kafka,2,0,1,0
RC0000812,L000812,F0024,2025-09-24,TEC07,No_se_sabe,-1,1,0,1,0,1,0,0,-6.335323,-77.80275,dashboard_acopio,2,1,0,1
RC0000813,L000813,F0043,2026-05-10,TEC02,Si,12,1,0,1,0,1,1,0,-6.171172,-77.944856,cola_kafka,2,0,1,0
RC0000814,L000814,F0043,2025-04-30,TEC05,Si,1,1,1,0,1,1,0,0,-6.171533,-77.945205,formulario_campo,3,1,1,0
RC0000815,L000815,F0111,2026-04-01,TEC02,No,-1,1,1,0,1,1,1,0,-6.236031,-77.856673,formulario_campo,3,0,0,0
RC0000816,L000816,F0013,2025-04-03,TEC03,No,-1,1,1,1,1,1,1,0,-6.149546,-77.808454,formulario_campo,4,0,0,0
RC0000817,L000817,F0114,2025-05-31,TEC10,No_se_sabe,-1,0,1,0,0,1,1,1,-6.301268,-77.849552,dashboard_acopio,1,0,0,1
RC0000818,L000818,F0038,2025-06-24,TEC03,Si,15,0,0,0,1,1,1,1,-6.243764,-77.856237,formulario_campo,1,0,1,0
RC0000819,L000819,F0087,2025-07-01,TEC03,No_se_sabe,-1,1,0,0,1,1,1,1,-6.209149,-77.798534,formulario_campo,2,0,0,1
RC0000820,L000820,F0019,2025-06-12,TEC08,No,-1,0,1,1,1,1,0,0,-6.22838,-77.859938,cola_kafka,3,0,0,0
RC0000821,L000821,F0089,2026-05-25,TEC10,Si,28,1,1,1,1,1,0,0,-6.212769,-77.849994,formulario_campo,4,1,1,0
RC0000822,L000822,F0029,2026-02-28,TEC05,No,-1,0,0,1,1,1,1,1,-6.194117,-77.843407,cola_kafka,2,0,0,0
RC0000823,L000823,F0091,2025-07-05,TEC03,No_se_sabe,-1,0,0,1,1,1,1,1,-6.219888,-77.877567,formulario_campo,2,0,0,1
RC0000824,L000824,F0095,2025-05-08,TEC05,Si,8,1,0,1,0,1,1,1,-6.277586,-77.861666,dashboard_acopio,2,0,1,0
RC0000825,L000825,F0069,2025-05-14,TEC05,No,-1,0,0,0,0,0,1,1,-6.317146,-77.835032,formulario_campo,0,0,0,0
RC0000826,L000826,F0094,2025-12-30,TEC08,Si,41,1,0,1,0,1,0,0,-6.268122,-77.940936,formulario_campo,2,1,1,0
RC0000827,L000827,F0003,2025-07-04,TEC02,No_se_sabe,-1,1,0,0,0,1,1,1,-6.214053,-77.819288,formulario_campo,1,0,0,1
RC0000828,L000828,F0113,2026-07-23,TEC02,Si,2,0,0,0,1,1,1,1,-6.208969,-77.888545,formulario_campo,1,0,1,0
RC0000829,L000829,F0045,2026-05-17,TEC10,Si,39,0,0,0,0,0,1,1,-6.25103,-77.829467,formulario_campo,0,0,1,0
RC0000830,L000830,F0063,2026-03-03,TEC09,Si,25,0,1,0,0,1,1,1,-6.242417,-77.959515,cola_kafka,1,0,1,0
RC0000831,L000831,F0049,2025-09-17,TEC07,Si,26,1,1,1,1,1,1,0,-6.195891,-77.915198,dashboard_acopio,4,0,1,0
RC0000832,L000832,F0022,2026-06-08,TEC10,No_se_sabe,-1,0,0,0,0,0,1,1,-6.253171,-77.858723,cola_kafka,0,0,0,1
RC0000833,L000833,F0091,2026-03-19,TEC11,No,-1,1,1,0,0,1,1,0,-6.219578,-77.876992,formulario_campo,2,0,0,0
RC0000834,L000834,F0019,2025-05-01,TEC09,No,-1,0,1,0,1,1,1,1,-6.22779,-77.85916,formulario_campo,2,0,0,0
RC0000835,L000835,F0104,2026-05-20,TEC10,Si,10,0,1,0,0,1,1,0,-6.21023,-77.861732,formulario_campo,1,0,1,0
RC0000836,L000836,F0101,2025-11-05,TEC08,Si,7,0,0,0,0,0,1,1,-6.336341,-77.859135,formulario_campo,0,0,1,0
RC0000837,L000837,F0077,2026-05-23,TEC12,Si,9,0,0,0,0,0,1,1,-6.2264,-77.835458,dashboard_acopio,0,0,1,0
RC0000838,L000838,F0098,2026-06-10,TEC02,Si,2,1,0,1,0,1,0,0,-6.212174,-77.899277,formulario_campo,2,1,1,0
RC0000839,L000839,F0053,2026-07-30,TEC12,No,-1,0,0,0,1,1,1,1,-6.260414,-77.904208,formulario_campo,1,0,0,0
RC0000840,L000840,F0064,2026-05-08,TEC09,No,-1,0,1,0,0,1,1,1,-6.273679,-77.803991,dashboard_acopio,1,0,0,0
RC0000841,L000841,F0047,2026-06-12,TEC01,Si,11,0,0,0,0,0,0,1,-6.189444,-77.7976,formulario_campo,0,0,1,0
RC0000842,L000842,F0093,2026-07-08,TEC01,No,-1,0,0,1,0,1,1,1,-6.245726,-77.904801,formulario_campo,1,0,0,0
RC0000843,L000843,F0098,2025-09-07,TEC03,Si,17,0,0,1,0,1,1,1,-6.210907,-77.897721,dashboard_acopio,1,0,1,0
RC0000844,L000844,F0077,2025-09-08,TEC07,No_se_sabe,-1,1,1,1,1,1,0,0,-6.226282,-77.836694,formulario_campo,4,1,0,1
RC0000845,L000845,F0064,2025-06-07,TEC02,Si,4,0,0,0,0,0,1,1,-6.273404,-77.803778,dashboard_acopio,0,0,1,0
RC0000846,L000846,F0070,2025-08-23,TEC10,Si,16,0,0,0,1,1,1,1,-6.189796,-77.847778,formulario_campo,1,0,1,0
RC0000847,L000847,F0071,2026-05-20,TEC12,No,-1,1,0,0,1,1,1,1,-6.236635,-77.869984,formulario_campo,2,0,0,0
RC0000848,L000848,F0105,2026-07-19,TEC04,No_se_sabe,-1,1,0,0,1,1,1,0,-6.235773,-77.879728,dashboard_acopio,2,0,0,1
RC0000849,L000849,F0099,2025-09-03,TEC05,No_se_sabe,-1,0,0,1,0,1,0,1,-6.175152,-77.80607,cola_kafka,1,0,0,1
RC0000850,L000850,F0021,2025-11-29,TEC08,Si,37,1,0,0,0,1,0,0,-6.289062,-77.864155,dashboard_acopio,1,1,1,0
RC0000851,L000851,F0112,2025-02-17,TEC03,Si,40,1,1,0,0,1,0,0,-6.275822,-77.861337,dashboard_acopio,2,1,1,0
RC0000852,L000852,F0040,2025-07-04,TEC03,No,-1,1,0,1,1,1,0,1,-6.174071,-77.907964,dashboard_acopio,3,1,0,0
RC0000853,L000853,F0083,2025-10-07,TEC04,No,-1,1,0,0,1,1,0,0,-6.167251,-77.891462,formulario_campo,2,1,0,0
RC0000854,L000854,F0053,2026-07-07,TEC05,No_se_sabe,-1,0,0,0,1,1,1,1,-6.258644,-77.903492,formulario_campo,1,0,0,1
RC0000855,L000855,F0120,2026-04-30,TEC02,No_se_sabe,-1,0,0,0,1,1,0,0,-6.221366,-77.876151,cola_kafka,1,0,0,1
RC0000856,L000856,F0087,2025-07-05,TEC01,Si,35,0,0,0,0,0,1,1,-6.209441,-77.797309,formulario_campo,0,0,1,0
RC0000857,L000857,F0110,2026-05-18,TEC09,Si,8,0,0,0,0,0,1,1,-6.272147,-77.878682,dashboard_acopio,0,0,1,0
RC0000858,L000858,F0020,2025-05-12,TEC11,No,-1,0,1,1,0,1,0,0,-6.203097,-77.891559,cola_kafka,2,0,0,0
RC0000859,L000859,F0025,2025-06-28,TEC07,Si,28,1,1,0,0,1,0,0,-6.231587,-77.955665,formulario_campo,2,1,1,0
RC0000860,L000860,F0037,2026-07-25,TEC04,Si,13,0,0,1,0,1,1,0,-6.202413,-77.860648,cola_kafka,1,0,1,0
RC0000861,L000861,F0029,2025-05-24,TEC04,Si,25,1,0,0,0,1,0,0,-6.194448,-77.843977,formulario_campo,1,1,1,0
RC0000862,L000862,F0086,2025-04-09,TEC10,Si,21,0,0,0,0,0,1,1,-6.219062,-77.924499,formulario_campo,0,0,1,0
RC0000863,L000863,F0104,2025-08-14,TEC11,Si,2,0,0,1,0,1,0,0,-6.210614,-77.862137,formulario_campo,1,0,1,0
RC0000864,L000864,F0103,2025-08-03,TEC04,Si,27,0,0,0,0,0,1,1,-6.178525,-77.917232,dashboard_acopio,0,0,1,0
RC0000865,L000865,F0025,2026-05-13,TEC07,Si,18,1,0,0,1,1,1,1,-6.231344,-77.955771,formulario_campo,2,0,1,0
RC0000866,L000866,F0040,2025-05-15,TEC06,No_se_sabe,-1,1,1,1,1,1,1,1,-6.173692,-77.90899,dashboard_acopio,4,0,0,1
RC0000867,L000867,F0101,2025-09-24,TEC03,No,-1,0,0,0,0,0,1,1,-6.335247,-77.859655,formulario_campo,0,0,0,0
RC0000868,L000868,F0080,2025-09-03,TEC08,Si,21,0,0,0,0,0,1,1,-6.268163,-77.912189,formulario_campo,0,0,1,0
RC0000869,L000869,F0060,2026-05-16,TEC11,No_se_sabe,-1,0,1,0,0,1,1,1,-6.299885,-77.82979,formulario_campo,1,0,0,1
RC0000870,L000870,F0028,2026-07-07,TEC11,Si,26,1,0,1,0,1,1,0,-6.233508,-77.853556,cola_kafka,2,0,1,0
RC0000871,L000871,F0049,2026-04-18,TEC12,Si,9,0,1,0,1,1,0,0,-6.195803,-77.915692,formulario_campo,2,0,1,0
RC0000872,L000872,F0077,2025-04-26,TEC08,Si,7,1,0,0,1,1,1,1,-6.226953,-77.837306,dashboard_acopio,2,0,1,0
RC0000873,L000873,F0020,2025-04-10,TEC07,No,-1,1,1,0,0,1,0,0,-6.204025,-77.891666,formulario_campo,2,1,0,0
RC0000874,L000874,F0051,2026-07-22,TEC05,No,-1,0,0,0,0,0,1,1,-6.226439,-77.932678,formulario_campo,0,0,0,0
RC0000875,L000875,F0059,2026-05-22,TEC05,No,-1,1,1,0,0,1,1,0,-6.249657,-77.973729,dashboard_acopio,2,0,0,0
RC0000876,L000876,F0076,2025-06-15,TEC06,Si,34,1,0,0,0,1,1,1,-6.315066,-77.90802,formulario_campo,1,0,1,0
RC0000877,L000877,F0019,2025-09-28,TEC05,Si,42,0,0,0,0,0,1,1,-6.22867,-77.860117,cola_kafka,0,0,1,0
RC0000878,L000878,F0071,2026-04-26,TEC08,No,-1,0,0,0,0,0,1,1,-6.236567,-77.87011,formulario_campo,0,0,0,0
RC0000879,L000879,F0070,2025-06-03,TEC06,No,-1,1,0,0,0,1,0,0,-6.190082,-77.846338,formulario_campo,1,1,0,0
RC0000880,L000880,F0023,2025-07-25,TEC08,No,-1,0,0,0,0,0,1,1,-6.160762,-77.836739,formulario_campo,0,0,0,0
RC0000881,L000881,F0059,2025-04-29,TEC12,Si,6,0,1,0,0,1,0,0,-6.249114,-77.973582,cola_kafka,1,0,1,0
RC0000882,L000882,F0072,2025-09-17,TEC09,No_se_sabe,-1,0,0,0,0,0,1,1,-6.083539,-77.828051,cola_kafka,0,0,0,1
RC0000883,L000883,F0020,2025-01-11,TEC09,No,-1,1,1,1,0,1,0,0,-6.20201,-77.890522,formulario_campo,3,1,0,0
RC0000884,L000884,F0116,2025-07-29,TEC10,No_se_sabe,-1,0,1,0,0,1,1,0,-6.225142,-77.848857,dashboard_acopio,1,0,0,1
RC0000885,L000885,F0105,2025-09-03,TEC10,Si,10,1,0,1,1,1,0,0,-6.236159,-77.880198,dashboard_acopio,3,1,1,0
RC0000886,L000886,F0112,2025-08-24,TEC11,No,-1,1,0,0,1,1,0,1,-6.276551,-77.861642,formulario_campo,2,1,0,0
RC0000887,L000887,F0038,2025-07-10,TEC06,No_se_sabe,-1,0,0,0,1,1,1,1,-6.24353,-77.8556,formulario_campo,1,0,0,1
RC0000888,L000888,F0069,2026-02-03,TEC12,No_se_sabe,-1,1,1,0,1,1,1,1,-6.317485,-77.833049,formulario_campo,3,0,0,1
RC0000889,L000889,F0078,2026-08-19,TEC09,No,-1,0,0,0,0,0,1,1,-6.260297,-77.820602,formulario_campo,0,0,0,0
RC0000890,L000890,F0112,2025-04-22,TEC03,Si,5,1,1,1,1,1,0,0,-6.277023,-77.86088,dashboard_acopio,4,1,1,0
RC0000891,L000891,F0078,2026-06-26,TEC09,Si,35,1,0,0,0,1,1,1,-6.260697,-77.819793,formulario_campo,1,0,1,0
RC0000892,L000892,F0070,2026-05-26,TEC12,No_se_sabe,-1,0,0,0,0,0,1,1,-6.190052,-77.846974,formulario_campo,0,0,0,1
RC0000893,L000893,F0028,2025-08-14,TEC10,No,-1,1,0,0,0,1,0,1,-6.23326,-77.853579,formulario_campo,1,1,0,0
RC0000894,L000894,F0096,2025-07-16,TEC03,No,-1,1,1,1,0,1,1,0,-6.147661,-77.80941,formulario_campo,3,0,0,0
RC0000895,L000895,F0114,2025-05-18,TEC06,No_se_sabe,-1,1,0,0,0,1,1,1,-6.301757,-77.850688,cola_kafka,1,0,0,1
RC0000896,L000896,F0045,2026-04-20,TEC09,No,-1,0,0,1,0,1,1,1,-6.250173,-77.829651,formulario_campo,1,0,0,0
RC0000897,L000897,F0050,2026-06-11,TEC06,Si,28,1,0,1,1,1,1,0,-6.299815,-77.913618,formulario_campo,3,0,1,0
RC0000898,L000898,F0006,2026-04-28,TEC11,No,-1,0,0,0,1,1,1,0,-6.231087,-77.790167,dashboard_acopio,1,0,0,0
RC0000899,L000899,F0056,2025-05-06,TEC09,No_se_sabe,-1,1,1,1,0,1,0,0,-6.207642,-77.901669,dashboard_acopio,3,1,0,1
RC0000900,L000900,F0108,2025-05-14,TEC09,Si,35,0,0,0,0,0,0,1,-6.215991,-77.820268,formulario_campo,0,0,1,0
RC0000901,L000901,F0044,2025-04-12,TEC11,No,-1,1,0,0,0,1,1,1,-6.316093,-77.890428,dashboard_acopio,1,0,0,0
RC0000902,L000902,F0018,2025-07-21,TEC07,No_se_sabe,-1,0,0,0,0,0,1,1,-6.223072,-77.901555,dashboard_acopio,0,0,0,1
RC0000903,L000903,F0111,2025-04-06,TEC06,No_se_sabe,-1,1,0,0,0,1,0,0,-6.236045,-77.856698,cola_kafka,1,1,0,1
RC0000904,L000904,F0040,2025-04-14,TEC08,Si,33,1,0,0,0,1,1,1,-6.172731,-77.908475,formulario_campo,1,0,1,0
RC0000905,L000905,F0010,2026-08-05,TEC03,No,-1,1,0,1,0,1,1,1,-6.258912,-77.876849,formulario_campo,2,0,0,0
RC0000906,L000906,F0072,2026-04-16,TEC09,No,-1,1,0,1,0,1,0,0,-6.083636,-77.826584,dashboard_acopio,2,1,0,0
RC0000907,L000907,F0078,2026-04-18,TEC03,Si,39,0,0,1,0,1,0,1,-6.260095,-77.820512,dashboard_acopio,1,0,1,0
RC0000908,L000908,F0054,2025-06-21,TEC05,No,-1,0,0,0,0,0,1,1,-6.194746,-77.865748,formulario_campo,0,0,0,0
RC0000909,L000909,F0050,2025-05-19,TEC11,Si,3,1,1,1,0,1,1,0,-6.300402,-77.914813,formulario_campo,3,0,1,0
RC0000910,L000910,F0085,2025-04-08,TEC11,No_se_sabe,-1,0,0,0,0,0,0,1,-6.276252,-77.854904,formulario_campo,0,0,0,1
RC0000911,L000911,F0070,2025-06-26,TEC01,No_se_sabe,-1,0,1,0,0,1,1,1,-6.190811,-77.846941,dashboard_acopio,1,0,0,1
RC0000912,L000912,F0070,2026-07-18,TEC06,No,-1,0,0,0,0,0,1,1,-6.190179,-77.847225,dashboard_acopio,0,0,0,0
RC0000913,L000913,F0023,2026-08-23,TEC07,No,-1,0,1,1,0,1,0,0,-6.160672,-77.836731,cola_kafka,2,0,0,0
RC0000914,L000914,F0082,2026-05-12,TEC12,No_se_sabe,-1,0,1,1,1,1,1,1,-6.193443,-77.86932,dashboard_acopio,3,0,0,1
RC0000915,L000915,F0070,2025-07-01,TEC12,No,-1,1,0,1,0,1,0,0,-6.191014,-77.846187,cola_kafka,2,1,0,0
RC0000916,L000916,F0042,2025-06-19,TEC02,Si,19,1,1,0,0,1,0,0,-6.20868,-77.963862,formulario_campo,2,1,1,0
RC0000917,L000917,F0075,2026-05-25,TEC03,Si,7,1,1,1,1,1,1,0,-6.229101,-77.937935,dashboard_acopio,4,0,1,0
RC0000918,L000918,F0029,2025-08-18,TEC05,No,-1,1,1,1,0,1,0,0,-6.194051,-77.844566,dashboard_acopio,3,1,0,0
RC0000919,L000919,F0051,2025-12-27,TEC06,No_se_sabe,-1,0,0,0,1,1,1,1,-6.227168,-77.931388,cola_kafka,1,0,0,1
RC0000920,L000920,F0059,2025-02-15,TEC12,No_se_sabe,-1,0,0,1,0,1,1,0,-6.249444,-77.973241,formulario_campo,1,0,0,1
RC0000921,L000921,F0001,2025-06-27,TEC11,No,-1,1,1,1,0,1,0,0,-6.23701,-77.780497,formulario_campo,3,1,0,0
RC0000922,L000922,F0050,2026-06-07,TEC11,No,-1,0,1,0,0,1,1,1,-6.300196,-77.914617,cola_kafka,1,0,0,0
RC0000923,L000923,F0009,2026-07-13,TEC01,Si,23,1,1,1,0,1,0,0,-6.274155,-77.825484,formulario_campo,3,1,1,0
RC0000924,L000924,F0073,2025-09-04,TEC12,No,-1,0,0,0,0,0,1,1,-6.195148,-77.918366,cola_kafka,0,0,0,0
RC0000925,L000925,F0031,2026-03-31,TEC06,No,-1,1,0,0,0,1,0,0,-6.245787,-77.930382,cola_kafka,1,1,0,0
RC0000926,L000926,F0051,2026-06-22,TEC08,No,-1,1,0,1,0,1,0,0,-6.226522,-77.931856,formulario_campo,2,1,0,0
RC0000927,L000927,F0046,2026-03-15,TEC01,Si,16,1,0,1,0,1,1,1,-6.281114,-77.880341,formulario_campo,2,0,1,0
RC0000928,L000928,F0042,2025-06-28,TEC08,Si,25,0,0,1,0,1,0,1,-6.207086,-77.965382,dashboard_acopio,1,0,1,0
RC0000929,L000929,F0012,2026-05-17,TEC12,Si,10,0,0,0,0,0,1,1,-6.228209,-77.899204,formulario_campo,0,0,1,0
RC0000930,L000930,F0112,2025-08-04,TEC09,No,-1,1,1,0,1,1,1,1,-6.276191,-77.862643,dashboard_acopio,3,0,0,0
RC0000931,L000931,F0105,2025-04-16,TEC05,Si,17,0,1,1,1,1,1,0,-6.236112,-77.880392,dashboard_acopio,3,0,1,0
RC0000932,L000932,F0033,2025-06-08,TEC03,Si,4,1,0,1,1,1,1,0,-6.207303,-77.893284,dashboard_acopio,3,0,1,0
RC0000933,L000933,F0070,2026-07-15,TEC11,Si,24,0,0,0,1,1,1,1,-6.19056,-77.846613,formulario_campo,1,0,1,0
RC0000934,L000934,F0042,2026-06-21,TEC03,No,-1,1,0,0,0,1,1,1,-6.208245,-77.965198,formulario_campo,1,0,0,0
RC0000935,L000935,F0027,2025-05-10,TEC01,Si,28,0,0,0,1,1,1,1,-6.279052,-77.792497,formulario_campo,1,0,1,0
RC0000936,L000936,F0046,2025-09-22,TEC11,Si,26,0,0,0,0,0,1,1,-6.280405,-77.880665,formulario_campo,0,0,1,0
RC0000937,L000937,F0038,2025-07-17,TEC08,Si,37,0,1,0,0,1,1,0,-6.241795,-77.855409,cola_kafka,1,0,1,0
RC0000938,L000938,F0082,2025-06-14,TEC11,Si,4,0,0,1,1,1,0,0,-6.194933,-77.868778,formulario_campo,2,0,1,0
RC0000939,L000939,F0072,2025-04-07,TEC01,Si,4,0,0,1,0,1,1,0,-6.084241,-77.828153,dashboard_acopio,1,0,1,0
RC0000940,L000940,F0027,2026-06-23,TEC09,Si,12,1,1,1,0,1,0,0,-6.277414,-77.792861,formulario_campo,3,1,1,0
RC0000941,L000941,F0060,2026-08-06,TEC01,Si,15,0,0,0,1,1,1,1,-6.301383,-77.830511,dashboard_acopio,1,0,1,0
RC0000942,L000942,F0072,2025-02-25,TEC01,No,-1,0,1,0,0,1,1,1,-6.084391,-77.828707,formulario_campo,1,0,0,0
RC0000943,L000943,F0064,2025-06-28,TEC10,Si,20,1,0,0,0,1,0,1,-6.273033,-77.802557,formulario_campo,1,1,1,0
RC0000944,L000944,F0102,2026-04-10,TEC08,No_se_sabe,-1,0,0,0,0,0,1,1,-6.27703,-77.941497,dashboard_acopio,0,0,0,1
RC0000945,L000945,F0072,2025-07-17,TEC02,No_se_sabe,-1,0,0,0,0,0,1,1,-6.083672,-77.827812,dashboard_acopio,0,0,0,1
RC0000946,L000946,F0055,2025-06-13,TEC09,No,-1,0,0,0,0,0,1,1,-6.24084,-77.878895,formulario_campo,0,0,0,0
RC0000947,L000947,F0026,2025-09-16,TEC11,No,-1,0,1,1,0,1,0,0,-6.234306,-77.77158,cola_kafka,2,0,0,0
RC0000948,L000948,F0010,2025-08-15,TEC12,Si,31,1,0,0,0,1,1,1,-6.25945,-77.875621,dashboard_acopio,1,0,1,0
RC0000949,L000949,F0081,2026-05-29,TEC08,No,-1,0,0,0,0,0,1,1,-6.150302,-77.940575,formulario_campo,0,0,0,0
RC0000950,L000950,F0024,2025-08-07,TEC04,Si,35,0,0,0,1,1,1,1,-6.336114,-77.803036,formulario_campo,1,0,1,0
RC0000951,L000951,F0014,2026-04-20,TEC05,No,-1,1,1,1,1,1,0,0,-6.253504,-77.799457,formulario_campo,4,1,0,0
RC0000952,L000952,F0045,2025-09-21,TEC09,No_se_sabe,-1,1,0,0,0,1,0,1,-6.250365,-77.828802,formulario_campo,1,1,0,1
RC0000953,L000953,F0096,2026-04-02,TEC05,No_se_sabe,-1,1,1,1,0,1,0,0,-6.147639,-77.808354,formulario_campo,3,1,0,1
RC0000954,L000954,F0120,2025-06-18,TEC04,No_se_sabe,-1,1,0,1,1,1,0,0,-6.221466,-77.874618,formulario_campo,3,1,0,1
RC0000955,L000955,F0047,2026-06-01,TEC04,No_se_sabe,-1,0,0,0,0,0,1,1,-6.188764,-77.798281,formulario_campo,0,0,0,1
RC0000956,L000956,F0105,2026-07-12,TEC05,No,-1,0,1,1,1,1,1,0,-6.236782,-77.880005,dashboard_acopio,3,0,0,0
RC0000957,L000957,F0063,2026-03-21,TEC12,No,-1,0,0,0,0,0,1,1,-6.243026,-77.957656,formulario_campo,0,0,0,0
RC0000958,L000958,F0009,2025-04-11,TEC04,No_se_sabe,-1,0,0,0,1,1,0,1,-6.274255,-77.825837,cola_kafka,1,0,0,1
RC0000959,L000959,F0109,2025-08-16,TEC06,No_se_sabe,-1,0,1,1,0,1,0,0,-6.251818,-77.891569,dashboard_acopio,2,0,0,1
RC0000960,L000960,F0107,2026-05-07,TEC11,No,-1,1,0,0,1,1,0,0,-6.227867,-77.904013,formulario_campo,2,1,0,0
RC0000961,L000961,F0093,2025-06-29,TEC09,No_se_sabe,-1,0,0,1,0,1,1,1,-6.243475,-77.904734,formulario_campo,1,0,0,1
RC0000962,L000962,F0027,2025-09-05,TEC02,No,-1,0,0,0,0,0,1,1,-6.278024,-77.792537,cola_kafka,0,0,0,0
RC0000963,L000963,F0094,2025-06-30,TEC06,No,-1,1,1,1,0,1,0,0,-6.268589,-77.941666,dashboard_acopio,3,1,0,0
RC0000964,L000964,F0077,2026-08-06,TEC03,No,-1,0,0,0,0,0,1,1,-6.226277,-77.837279,cola_kafka,0,0,0,0
RC0000965,L000965,F0034,2026-06-28,TEC07,Si,42,0,0,1,0,1,1,1,-6.210331,-77.8842,formulario_campo,1,0,1,0
RC0000966,L000966,F0061,2025-07-21,TEC01,No_se_sabe,-1,0,1,0,0,1,1,0,-6.243874,-77.862357,formulario_campo,1,0,0,1
RC0000967,L000967,F0049,2025-06-07,TEC08,No_se_sabe,-1,0,0,0,1,1,1,1,-6.19558,-77.915683,formulario_campo,1,0,0,1
RC0000968,L000968,F0081,2025-06-30,TEC02,No,-1,1,0,0,1,1,1,1,-6.148761,-77.94072,dashboard_acopio,2,0,0,0
RC0000969,L000969,F0025,2026-08-05,TEC06,No_se_sabe,-1,1,0,0,0,1,0,0,-6.231863,-77.955587,formulario_campo,1,1,0,1
RC0000970,L000970,F0062,2025-06-20,TEC09,No,-1,0,1,1,0,1,0,0,-6.19606,-77.845224,formulario_campo,2,0,0,0
RC0000971,L000971,F0013,2026-08-29,TEC10,No,-1,1,0,1,0,1,1,1,-6.150009,-77.80852,cola_kafka,2,0,0,0
RC0000972,L000972,F0009,2025-10-08,TEC01,Si,5,0,0,0,0,0,1,1,-6.272963,-77.825038,formulario_campo,0,0,1,0
RC0000973,L000973,F0111,2025-07-22,TEC04,No,-1,1,0,0,0,1,0,0,-6.236529,-77.858185,formulario_campo,1,1,0,0
RC0000974,L000974,F0049,2025-05-11,TEC07,Si,35,0,0,0,0,0,0,1,-6.195227,-77.915248,formulario_campo,0,0,1,0
RC0000975,L000975,F0049,2025-06-27,TEC11,Si,21,0,0,0,0,0,1,1,-6.194698,-77.915854,formulario_campo,0,0,1,0
RC0000976,L000976,F0064,2025-09-13,TEC03,Si,42,0,1,1,0,1,1,1,-6.273341,-77.803535,formulario_campo,2,0,1,0
RC0000977,L000977,F0083,2025-09-18,TEC06,No,-1,0,0,0,0,0,0,1,-6.167666,-77.89173,formulario_campo,0,0,0,0
RC0000978,L000978,F0089,2026-08-27,TEC09,No_se_sabe,-1,1,0,0,0,1,1,0,-6.212943,-77.849221,dashboard_acopio,1,0,0,1
RC0000979,L000979,F0039,2026-06-27,TEC05,No,-1,0,0,0,0,0,1,1,-6.219419,-77.781643,dashboard_acopio,0,0,0,0
RC0000980,L000980,F0072,2025-09-23,TEC06,No,-1,0,0,0,0,0,1,1,-6.08404,-77.827908,formulario_campo,0,0,0,0
RC0000981,L000981,F0005,2025-09-14,TEC08,Si,35,1,0,0,1,1,1,1,-6.205117,-77.898242,formulario_campo,2,0,1,0
RC0000982,L000982,F0043,2025-08-24,TEC09,No_se_sabe,-1,0,0,0,1,1,0,0,-6.172103,-77.94587,formulario_campo,1,0,0,1
RC0000983,L000983,F0113,2026-07-29,TEC08,Si,29,1,0,1,0,1,0,0,-6.208634,-77.888868,dashboard_acopio,2,1,1,0
RC0000984,L000984,F0026,2026-03-03,TEC12,No_se_sabe,-1,0,0,0,0,0,1,1,-6.236066,-77.772067,formulario_campo,0,0,0,1
RC0000985,L000985,F0093,2026-06-03,TEC12,Si,39,0,0,0,1,1,1,1,-6.242826,-77.905111,cola_kafka,1,0,1,0
RC0000986,L000986,F0017,2025-06-12,TEC10,No_se_sabe,-1,0,1,0,0,1,0,0,-6.2713,-77.855778,cola_kafka,1,0,0,1
RC0000987,L000987,F0034,2025-08-11,TEC07,Si,23,1,1,1,0,1,0,0,-6.211071,-77.884285,formulario_campo,3,1,1,0
RC0000988,L000988,F0104,2025-07-25,TEC04,Si,19,1,0,0,1,1,1,1,-6.210239,-77.863502,formulario_campo,2,0,1,0
RC0000989,L000989,F0022,2026-06-29,TEC04,No_se_sabe,-1,1,0,0,0,1,1,1,-6.253226,-77.858265,dashboard_acopio,1,0,0,1
RC0000990,L000990,F0116,2025-08-08,TEC04,Si,39,1,1,0,1,1,0,0,-6.225809,-77.847682,formulario_campo,3,1,1,0
RC0000991,L000991,F0112,2025-06-28,TEC11,Si,43,0,0,1,1,1,0,0,-6.276307,-77.861611,formulario_campo,2,0,1,0
RC0000992,L000992,F0083,2025-04-27,TEC04,No_se_sabe,-1,1,0,0,0,1,0,0,-6.166875,-77.893121,formulario_campo,1,1,0,1
RC0000993,L000993,F0082,2025-02-27,TEC07,No,-1,1,0,0,0,1,1,1,-6.195147,-77.869502,dashboard_acopio,1,0,0,0
RC0000994,L000994,F0075,2026-07-15,TEC08,No_se_sabe,-1,0,0,0,0,0,1,1,-6.228566,-77.937505,formulario_campo,0,0,0,1
RC0000995,L000995,F0016,2025-07-17,TEC12,No,-1,0,1,0,0,1,1,1,-6.243248,-77.875397,formulario_campo,1,0,0,0
RC0000996,L000996,F0006,2026-06-26,TEC06,No,-1,0,1,1,0,1,0,0,-6.232706,-77.790938,formulario_campo,2,0,0,0
RC0000997,L000997,F0091,2025-06-21,TEC08,No,-1,1,0,0,1,1,1,0,-6.220299,-77.875479,formulario_campo,2,0,0,0
RC0000998,L000998,F0074,2026-04-13,TEC11,No,-1,0,0,0,0,0,1,1,-6.27394,-77.869599,cola_kafka,0,0,0,0
RC0000999,L000999,F0001,2025-07-12,TEC08,No,-1,0,0,0,1,1,1,1,-6.236961,-77.780509,cola_kafka,1,0,0,0
RC0001000,L001000,F0074,2025-09-24,TEC02,No,-1,1,0,1,0,1,1,0,-6.27352,-77.870398,formulario_campo,2,0,0,0
RC0001001,L001001,F0090,2026-08-08,TEC04,No_se_sabe,-1,0,0,0,0,0,1,1,-6.198804,-77.818619,cola_kafka,0,0,0,1
RC0001002,L001002,F0076,2025-06-09,TEC06,Si,16,1,0,0,1,1,1,0,-6.314774,-77.908347,dashboard_acopio,2,0,1,0
RC0001003,L001003,F0029,2025-04-23,TEC07,Si,23,1,0,0,1,1,0,0,-6.195328,-77.844723,formulario_campo,2,1,1,0
RC0001004,L001004,F0051,2026-05-01,TEC06,No_se_sabe,-1,0,1,1,0,1,1,1,-6.225207,-77.931265,formulario_campo,2,0,0,1
RC0001005,L001005,F0060,2025-08-02,TEC02,No,-1,1,0,0,0,1,1,1,-6.30027,-77.8296,dashboard_acopio,1,0,0,0
RC0001006,L001006,F0055,2026-07-21,TEC03,No,-1,0,0,0,0,0,1,1,-6.24167,-77.880641,formulario_campo,0,0,0,0
RC0001007,L001007,F0098,2025-09-08,TEC04,No,-1,0,0,0,1,1,1,1,-6.212356,-77.899288,dashboard_acopio,1,0,0,0
RC0001008,L001008,F0105,2026-08-01,TEC11,Si,20,0,0,0,0,0,1,1,-6.236474,-77.87928,formulario_campo,0,0,1,0
RC0001009,L001009,F0019,2026-01-30,TEC09,Si,8,0,0,0,1,1,0,0,-6.227816,-77.860768,dashboard_acopio,1,0,1,0
RC0001010,L001010,F0019,2025-04-19,TEC04,Si,1,0,0,0,0,0,1,1,-6.227408,-77.860926,formulario_campo,0,0,1,0
RC0001011,L001011,F0026,2025-05-14,TEC07,No_se_sabe,-1,1,0,1,0,1,0,0,-6.234325,-77.770969,cola_kafka,2,1,0,1
RC0001012,L001012,F0113,2025-06-21,TEC02,Si,10,1,0,0,1,1,1,0,-6.209116,-77.889393,dashboard_acopio,2,0,1,0
RC0001013,L001013,F0026,2026-05-13,TEC12,No,-1,0,0,1,1,1,1,1,-6.234334,-77.771973,formulario_campo,2,0,0,0
RC0001014,L001014,F0021,2026-07-27,TEC04,No,-1,0,1,0,1,1,0,1,-6.289879,-77.862598,formulario_campo,2,0,0,0
RC0001015,L001015,F0044,2025-09-03,TEC07,No,-1,0,0,0,0,0,1,1,-6.316613,-77.890714,dashboard_acopio,0,0,0,0
RC0001016,L001016,F0086,2025-05-14,TEC12,Si,5,1,1,0,0,1,0,0,-6.219541,-77.925537,cola_kafka,2,1,1,0
RC0001017,L001017,F0071,2025-07-25,TEC08,Si,22,0,1,1,0,1,1,1,-6.236844,-77.871623,dashboard_acopio,2,0,1,0
RC0001018,L001018,F0099,2026-04-06,TEC04,No_se_sabe,-1,1,0,0,1,1,0,0,-6.176125,-77.807267,dashboard_acopio,2,1,0,1
RC0001019,L001019,F0046,2025-04-14,TEC05,No,-1,0,1,0,1,1,0,0,-6.280434,-77.881275,dashboard_acopio,2,0,0,0
RC0001020,L001020,F0043,2025-09-21,TEC08,Si,23,1,0,0,1,1,1,1,-6.17334,-77.946256,cola_kafka,2,0,1,0
RC0001021,L001021,F0099,2026-05-15,TEC09,Si,13,1,1,0,1,1,1,0,-6.175987,-77.806077,formulario_campo,3,0,1,0
RC0001022,L001022,F0098,2026-08-01,TEC03,Si,11,1,1,0,1,1,0,0,-6.211623,-77.89776,formulario_campo,3,1,1,0
RC0001023,L001023,F0001,2026-07-19,TEC10,No,-1,0,1,0,1,1,1,1,-6.236182,-77.780063,formulario_campo,2,0,0,0
RC0001024,L001024,F0084,2026-04-18,TEC09,Si,1,1,0,1,1,1,1,1,-6.172927,-77.857329,cola_kafka,3,0,1,0
RC0001025,L001025,F0030,2026-08-24,TEC09,No_se_sabe,-1,1,1,1,0,1,0,0,-6.208611,-77.903376,cola_kafka,3,1,0,1
RC0001026,L001026,F0049,2025-08-21,TEC10,No_se_sabe,-1,0,0,0,1,1,1,1,-6.195957,-77.915599,cola_kafka,1,0,0,1
RC0001027,L001027,F0018,2026-08-18,TEC09,Si,33,0,1,1,1,1,0,0,-6.223864,-77.90282,formulario_campo,3,0,1,0
RC0001028,L001028,F0045,2025-08-16,TEC04,No,-1,0,0,0,0,0,1,1,-6.251293,-77.829237,formulario_campo,0,0,0,0
RC0001029,L001029,F0080,2026-08-28,TEC05,Si,37,0,0,0,1,1,0,0,-6.267912,-77.912516,cola_kafka,1,0,1,0
RC0001030,L001030,F0039,2026-08-30,TEC03,Si,22,0,1,0,0,1,0,1,-6.220737,-77.782267,dashboard_acopio,1,0,1,0
RC0001031,L001031,F0007,2026-04-07,TEC02,Si,5,0,0,1,0,1,1,1,-6.196893,-77.904626,formulario_campo,1,0,1,0
RC0001032,L001032,F0083,2026-07-05,TEC06,No,-1,0,0,1,1,1,1,1,-6.167568,-77.892607,dashboard_acopio,2,0,0,0
RC0001033,L001033,F0069,2025-04-18,TEC02,Si,23,0,1,0,1,1,0,0,-6.317919,-77.834197,formulario_campo,2,0,1,0
RC0001034,L001034,F0072,2025-08-29,TEC07,No_se_sabe,-1,1,0,0,1,1,0,0,-6.082971,-77.828114,formulario_campo,2,1,0,1
RC0001035,L001035,F0095,2025-07-24,TEC09,No_se_sabe,-1,1,0,1,0,1,1,0,-6.279663,-77.861641,cola_kafka,2,0,0,1
RC0001036,L001036,F0022,2025-09-01,TEC09,No,-1,0,0,0,1,1,1,1,-6.254506,-77.859053,formulario_campo,1,0,0,0
RC0001037,L001037,F0106,2026-04-22,TEC05,No_se_sabe,-1,0,1,0,0,1,1,1,-6.253497,-77.837486,formulario_campo,1,0,0,1
RC0001038,L001038,F0023,2025-11-20,TEC10,No,-1,0,0,1,1,1,1,1,-6.161218,-77.836424,formulario_campo,2,0,0,0
RC0001039,L001039,F0054,2026-08-15,TEC04,No,-1,0,1,0,1,1,1,1,-6.193971,-77.865135,dashboard_acopio,2,0,0,0
RC0001040,L001040,F0023,2026-06-22,TEC11,No,-1,1,0,0,0,1,1,1,-6.160831,-77.836951,dashboard_acopio,1,0,0,0
RC0001041,L001041,F0104,2026-08-14,TEC04,No_se_sabe,-1,0,1,0,1,1,1,1,-6.209714,-77.861469,dashboard_acopio,2,0,0,1
RC0001042,L001042,F0019,2025-01-05,TEC10,Si,19,0,0,0,0,0,0,1,-6.227438,-77.859693,formulario_campo,0,0,1,0
RC0001043,L001043,F0113,2026-05-26,TEC08,Si,2,0,0,1,1,1,1,1,-6.209511,-77.888337,formulario_campo,2,0,1,0
RC0001044,L001044,F0024,2026-04-19,TEC11,No_se_sabe,-1,0,0,1,0,1,0,0,-6.335701,-77.801844,formulario_campo,1,0,0,1
RC0001045,L001045,F0086,2025-05-13,TEC05,Si,1,0,0,0,1,1,1,1,-6.218144,-77.924912,formulario_campo,1,0,1,0
RC0001046,L001046,F0108,2025-05-11,TEC10,Si,21,1,0,1,1,1,1,0,-6.217154,-77.820657,formulario_campo,3,0,1,0
RC0001047,L001047,F0008,2025-10-28,TEC07,No_se_sabe,-1,1,1,1,0,1,1,0,-6.280118,-77.904773,formulario_campo,3,0,0,1
RC0001048,L001048,F0099,2026-06-28,TEC08,No,-1,0,0,1,0,1,1,0,-6.17606,-77.806443,dashboard_acopio,1,0,0,0
RC0001049,L001049,F0104,2025-09-18,TEC12,Si,7,0,0,0,1,1,1,1,-6.20919,-77.863005,formulario_campo,1,0,1,0
RC0001050,L001050,F0070,2025-04-09,TEC01,No,-1,1,0,1,0,1,1,0,-6.190119,-77.846856,dashboard_acopio,2,0,0,0
RC0001051,L001051,F0085,2025-04-01,TEC10,Si,41,0,0,0,0,0,1,1,-6.276337,-77.853234,dashboard_acopio,0,0,1,0
RC0001052,L001052,F0053,2025-03-30,TEC10,No,-1,0,0,0,1,1,1,1,-6.259086,-77.903231,formulario_campo,1,0,0,0
RC0001053,L001053,F0118,2025-08-21,TEC08,Si,43,0,0,0,0,0,0,0,-6.277642,-77.832658,cola_kafka,0,0,1,0
RC0001054,L001054,F0054,2025-10-11,TEC08,Si,6,1,1,0,1,1,1,1,-6.196124,-77.865241,cola_kafka,3,0,1,0
RC0001055,L001055,F0017,2025-09-27,TEC02,Si,22,1,0,0,0,1,1,1,-6.271717,-77.855851,dashboard_acopio,1,0,1,0
RC0001056,L001056,F0111,2025-08-03,TEC06,No,-1,1,1,1,1,1,0,0,-6.236934,-77.858558,formulario_campo,4,1,0,0
RC0001057,L001057,F0046,2025-12-19,TEC12,No,-1,0,1,0,0,1,0,0,-6.281018,-77.880632,formulario_campo,1,0,0,0
RC0001058,L001058,F0006,2025-06-25,TEC07,No,-1,1,1,0,0,1,1,0,-6.232701,-77.790591,cola_kafka,2,0,0,0
RC0001059,L001059,F0093,2025-09-09,TEC12,No,-1,1,0,1,0,1,0,0,-6.244795,-77.904483,formulario_campo,2,1,0,0
RC0001060,L001060,F0091,2025-09-08,TEC02,No_se_sabe,-1,1,0,0,1,1,0,1,-6.219111,-77.876188,formulario_campo,2,1,0,1
RC0001061,L001061,F0109,2025-04-12,TEC03,No_se_sabe,-1,1,1,0,1,1,0,0,-6.251752,-77.891014,cola_kafka,3,1,0,1
RC0001062,L001062,F0069,2025-07-27,TEC01,No,-1,1,1,1,0,1,1,0,-6.317939,-77.834562,formulario_campo,3,0,0,0
RC0001063,L001063,F0022,2025-04-06,TEC10,No,-1,1,0,0,0,1,1,1,-6.253192,-77.857591,formulario_campo,1,0,0,0
RC0001064,L001064,F0098,2026-01-14,TEC05,Si,30,0,0,1,1,1,0,0,-6.211364,-77.899126,cola_kafka,2,0,1,0
RC0001065,L001065,F0051,2026-08-07,TEC08,Si,11,0,0,0,1,1,1,1,-6.225213,-77.930726,cola_kafka,1,0,1,0
RC0001066,L001066,F0047,2025-06-11,TEC02,Si,39,0,1,0,0,1,1,1,-6.189689,-77.799076,formulario_campo,1,0,1,0
RC0001067,L001067,F0009,2025-08-08,TEC04,No,-1,1,0,0,1,1,1,0,-6.274565,-77.826317,dashboard_acopio,2,0,0,0
RC0001068,L001068,F0116,2025-08-23,TEC07,Si,23,0,0,0,0,0,1,1,-6.226294,-77.847661,formulario_campo,0,0,1,0
RC0001069,L001069,F0074,2025-04-24,TEC01,No_se_sabe,-1,0,0,0,1,1,1,1,-6.273347,-77.869719,formulario_campo,1,0,0,1
RC0001070,L001070,F0085,2025-04-17,TEC11,No_se_sabe,-1,0,0,1,1,1,1,1,-6.275713,-77.854799,dashboard_acopio,2,0,0,1
RC0001071,L001071,F0003,2025-09-04,TEC01,Si,6,1,0,0,1,1,0,1,-6.214776,-77.81937,dashboard_acopio,2,1,1,0
RC0001072,L001072,F0078,2026-08-01,TEC10,Si,21,0,0,0,0,0,1,1,-6.261167,-77.818486,formulario_campo,0,0,1,0
RC0001073,L001073,F0071,2026-08-23,TEC10,Si,32,1,1,0,0,1,1,0,-6.236014,-77.869943,cola_kafka,2,0,1,0
RC0001074,L001074,F0050,2025-06-09,TEC08,No,-1,0,0,0,1,1,0,1,-6.299994,-77.915164,formulario_campo,1,0,0,0
RC0001075,L001075,F0033,2026-05-05,TEC09,No_se_sabe,-1,1,1,0,0,1,0,0,-6.206209,-77.894572,dashboard_acopio,2,1,0,1
RC0001076,L001076,F0003,2025-09-23,TEC02,Si,5,0,0,0,0,0,1,1,-6.214152,-77.820948,formulario_campo,0,0,1,0
RC0001077,L001077,F0042,2025-02-27,TEC09,No,-1,0,0,0,1,1,1,1,-6.207316,-77.96578,formulario_campo,1,0,0,0
RC0001078,L001078,F0019,2025-08-21,TEC08,No,-1,0,1,1,1,1,1,1,-6.226421,-77.859936,formulario_campo,3,0,0,0
RC0001079,L001079,F0085,2026-07-08,TEC12,Si,5,0,0,1,1,1,1,1,-6.275747,-77.854485,dashboard_acopio,2,0,1,0
RC0001080,L001080,F0114,2026-04-08,TEC12,Si,27,0,0,1,0,1,1,1,-6.302304,-77.849484,dashboard_acopio,1,0,1,0
RC0001081,L001081,F0094,2026-06-30,TEC06,No,-1,1,1,1,0,1,0,0,-6.268042,-77.940523,cola_kafka,3,1,0,0
RC0001082,L001082,F0033,2025-05-12,TEC01,Si,3,1,0,1,0,1,0,0,-6.207119,-77.89544,formulario_campo,2,1,1,0
RC0001083,L001083,F0114,2025-04-23,TEC08,Si,14,0,0,0,0,0,1,1,-6.300908,-77.850514,formulario_campo,0,0,1,0
RC0001084,L001084,F0083,2026-05-01,TEC01,No_se_sabe,-1,0,0,1,0,1,0,1,-6.168744,-77.890933,formulario_campo,1,0,0,1
RC0001085,L001085,F0010,2025-09-10,TEC06,No_se_sabe,-1,0,0,0,1,1,1,1,-6.259996,-77.875465,formulario_campo,1,0,0,1
RC0001086,L001086,F0109,2025-09-30,TEC11,Si,32,0,1,0,1,1,0,1,-6.251368,-77.892435,formulario_campo,2,0,1,0
RC0001087,L001087,F0089,2025-04-01,TEC09,No_se_sabe,-1,1,1,0,1,1,1,0,-6.213781,-77.849637,formulario_campo,3,0,0,1
RC0001088,L001088,F0104,2025-05-16,TEC02,No_se_sabe,-1,0,1,1,0,1,0,0,-6.210372,-77.861915,formulario_campo,2,0,0,1
RC0001089,L001089,F0012,2025-05-15,TEC07,Si,37,0,0,1,0,1,1,1,-6.228557,-77.898192,dashboard_acopio,1,0,1,0
RC0001090,L001090,F0073,2026-05-23,TEC02,Si,42,0,1,0,0,1,1,1,-6.195379,-77.91842,formulario_campo,1,0,1,0
RC0001091,L001091,F0071,2026-07-13,TEC01,Si,32,0,0,0,1,1,0,0,-6.236083,-77.870862,cola_kafka,1,0,1,0
RC0001092,L001092,F0044,2026-08-19,TEC11,Si,10,0,0,1,1,1,1,1,-6.317053,-77.890357,formulario_campo,2,0,1,0
RC0001093,L001093,F0014,2026-07-24,TEC02,No,-1,0,0,0,0,0,1,1,-6.251929,-77.79942,cola_kafka,0,0,0,0
RC0001094,L001094,F0047,2026-07-21,TEC05,Si,12,0,0,0,1,1,1,1,-6.189569,-77.79764,cola_kafka,1,0,1,0
RC0001095,L001095,F0034,2026-07-25,TEC03,Si,31,0,0,1,1,1,1,1,-6.211182,-77.88411,formulario_campo,2,0,1,0
RC0001096,L001096,F0105,2025-06-24,TEC01,No,-1,0,0,1,0,1,1,0,-6.23699,-77.879494,cola_kafka,1,0,0,0
RC0001097,L001097,F0111,2026-08-14,TEC03,No,-1,1,1,1,0,1,0,0,-6.237276,-77.858053,dashboard_acopio,3,1,0,0
RC0001098,L001098,F0007,2025-09-20,TEC03,No,-1,0,0,0,0,0,1,1,-6.196629,-77.904591,cola_kafka,0,0,0,0
RC0001099,L001099,F0053,2025-07-25,TEC05,No,-1,1,0,0,0,1,1,1,-6.259338,-77.903912,formulario_campo,1,0,0,0
RC0001100,L001100,F0059,2025-09-08,TEC07,Si,39,0,0,0,1,1,1,0,-6.248438,-77.97332,dashboard_acopio,1,0,1,0
RC0001101,L001101,F0120,2026-06-04,TEC01,No,-1,0,0,0,1,1,0,0,-6.221454,-77.875282,cola_kafka,1,0,0,0
RC0001102,L001102,F0022,2026-06-09,TEC10,No_se_sabe,-1,0,0,0,1,1,1,1,-6.253413,-77.857241,dashboard_acopio,1,0,0,1
RC0001103,L001103,F0046,2025-06-03,TEC12,No,-1,1,0,0,0,1,1,1,-6.280594,-77.881163,dashboard_acopio,1,0,0,0
RC0001104,L001104,F0020,2025-01-28,TEC09,No,-1,1,0,0,0,1,0,0,-6.202911,-77.891742,formulario_campo,1,1,0,0
RC0001105,L001105,F0031,2025-08-08,TEC12,No,-1,0,0,1,0,1,0,0,-6.247056,-77.929896,formulario_campo,1,0,0,0
RC0001106,L001106,F0012,2025-04-11,TEC12,No_se_sabe,-1,0,0,1,0,1,1,1,-6.229064,-77.897893,formulario_campo,1,0,0,1
RC0001107,L001107,F0050,2025-04-29,TEC11,Si,31,1,0,1,0,1,1,0,-6.29974,-77.915614,cola_kafka,2,0,1,0
RC0001108,L001108,F0005,2025-05-09,TEC02,Si,11,1,1,1,0,1,0,0,-6.204737,-77.897102,dashboard_acopio,3,1,1,0
RC0001109,L001109,F0020,2026-05-17,TEC07,No,-1,1,1,1,1,1,1,0,-6.202655,-77.890961,formulario_campo,4,0,0,0
RC0001110,L001110,F0026,2026-08-10,TEC11,No_se_sabe,-1,1,0,1,0,1,1,0,-6.234515,-77.770963,formulario_campo,2,0,0,1
RC0001111,L001111,F0075,2025-08-12,TEC06,Si,27,1,1,1,1,1,1,1,-6.228913,-77.936215,formulario_campo,4,0,1,0
RC0001112,L001112,F0084,2025-05-04,TEC08,No,-1,0,0,1,0,1,1,1,-6.172836,-77.857835,cola_kafka,1,0,0,0
RC0001113,L001113,F0025,2025-03-12,TEC07,Si,6,1,0,1,0,1,0,0,-6.232155,-77.955779,formulario_campo,2,1,1,0
RC0001114,L001114,F0053,2025-03-14,TEC04,No,-1,1,1,1,0,1,0,0,-6.260174,-77.903266,formulario_campo,3,1,0,0
RC0001115,L001115,F0068,2025-07-27,TEC05,No,-1,0,0,0,0,0,1,1,-6.1535,-77.880144,formulario_campo,0,0,0,0
RC0001116,L001116,F0112,2025-05-19,TEC10,Si,15,1,1,0,1,1,0,0,-6.27531,-77.861531,formulario_campo,3,1,1,0
RC0001117,L001117,F0020,2026-06-20,TEC03,No_se_sabe,-1,0,0,1,0,1,0,0,-6.203861,-77.891685,dashboard_acopio,1,0,0,1
RC0001118,L001118,F0110,2025-04-04,TEC04,No,-1,1,1,0,0,1,1,1,-6.272014,-77.879099,formulario_campo,2,0,0,0
RC0001119,L001119,F0005,2025-07-24,TEC10,No_se_sabe,-1,0,1,1,0,1,0,0,-6.205323,-77.898039,dashboard_acopio,2,0,0,1
RC0001120,L001120,F0003,2025-07-12,TEC12,Si,13,0,1,1,0,1,0,0,-6.215926,-77.820386,formulario_campo,2,0,1,0
RC0001121,L001121,F0038,2026-06-01,TEC12,Si,28,0,1,0,1,1,0,1,-6.241879,-77.856175,formulario_campo,2,0,1,0
RC0001122,L001122,F0064,2025-09-17,TEC12,No_se_sabe,-1,0,0,1,0,1,0,0,-6.2729,-77.803328,cola_kafka,1,0,0,1
RC0001123,L001123,F0062,2026-05-27,TEC05,No_se_sabe,-1,0,0,1,1,1,0,0,-6.196401,-77.846207,cola_kafka,2,0,0,1
RC0001124,L001124,F0009,2025-08-20,TEC12,Si,35,1,0,1,1,1,0,0,-6.273474,-77.826736,formulario_campo,3,1,1,0
RC0001125,L001125,F0004,2025-08-26,TEC08,No,-1,1,0,0,0,1,1,0,-6.261042,-77.964277,formulario_campo,1,0,0,0
RC0001126,L001126,F0073,2026-03-24,TEC06,No,-1,1,0,1,1,1,1,0,-6.196543,-77.918213,formulario_campo,3,0,0,0
RC0001127,L001127,F0118,2026-05-16,TEC05,No_se_sabe,-1,0,0,0,0,0,1,1,-6.277316,-77.833809,formulario_campo,0,0,0,1
RC0001128,L001128,F0044,2026-07-08,TEC06,Si,32,1,1,1,0,1,0,0,-6.31708,-77.891629,dashboard_acopio,3,1,1,0
RC0001129,L001129,F0006,2025-06-24,TEC01,No,-1,0,1,0,0,1,0,0,-6.23052,-77.79139,cola_kafka,1,0,0,0
RC0001130,L001130,F0010,2026-04-20,TEC06,No,-1,1,1,1,0,1,1,0,-6.258996,-77.875502,cola_kafka,3,0,0,0
RC0001131,L001131,F0004,2025-09-18,TEC02,No,-1,0,0,1,0,1,1,1,-6.261842,-77.964578,formulario_campo,1,0,0,0
RC0001132,L001132,F0089,2026-06-17,TEC03,Si,38,0,0,1,0,1,1,1,-6.213322,-77.850114,formulario_campo,1,0,1,0
RC0001133,L001133,F0005,2025-07-12,TEC11,No_se_sabe,-1,0,0,1,0,1,1,1,-6.20497,-77.897685,formulario_campo,1,0,0,1
RC0001134,L001134,F0095,2025-04-05,TEC07,No_se_sabe,-1,1,0,0,1,1,0,0,-6.277989,-77.861425,formulario_campo,2,1,0,1
RC0001135,L001135,F0008,2025-05-03,TEC08,No_se_sabe,-1,0,0,0,1,1,1,1,-6.281284,-77.904683,formulario_campo,1,0,0,1
RC0001136,L001136,F0109,2025-07-12,TEC02,No_se_sabe,-1,0,1,0,1,1,1,1,-6.250489,-77.891917,formulario_campo,2,0,0,1
RC0001137,L001137,F0017,2025-01-21,TEC08,No,-1,0,0,0,1,1,1,1,-6.271404,-77.855946,formulario_campo,1,0,0,0
RC0001138,L001138,F0042,2025-02-04,TEC05,Si,36,1,0,0,1,1,1,0,-6.207093,-77.964518,formulario_campo,2,0,1,0
RC0001139,L001139,F0022,2025-09-13,TEC04,No,-1,1,0,0,1,1,1,1,-6.25361,-77.857312,formulario_campo,2,0,0,0
RC0001140,L001140,F0083,2025-09-30,TEC06,No,-1,1,0,0,0,1,0,0,-6.167303,-77.891741,formulario_campo,1,1,0,0
RC0001141,L001141,F0004,2025-09-04,TEC08,No_se_sabe,-1,0,1,0,0,1,1,0,-6.260951,-77.96397,cola_kafka,1,0,0,1
RC0001142,L001142,F0049,2026-04-27,TEC02,Si,7,0,0,0,0,0,1,1,-6.195114,-77.91615,formulario_campo,0,0,1,0
RC0001143,L001143,F0018,2026-05-28,TEC05,No,-1,1,0,1,1,1,1,0,-6.223862,-77.902576,cola_kafka,3,0,0,0
RC0001144,L001144,F0118,2026-04-24,TEC02,Si,21,0,0,0,1,1,0,0,-6.278479,-77.832701,dashboard_acopio,1,0,1,0
RC0001145,L001145,F0028,2025-08-27,TEC06,Si,25,0,1,1,0,1,1,1,-6.231927,-77.854311,formulario_campo,2,0,1,0
RC0001146,L001146,F0073,2026-08-13,TEC09,No_se_sabe,-1,1,1,0,0,1,1,1,-6.196388,-77.917889,formulario_campo,2,0,0,1
RC0001147,L001147,F0098,2026-02-12,TEC06,Si,19,1,1,0,0,1,0,0,-6.210546,-77.898748,dashboard_acopio,2,1,1,0
RC0001148,L001148,F0072,2025-05-19,TEC03,No_se_sabe,-1,1,0,1,0,1,0,0,-6.083308,-77.826176,formulario_campo,2,1,0,1
RC0001149,L001149,F0088,2026-04-07,TEC03,No,-1,1,1,1,0,1,0,0,-6.277327,-77.844586,cola_kafka,3,1,0,0
RC0001150,L001150,F0116,2025-11-26,TEC09,No,-1,0,0,0,1,1,1,1,-6.225743,-77.849586,formulario_campo,1,0,0,0
RC0001151,L001151,F0111,2025-06-22,TEC01,No_se_sabe,-1,0,1,1,1,1,1,0,-6.237031,-77.857822,cola_kafka,3,0,0,1
RC0001152,L001152,F0077,2026-08-07,TEC05,Si,10,1,0,0,0,1,0,0,-6.22557,-77.836238,dashboard_acopio,1,1,1,0
RC0001153,L001153,F0038,2026-06-18,TEC05,No,-1,1,0,0,1,1,1,1,-6.242793,-77.855156,cola_kafka,2,0,0,0
RC0001154,L001154,F0042,2026-06-14,TEC11,No_se_sabe,-1,0,0,0,0,0,1,1,-6.207724,-77.964682,dashboard_acopio,0,0,0,1
RC0001155,L001155,F0086,2025-04-13,TEC03,Si,26,0,0,0,1,1,1,1,-6.218461,-77.925419,formulario_campo,1,0,1,0
RC0001156,L001156,F0009,2025-06-25,TEC05,No,-1,0,1,0,1,1,1,1,-6.274304,-77.825363,formulario_campo,2,0,0,0
RC0001157,L001157,F0118,2026-02-16,TEC01,Si,18,0,1,1,1,1,1,0,-6.277616,-77.832171,formulario_campo,3,0,1,0
RC0001158,L001158,F0034,2025-03-09,TEC06,No,-1,1,1,0,0,1,0,0,-6.210485,-77.884957,cola_kafka,2,1,0,0
RC0001159,L001159,F0080,2025-04-01,TEC04,Si,31,1,0,0,0,1,0,0,-6.268594,-77.911752,formulario_campo,1,1,1,0
RC0001160,L001160,F0022,2025-04-13,TEC02,No,-1,1,0,1,0,1,1,1,-6.253492,-77.857823,formulario_campo,2,0,0,0
RC0001161,L001161,F0055,2026-05-02,TEC09,Si,12,1,0,0,0,1,0,0,-6.24068,-77.879875,dashboard_acopio,1,1,1,0
RC0001162,L001162,F0047,2025-07-05,TEC08,No,-1,0,1,1,0,1,1,1,-6.189622,-77.79629,formulario_campo,2,0,0,0
RC0001163,L001163,F0083,2026-08-17,TEC09,Si,2,0,0,0,1,1,1,1,-6.167702,-77.892209,cola_kafka,1,0,1,0
RC0001164,L001164,F0083,2026-05-30,TEC09,No,-1,0,0,0,1,1,1,1,-6.167461,-77.892111,formulario_campo,1,0,0,0
RC0001165,L001165,F0105,2026-07-26,TEC03,Si,25,1,1,1,0,1,0,0,-6.236408,-77.879353,formulario_campo,3,1,1,0
RC0001166,L001166,F0070,2026-04-23,TEC07,No_se_sabe,-1,0,0,0,1,1,1,0,-6.190209,-77.847159,dashboard_acopio,1,0,0,1
RC0001167,L001167,F0108,2025-06-09,TEC02,Si,8,0,0,1,0,1,1,0,-6.216334,-77.820246,formulario_campo,1,0,1,0
RC0001168,L001168,F0104,2026-08-05,TEC08,No_se_sabe,-1,0,0,1,1,1,0,1,-6.209372,-77.862339,cola_kafka,2,0,0,1
RC0001169,L001169,F0018,2026-07-08,TEC03,No_se_sabe,-1,0,0,0,1,1,1,0,-6.222863,-77.900986,formulario_campo,1,0,0,1
RC0001170,L001170,F0060,2026-05-07,TEC08,No,-1,0,1,0,0,1,1,1,-6.3009,-77.829745,formulario_campo,1,0,0,0
RC0001171,L001171,F0013,2026-04-24,TEC11,No_se_sabe,-1,0,0,1,1,1,1,1,-6.149801,-77.809152,dashboard_acopio,2,0,0,1
RC0001172,L001172,F0039,2026-07-08,TEC04,Si,22,1,0,1,0,1,1,1,-6.220696,-77.781584,dashboard_acopio,2,0,1,0
RC0001173,L001173,F0010,2026-04-16,TEC11,Si,24,0,1,0,1,1,1,1,-6.259624,-77.875383,formulario_campo,2,0,1,0
RC0001174,L001174,F0054,2025-04-04,TEC04,No,-1,1,0,1,0,1,1,1,-6.192509,-77.864973,cola_kafka,2,0,0,0
RC0001175,L001175,F0073,2025-05-22,TEC08,Si,40,0,0,0,1,1,1,1,-6.195263,-77.918466,formulario_campo,1,0,1,0
RC0001176,L001176,F0090,2026-08-04,TEC08,No_se_sabe,-1,0,0,1,1,1,1,1,-6.198203,-77.818125,cola_kafka,2,0,0,1
RC0001177,L001177,F0025,2026-05-04,TEC04,No_se_sabe,-1,1,0,1,1,1,0,0,-6.231542,-77.956892,formulario_campo,3,1,0,1
RC0001178,L001178,F0081,2026-06-01,TEC02,No_se_sabe,-1,1,0,0,0,1,1,1,-6.150533,-77.939831,formulario_campo,1,0,0,1
RC0001179,L001179,F0101,2026-06-05,TEC12,Si,35,0,1,0,0,1,1,0,-6.335973,-77.860075,formulario_campo,1,0,1,0
RC0001180,L001180,F0001,2025-04-28,TEC07,No,-1,0,0,1,0,1,1,0,-6.23674,-77.78137,formulario_campo,1,0,0,0
RC0001181,L001181,F0021,2025-09-18,TEC10,No_se_sabe,-1,0,0,0,1,1,1,1,-6.289648,-77.863521,dashboard_acopio,1,0,0,1
RC0001182,L001182,F0085,2025-08-16,TEC02,No_se_sabe,-1,1,0,0,1,1,1,1,-6.274871,-77.853386,dashboard_acopio,2,0,0,1
RC0001183,L001183,F0061,2025-05-10,TEC08,No_se_sabe,-1,0,0,0,0,0,1,1,-6.243352,-77.863181,cola_kafka,0,0,0,1
RC0001184,L001184,F0067,2025-04-12,TEC06,No,-1,1,0,1,0,1,1,1,-6.268259,-77.768114,formulario_campo,2,0,0,0
RC0001185,L001185,F0006,2026-05-08,TEC07,No_se_sabe,-1,1,0,0,1,1,1,0,-6.232056,-77.7901,formulario_campo,2,0,0,1
RC0001186,L001186,F0091,2025-07-14,TEC10,No,-1,0,1,1,0,1,1,0,-6.219397,-77.876017,formulario_campo,2,0,0,0
RC0001187,L001187,F0113,2025-08-16,TEC12,No_se_sabe,-1,0,0,1,1,1,0,1,-6.210193,-77.88878,formulario_campo,2,0,0,1
RC0001188,L001188,F0075,2026-07-25,TEC04,No,-1,0,1,1,1,1,0,1,-6.228316,-77.937385,cola_kafka,3,0,0,0
RC0001189,L001189,F0101,2025-07-01,TEC06,Si,43,0,1,0,1,1,0,0,-6.335768,-77.858937,formulario_campo,2,0,1,0
RC0001190,L001190,F0062,2026-04-27,TEC10,Si,34,0,0,1,0,1,1,1,-6.195808,-77.845337,formulario_campo,1,0,1,0
RC0001191,L001191,F0016,2025-08-21,TEC11,No_se_sabe,-1,1,1,0,1,1,0,0,-6.244007,-77.875611,formulario_campo,3,1,0,1
RC0001192,L001192,F0077,2025-09-24,TEC12,Si,14,0,0,1,0,1,1,1,-6.226339,-77.836302,dashboard_acopio,1,0,1,0
RC0001193,L001193,F0105,2026-05-10,TEC01,No_se_sabe,-1,1,0,0,0,1,0,0,-6.235907,-77.879412,formulario_campo,1,1,0,1
RC0001194,L001194,F0051,2026-06-02,TEC08,No_se_sabe,-1,1,0,1,0,1,1,0,-6.227554,-77.930858,cola_kafka,2,0,0,1
RC0001195,L001195,F0018,2025-06-02,TEC10,No_se_sabe,-1,1,0,0,1,1,1,1,-6.221995,-77.903377,dashboard_acopio,2,0,0,1
RC0001196,L001196,F0073,2026-04-10,TEC09,No,-1,0,0,0,0,0,1,1,-6.196125,-77.917574,formulario_campo,0,0,0,0
RC0001197,L001197,F0085,2025-08-25,TEC03,Si,31,1,0,0,0,1,1,1,-6.275476,-77.853505,formulario_campo,1,0,1,0
RC0001198,L001198,F0096,2026-04-13,TEC07,No_se_sabe,-1,0,0,1,0,1,1,0,-6.147037,-77.809945,dashboard_acopio,1,0,0,1
RC0001199,L001199,F0107,2025-04-12,TEC07,Si,23,0,0,0,1,1,1,1,-6.22764,-77.903464,dashboard_acopio,1,0,1,0
RC0001200,L001200,F0050,2026-05-15,TEC08,No_se_sabe,-1,1,1,0,0,1,1,1,-6.299447,-77.913462,formulario_campo,2,0,0,1
RC0001201,L001201,F0051,2025-04-27,TEC11,No_se_sabe,-1,0,0,0,0,0,1,1,-6.227242,-77.93157,formulario_campo,0,0,0,1
RC0001202,L001202,F0017,2026-05-05,TEC04,Si,15,0,1,0,1,1,1,1,-6.272572,-77.857009,formulario_campo,2,0,1,0
RC0001203,L001203,F0066,2026-05-14,TEC05,Si,12,1,0,0,1,1,1,1,-6.261649,-77.81069,dashboard_acopio,2,0,1,0
RC0001204,L001204,F0108,2025-04-16,TEC10,Si,40,0,0,0,1,1,1,1,-6.216512,-77.819568,formulario_campo,1,0,1,0
RC0001205,L001205,F0013,2025-06-15,TEC06,No_se_sabe,-1,1,0,0,1,1,1,0,-6.15006,-77.808837,formulario_campo,2,0,0,1
RC0001206,L001206,F0013,2026-05-04,TEC04,No,-1,1,0,0,1,1,1,0,-6.148879,-77.80845,formulario_campo,2,0,0,0
RC0001207,L001207,F0012,2026-07-21,TEC06,Si,18,1,1,1,1,1,1,0,-6.229059,-77.897974,formulario_campo,4,0,1,0
RC0001208,L001208,F0059,2025-05-21,TEC10,No,-1,0,0,1,1,1,1,0,-6.248911,-77.973656,formulario_campo,2,0,0,0
RC0001209,L001209,F0002,2026-05-14,TEC04,No_se_sabe,-1,0,1,1,1,1,1,0,-6.217892,-77.931169,formulario_campo,3,0,0,1
RC0001210,L001210,F0045,2025-05-06,TEC07,Si,22,1,0,1,0,1,1,1,-6.250147,-77.830725,dashboard_acopio,2,0,1,0
RC0001211,L001211,F0076,2025-07-11,TEC12,Si,33,0,0,0,0,0,1,1,-6.315148,-77.908395,formulario_campo,0,0,1,0
RC0001212,L001212,F0055,2025-08-31,TEC03,No_se_sabe,-1,1,0,1,1,1,0,0,-6.24233,-77.879689,dashboard_acopio,3,1,0,1
RC0001213,L001213,F0063,2025-12-17,TEC02,No,-1,1,1,1,0,1,1,0,-6.243352,-77.959523,formulario_campo,3,0,0,0
RC0001214,L001214,F0003,2026-04-28,TEC03,No,-1,1,0,1,0,1,1,1,-6.215119,-77.820744,cola_kafka,2,0,0,0
RC0001215,L001215,F0003,2025-06-16,TEC11,No_se_sabe,-1,0,0,0,0,0,0,0,-6.215359,-77.820752,formulario_campo,0,0,0,1
RC0001216,L001216,F0018,2025-07-09,TEC01,Si,28,0,0,0,0,0,1,1,-6.223055,-77.902172,formulario_campo,0,0,1,0
RC0001217,L001217,F0050,2025-08-19,TEC12,Si,38,0,0,0,0,0,0,1,-6.299766,-77.914231,formulario_campo,0,0,1,0
RC0001218,L001218,F0044,2026-08-31,TEC09,Si,21,1,1,0,1,1,1,0,-6.318048,-77.889962,formulario_campo,3,0,1,0
RC0001219,L001219,F0029,2026-06-01,TEC01,No_se_sabe,-1,0,1,1,0,1,0,0,-6.194206,-77.84405,cola_kafka,2,0,0,1
RC0001220,L001220,F0039,2026-04-23,TEC02,Si,44,0,0,1,0,1,1,1,-6.220265,-77.782621,formulario_campo,1,0,1,0
RC0001221,L001221,F0008,2025-08-04,TEC05,Si,17,1,0,0,0,1,0,0,-6.278537,-77.903338,formulario_campo,1,1,1,0
RC0001222,L001222,F0056,2026-08-05,TEC10,No_se_sabe,-1,0,1,0,1,1,0,0,-6.208686,-77.902698,formulario_campo,2,0,0,1
RC0001223,L001223,F0075,2025-04-02,TEC10,No,-1,1,0,0,0,1,0,0,-6.228525,-77.937065,formulario_campo,1,1,0,0
RC0001224,L001224,F0113,2026-07-25,TEC03,No,-1,0,0,0,1,1,1,1,-6.210246,-77.888634,dashboard_acopio,1,0,0,0
RC0001225,L001225,F0031,2025-09-18,TEC04,No,-1,0,0,0,0,0,1,1,-6.244676,-77.930827,formulario_campo,0,0,0,0
RC0001226,L001226,F0078,2025-05-25,TEC11,No,-1,0,0,0,0,0,1,1,-6.261361,-77.819693,formulario_campo,0,0,0,0
RC0001227,L001227,F0031,2026-06-22,TEC06,No_se_sabe,-1,0,0,1,0,1,0,1,-6.245304,-77.930246,formulario_campo,1,0,0,1
RC0001228,L001228,F0078,2026-04-20,TEC12,No_se_sabe,-1,0,0,1,0,1,1,1,-6.261086,-77.818722,formulario_campo,1,0,0,1
RC0001229,L001229,F0075,2026-03-12,TEC10,Si,41,0,0,1,0,1,1,1,-6.22826,-77.936667,formulario_campo,1,0,1,0
RC0001230,L001230,F0068,2025-12-19,TEC06,Si,6,0,1,0,0,1,1,0,-6.153998,-77.879578,dashboard_acopio,1,0,1,0
RC0001231,L001231,F0062,2026-06-23,TEC04,No_se_sabe,-1,1,1,0,0,1,0,0,-6.196198,-77.846446,formulario_campo,2,1,0,1
RC0001232,L001232,F0104,2026-04-20,TEC11,No,-1,0,0,0,0,0,0,1,-6.209764,-77.862809,dashboard_acopio,0,0,0,0
RC0001233,L001233,F0046,2025-06-23,TEC11,Si,25,0,0,1,0,1,0,0,-6.280367,-77.881242,dashboard_acopio,1,0,1,0
RC0001234,L001234,F0042,2025-07-23,TEC06,No,-1,1,0,0,0,1,1,0,-6.20769,-77.966176,dashboard_acopio,1,0,0,0
RC0001235,L001235,F0043,2026-06-18,TEC12,Si,28,0,0,1,1,1,0,0,-6.172154,-77.944961,dashboard_acopio,2,0,1,0
RC0001236,L001236,F0037,2026-07-09,TEC07,No_se_sabe,-1,0,0,0,0,0,1,1,-6.202549,-77.860945,formulario_campo,0,0,0,1
RC0001237,L001237,F0016,2026-06-28,TEC02,No,-1,1,1,0,0,1,0,0,-6.243634,-77.875361,formulario_campo,2,1,0,0
RC0001238,L001238,F0045,2025-08-14,TEC06,Si,40,0,0,0,0,0,1,1,-6.250778,-77.828606,formulario_campo,0,0,1,0
RC0001239,L001239,F0010,2026-04-07,TEC07,Si,10,0,0,0,1,1,1,1,-6.259337,-77.875344,cola_kafka,1,0,1,0
RC0001240,L001240,F0109,2025-09-30,TEC07,No_se_sabe,-1,0,1,0,0,1,1,1,-6.251393,-77.892048,dashboard_acopio,1,0,0,1
RC0001241,L001241,F0083,2025-08-13,TEC08,Si,14,0,0,1,0,1,0,0,-6.167495,-77.891697,formulario_campo,1,0,1,0
RC0001242,L001242,F0053,2025-11-02,TEC02,No,-1,0,0,1,1,1,0,1,-6.259922,-77.904223,formulario_campo,2,0,0,0
RC0001243,L001243,F0016,2025-04-15,TEC07,No_se_sabe,-1,0,1,0,1,1,0,0,-6.243762,-77.875449,formulario_campo,2,0,0,1
RC0001244,L001244,F0088,2025-08-22,TEC04,Si,21,1,0,0,1,1,1,1,-6.276767,-77.844704,formulario_campo,2,0,1,0
RC0001245,L001245,F0086,2026-05-01,TEC07,No,-1,1,0,0,0,1,1,1,-6.218829,-77.925494,cola_kafka,1,0,0,0
RC0001246,L001246,F0080,2025-06-06,TEC12,No_se_sabe,-1,0,1,0,1,1,1,1,-6.26887,-77.912864,cola_kafka,2,0,0,1
RC0001247,L001247,F0071,2025-03-17,TEC05,No_se_sabe,-1,0,1,0,1,1,1,0,-6.236363,-77.870387,cola_kafka,2,0,0,1
RC0001248,L001248,F0068,2026-04-04,TEC12,Si,7,0,1,0,0,1,0,0,-6.153854,-77.880344,formulario_campo,1,0,1,0
RC0001249,L001249,F0086,2026-06-03,TEC10,Si,23,0,0,0,1,1,1,1,-6.218682,-77.926133,formulario_campo,1,0,1,0
RC0001250,L001250,F0108,2026-07-06,TEC12,Si,15,0,0,0,0,0,1,0,-6.217274,-77.819635,formulario_campo,0,0,1,0
RC0001251,L001251,F0103,2026-03-27,TEC09,No_se_sabe,-1,0,0,0,0,0,1,1,-6.177746,-77.917266,cola_kafka,0,0,0,1
RC0001252,L001252,F0086,2025-07-14,TEC11,Si,21,1,0,0,0,1,1,1,-6.21779,-77.92464,dashboard_acopio,1,0,1,0
RC0001253,L001253,F0059,2026-03-19,TEC08,No,-1,0,1,1,0,1,0,0,-6.248651,-77.973883,formulario_campo,2,0,0,0
RC0001254,L001254,F0099,2025-06-25,TEC12,Si,6,0,0,1,1,1,1,1,-6.176671,-77.806027,formulario_campo,2,0,1,0
RC0001255,L001255,F0042,2026-08-30,TEC08,No,-1,1,0,0,0,1,1,1,-6.208146,-77.966326,formulario_campo,1,0,0,0
RC0001256,L001256,F0039,2025-09-22,TEC06,Si,26,0,1,0,0,1,1,1,-6.219847,-77.782025,formulario_campo,1,0,1,0
RC0001257,L001257,F0009,2025-07-19,TEC03,No_se_sabe,-1,1,0,1,1,1,1,0,-6.273348,-77.82445,formulario_campo,3,0,0,1
RC0001258,L001258,F0104,2025-06-06,TEC05,Si,23,0,0,1,0,1,1,1,-6.210277,-77.862746,formulario_campo,1,0,1,0
RC0001259,L001259,F0062,2025-11-05,TEC08,Si,11,0,1,0,0,1,1,1,-6.195417,-77.845636,dashboard_acopio,1,0,1,0
RC0001260,L001260,F0010,2025-04-29,TEC06,Si,1,1,0,0,0,1,1,0,-6.259132,-77.877366,formulario_campo,1,0,1,0
RC0001261,L001261,F0075,2026-04-30,TEC06,Si,7,1,0,1,0,1,0,0,-6.227956,-77.936626,formulario_campo,2,1,1,0
RC0001262,L001262,F0043,2026-04-02,TEC11,Si,35,1,1,1,0,1,1,0,-6.172034,-77.944652,cola_kafka,3,0,1,0
RC0001263,L001263,F0080,2026-04-13,TEC03,No_se_sabe,-1,1,1,0,1,1,1,1,-6.268898,-77.91252,formulario_campo,3,0,0,1
RC0001264,L001264,F0111,2026-07-28,TEC01,No,-1,1,0,0,0,1,1,0,-6.23607,-77.857462,formulario_campo,1,0,0,0
RC0001265,L001265,F0046,2026-08-18,TEC05,No,-1,1,0,1,0,1,0,0,-6.282194,-77.881054,formulario_campo,2,1,0,0
RC0001266,L001266,F0090,2025-08-27,TEC09,No_se_sabe,-1,0,0,1,0,1,1,1,-6.198826,-77.818756,cola_kafka,1,0,0,1
RC0001267,L001267,F0114,2025-08-09,TEC12,No_se_sabe,-1,0,1,1,0,1,0,0,-6.301152,-77.850412,cola_kafka,2,0,0,1
RC0001268,L001268,F0037,2025-09-26,TEC04,Si,35,0,0,0,0,0,1,1,-6.202571,-77.8602,formulario_campo,0,0,1,0
RC0001269,L001269,F0024,2026-08-21,TEC04,Si,8,1,1,1,0,1,1,0,-6.334885,-77.8033,formulario_campo,3,0,1,0
RC0001270,L001270,F0114,2025-05-09,TEC10,No,-1,0,0,0,1,1,1,1,-6.301613,-77.850632,dashboard_acopio,1,0,0,0
RC0001271,L001271,F0088,2025-06-02,TEC01,Si,21,1,0,0,0,1,1,0,-6.277781,-77.844834,formulario_campo,1,0,1,0
RC0001272,L001272,F0090,2025-05-13,TEC04,No_se_sabe,-1,0,0,0,0,0,0,0,-6.198995,-77.818611,formulario_campo,0,0,0,1
RC0001273,L001273,F0076,2025-07-28,TEC11,No,-1,0,0,1,0,1,1,0,-6.314694,-77.908159,formulario_campo,1,0,0,0
RC0001274,L001274,F0040,2025-05-13,TEC04,Si,6,1,0,0,0,1,1,1,-6.173289,-77.908241,formulario_campo,1,0,1,0
RC0001275,L001275,F0064,2025-11-22,TEC11,No,-1,0,0,0,0,0,1,1,-6.271842,-77.803648,formulario_campo,0,0,0,0
RC0001276,L001276,F0061,2025-07-03,TEC06,No,-1,1,0,1,1,1,1,0,-6.242639,-77.862383,cola_kafka,3,0,0,0
RC0001277,L001277,F0017,2025-10-17,TEC07,Si,14,0,0,1,0,1,1,1,-6.27225,-77.856637,formulario_campo,1,0,1,0
RC0001278,L001278,F0086,2026-08-21,TEC03,No,-1,0,0,1,0,1,0,0,-6.218412,-77.925406,dashboard_acopio,1,0,0,0
RC0001279,L001279,F0107,2025-07-23,TEC03,No,-1,0,0,0,1,1,1,1,-6.227146,-77.903168,formulario_campo,1,0,0,0
RC0001280,L001280,F0064,2025-07-13,TEC08,Si,9,1,0,0,0,1,1,0,-6.274001,-77.803673,formulario_campo,1,0,1,0
RC0001281,L001281,F0010,2025-07-18,TEC08,Si,8,0,1,1,1,1,1,0,-6.259541,-77.875457,formulario_campo,3,0,1,0
RC0001282,L001282,F0005,2025-03-25,TEC05,No,-1,0,0,0,0,0,1,1,-6.205221,-77.898525,formulario_campo,0,0,0,0
RC0001283,L001283,F0095,2025-05-19,TEC04,No,-1,0,0,0,0,0,0,0,-6.278704,-77.86098,formulario_campo,0,0,0,0
RC0001284,L001284,F0010,2025-06-09,TEC07,Si,22,0,0,0,0,0,1,1,-6.259,-77.8767,cola_kafka,0,0,1,0
RC0001285,L001285,F0101,2025-09-08,TEC08,Si,36,1,0,1,1,1,0,0,-6.335776,-77.858969,formulario_campo,3,1,1,0
RC0001286,L001286,F0089,2026-05-02,TEC01,Si,5,1,0,0,1,1,0,0,-6.214486,-77.849754,cola_kafka,2,1,1,0
RC0001287,L001287,F0042,2025-06-12,TEC08,No_se_sabe,-1,1,1,0,0,1,0,0,-6.207057,-77.964332,dashboard_acopio,2,1,0,1
RC0001288,L001288,F0017,2026-07-26,TEC04,Si,16,0,0,0,0,0,1,1,-6.271633,-77.856252,dashboard_acopio,0,0,1,0
RC0001289,L001289,F0012,2025-04-25,TEC12,Si,30,1,1,1,0,1,0,0,-6.228992,-77.897985,formulario_campo,3,1,1,0
RC0001290,L001290,F0061,2025-06-22,TEC02,Si,43,0,1,0,1,1,1,0,-6.242212,-77.864049,formulario_campo,2,0,1,0
RC0001291,L001291,F0055,2026-04-26,TEC05,Si,39,1,1,0,0,1,1,0,-6.242524,-77.880509,formulario_campo,2,0,1,0
RC0001292,L001292,F0082,2025-05-11,TEC08,Si,10,0,0,1,1,1,0,0,-6.194674,-77.870415,formulario_campo,2,0,1,0
RC0001293,L001293,F0105,2025-07-30,TEC02,No,-1,1,0,0,0,1,1,0,-6.236009,-77.879399,dashboard_acopio,1,0,0,0
RC0001294,L001294,F0037,2026-07-08,TEC06,Si,43,0,0,1,0,1,0,0,-6.20253,-77.861852,formulario_campo,1,0,1,0
RC0001295,L001295,F0103,2026-05-18,TEC06,No,-1,0,0,0,0,0,1,1,-6.178722,-77.916584,formulario_campo,0,0,0,0
RC0001296,L001296,F0006,2025-09-22,TEC07,No,-1,1,1,1,1,1,0,0,-6.232355,-77.790938,dashboard_acopio,4,1,0,0
RC0001297,L001297,F0031,2025-04-06,TEC10,Si,44,0,1,1,0,1,1,0,-6.246437,-77.931028,cola_kafka,2,0,1,0
RC0001298,L001298,F0007,2025-06-21,TEC07,No_se_sabe,-1,0,0,0,0,0,1,1,-6.19606,-77.9047,dashboard_acopio,0,0,0,1
RC0001299,L001299,F0004,2026-01-30,TEC03,No_se_sabe,-1,1,0,0,0,1,1,1,-6.261069,-77.963505,formulario_campo,1,0,0,1
RC0001300,L001300,F0096,2025-11-30,TEC10,No,-1,0,0,1,1,1,1,1,-6.147286,-77.809558,formulario_campo,2,0,0,0
RC0001301,L001301,F0096,2025-08-11,TEC07,Si,36,1,0,0,1,1,1,1,-6.147056,-77.810122,dashboard_acopio,2,0,1,0
RC0001302,L001302,F0087,2026-04-19,TEC07,No,-1,0,0,0,0,0,1,1,-6.209013,-77.798365,formulario_campo,0,0,0,0
RC0001303,L001303,F0069,2026-08-01,TEC06,No_se_sabe,-1,0,0,0,0,0,1,1,-6.317077,-77.83325,formulario_campo,0,0,0,1
RC0001304,L001304,F0104,2026-04-24,TEC07,Si,27,1,1,1,0,1,1,0,-6.20927,-77.862121,formulario_campo,3,0,1,0
RC0001305,L001305,F0064,2025-04-18,TEC01,Si,26,0,0,0,0,0,0,0,-6.273238,-77.803949,formulario_campo,0,0,1,0
RC0001306,L001306,F0026,2025-10-13,TEC07,No,-1,0,1,1,0,1,0,0,-6.235282,-77.771691,formulario_campo,2,0,0,0
RC0001307,L001307,F0009,2026-02-14,TEC06,No_se_sabe,-1,0,0,0,0,0,1,1,-6.27389,-77.825511,formulario_campo,0,0,0,1
RC0001308,L001308,F0075,2026-05-17,TEC03,Si,35,0,1,0,1,1,1,0,-6.22922,-77.935754,formulario_campo,2,0,1,0
RC0001309,L001309,F0008,2026-07-10,TEC03,Si,28,1,0,0,1,1,0,0,-6.281075,-77.904332,dashboard_acopio,2,1,1,0
RC0001310,L001310,F0020,2026-08-04,TEC05,No,-1,0,1,0,1,1,1,1,-6.203169,-77.89161,formulario_campo,2,0,0,0
RC0001311,L001311,F0045,2025-07-23,TEC04,No_se_sabe,-1,0,1,0,1,1,1,1,-6.249157,-77.829418,formulario_campo,2,0,0,1
RC0001312,L001312,F0053,2025-08-29,TEC07,No,-1,0,0,1,0,1,1,0,-6.259342,-77.903632,dashboard_acopio,1,0,0,0
RC0001313,L001313,F0106,2026-08-08,TEC07,Si,42,1,0,1,0,1,1,0,-6.253729,-77.838945,cola_kafka,2,0,1,0
RC0001314,L001314,F0002,2025-05-14,TEC12,Si,17,0,0,1,1,1,1,1,-6.219231,-77.931715,formulario_campo,2,0,1,0
RC0001315,L001315,F0020,2026-07-26,TEC03,No,-1,0,0,1,0,1,1,1,-6.202399,-77.891111,formulario_campo,1,0,0,0
RC0001316,L001316,F0031,2026-08-12,TEC05,No,-1,0,1,0,1,1,1,1,-6.245666,-77.929132,dashboard_acopio,2,0,0,0
RC0001317,L001317,F0106,2025-06-26,TEC03,No,-1,1,1,1,1,1,0,0,-6.253596,-77.839441,cola_kafka,4,1,0,0
RC0001318,L001318,F0093,2025-04-02,TEC07,Si,40,1,0,0,0,1,0,0,-6.244057,-77.905075,cola_kafka,1,1,1,0
RC0001319,L001319,F0089,2025-08-11,TEC11,No,-1,1,0,1,1,1,0,0,-6.213554,-77.850693,dashboard_acopio,3,1,0,0
RC0001320,L001320,F0103,2025-05-20,TEC08,No_se_sabe,-1,0,0,0,1,1,0,1,-6.178373,-77.917284,cola_kafka,1,0,0,1
RC0001321,L001321,F0016,2026-04-23,TEC06,No_se_sabe,-1,0,0,0,0,0,1,1,-6.243503,-77.874601,formulario_campo,0,0,0,1
RC0001322,L001322,F0006,2026-06-13,TEC05,No,-1,1,1,0,1,1,0,0,-6.230982,-77.791585,dashboard_acopio,3,1,0,0
RC0001323,L001323,F0091,2025-10-24,TEC02,No,-1,0,1,0,0,1,0,1,-6.221355,-77.877732,formulario_campo,1,0,0,0
RC0001324,L001324,F0050,2026-06-25,TEC01,No,-1,0,0,1,0,1,1,1,-6.299715,-77.915556,cola_kafka,1,0,0,0
RC0001325,L001325,F0098,2026-02-16,TEC10,No,-1,1,0,0,0,1,0,0,-6.211944,-77.898947,formulario_campo,1,1,0,0
RC0001326,L001326,F0034,2025-09-02,TEC04,No,-1,0,0,0,0,0,1,1,-6.21022,-77.884841,dashboard_acopio,0,0,0,0
RC0001327,L001327,F0043,2026-06-01,TEC07,Si,29,1,1,1,1,1,0,0,-6.172076,-77.945583,cola_kafka,4,1,1,0
RC0001328,L001328,F0029,2025-06-08,TEC05,No,-1,0,0,0,0,0,0,0,-6.194884,-77.844134,formulario_campo,0,0,0,0
RC0001329,L001329,F0070,2025-09-27,TEC11,No_se_sabe,-1,0,1,0,0,1,1,1,-6.190339,-77.845979,cola_kafka,1,0,0,1
RC0001330,L001330,F0007,2025-02-16,TEC12,No_se_sabe,-1,1,1,1,0,1,0,0,-6.197011,-77.903045,dashboard_acopio,3,1,0,1
RC0001331,L001331,F0012,2026-05-03,TEC07,No,-1,1,1,0,1,1,0,0,-6.228875,-77.89824,cola_kafka,3,1,0,0
RC0001332,L001332,F0020,2025-04-09,TEC11,No,-1,1,0,0,0,1,0,1,-6.202517,-77.891316,dashboard_acopio,1,1,0,0
RC0001333,L001333,F0087,2026-02-22,TEC08,No,-1,1,1,1,0,1,0,0,-6.208498,-77.799659,dashboard_acopio,3,1,0,0
RC0001334,L001334,F0082,2025-06-17,TEC04,Si,6,0,0,0,0,0,1,1,-6.194044,-77.868809,formulario_campo,0,0,1,0
RC0001335,L001335,F0003,2025-04-01,TEC02,No_se_sabe,-1,1,0,0,0,1,1,0,-6.215544,-77.821372,formulario_campo,1,0,0,1
RC0001336,L001336,F0109,2026-04-06,TEC05,Si,30,0,0,1,1,1,1,1,-6.251668,-77.890721,cola_kafka,2,0,1,0
RC0001337,L001337,F0040,2026-05-09,TEC05,Si,34,0,0,0,0,0,1,0,-6.17362,-77.908154,formulario_campo,0,0,1,0
RC0001338,L001338,F0081,2025-07-02,TEC02,Si,34,0,0,0,1,1,1,1,-6.150092,-77.939859,formulario_campo,1,0,1,0
RC0001339,L001339,F0055,2025-06-23,TEC12,Si,13,0,0,1,0,1,1,0,-6.242835,-77.880381,formulario_campo,1,0,1,0
RC0001340,L001340,F0094,2025-07-13,TEC09,No,-1,0,0,1,0,1,1,1,-6.267319,-77.940763,formulario_campo,1,0,0,0
RC0001341,L001341,F0025,2025-07-01,TEC12,Si,22,0,0,0,1,1,1,1,-6.231402,-77.956001,cola_kafka,1,0,1,0
RC0001342,L001342,F0086,2025-07-22,TEC02,No,-1,1,0,1,1,1,1,0,-6.219002,-77.924951,cola_kafka,3,0,0,0
RC0001343,L001343,F0004,2025-08-02,TEC03,Si,13,0,0,1,1,1,1,0,-6.262192,-77.964516,dashboard_acopio,2,0,1,0
RC0001344,L001344,F0001,2025-09-14,TEC05,No,-1,0,0,0,0,0,1,1,-6.235567,-77.780628,formulario_campo,0,0,0,0
RC0001345,L001345,F0086,2025-06-15,TEC11,Si,41,1,0,1,0,1,1,0,-6.217744,-77.925299,cola_kafka,2,0,1,0
RC0001346,L001346,F0070,2026-08-06,TEC01,Si,17,1,0,0,0,1,1,0,-6.190073,-77.846239,cola_kafka,1,0,1,0
RC0001347,L001347,F0053,2025-08-14,TEC10,No,-1,0,0,0,1,1,1,1,-6.258759,-77.904131,formulario_campo,1,0,0,0
RC0001348,L001348,F0110,2025-03-27,TEC10,No,-1,1,1,1,0,1,1,0,-6.272326,-77.880024,formulario_campo,3,0,0,0
RC0001349,L001349,F0012,2025-04-08,TEC11,No,-1,1,1,0,1,1,1,0,-6.227833,-77.898189,dashboard_acopio,3,0,0,0
RC0001350,L001350,F0083,2025-04-05,TEC10,No,-1,0,0,0,0,0,1,0,-6.168548,-77.8919,formulario_campo,0,0,0,0
RC0001351,L001351,F0103,2026-07-25,TEC07,No_se_sabe,-1,1,0,1,0,1,0,0,-6.177592,-77.916867,dashboard_acopio,2,1,0,1
RC0001352,L001352,F0053,2025-07-09,TEC09,No,-1,1,0,0,0,1,1,1,-6.257469,-77.904246,formulario_campo,1,0,0,0
RC0001353,L001353,F0060,2026-06-18,TEC04,No_se_sabe,-1,0,0,0,1,1,1,1,-6.300668,-77.830167,formulario_campo,1,0,0,1
RC0001354,L001354,F0120,2025-07-22,TEC07,No,-1,1,1,1,1,1,0,0,-6.221262,-77.875232,formulario_campo,4,1,0,0
RC0001355,L001355,F0040,2026-05-20,TEC01,Si,40,0,0,0,0,0,1,1,-6.17406,-77.907521,cola_kafka,0,0,1,0
RC0001356,L001356,F0109,2025-06-03,TEC10,Si,19,0,0,0,0,0,1,1,-6.25234,-77.891589,formulario_campo,0,0,1,0
RC0001357,L001357,F0111,2026-04-16,TEC06,No,-1,1,0,0,1,1,0,0,-6.236503,-77.858761,formulario_campo,2,1,0,0
RC0001358,L001358,F0093,2025-08-03,TEC10,Si,21,1,1,1,1,1,0,0,-6.244199,-77.904696,cola_kafka,4,1,1,0
RC0001359,L001359,F0096,2025-05-12,TEC04,No_se_sabe,-1,0,1,1,0,1,1,0,-6.146906,-77.809493,formulario_campo,2,0,0,1
RC0001360,L001360,F0095,2026-08-09,TEC04,No,-1,0,0,1,0,1,1,0,-6.278412,-77.861833,cola_kafka,1,0,0,0
RC0001361,L001361,F0104,2026-02-26,TEC02,Si,1,0,0,1,1,1,1,1,-6.209298,-77.861709,cola_kafka,2,0,1,0
RC0001362,L001362,F0096,2025-08-20,TEC10,No_se_sabe,-1,0,0,0,1,1,1,1,-6.147196,-77.808723,dashboard_acopio,1,0,0,1
RC0001363,L001363,F0044,2026-06-12,TEC05,Si,43,1,1,0,0,1,1,0,-6.316571,-77.889972,cola_kafka,2,0,1,0
RC0001364,L001364,F0080,2025-09-08,TEC02,No,-1,0,0,0,0,0,1,1,-6.268223,-77.912979,dashboard_acopio,0,0,0,0
RC0001365,L001365,F0029,2025-08-15,TEC11,No,-1,0,0,0,0,0,1,0,-6.195245,-77.843697,formulario_campo,0,0,0,0
RC0001366,L001366,F0047,2026-06-25,TEC11,No_se_sabe,-1,0,0,0,1,1,1,1,-6.189693,-77.797534,dashboard_acopio,1,0,0,1
RC0001367,L001367,F0112,2025-05-11,TEC06,Si,17,0,0,0,1,1,0,0,-6.276481,-77.861314,dashboard_acopio,1,0,1,0
RC0001368,L001368,F0087,2026-05-12,TEC12,No,-1,0,0,0,0,0,1,1,-6.209401,-77.798982,formulario_campo,0,0,0,0
RC0001369,L001369,F0002,2026-02-18,TEC09,No,-1,0,0,1,1,1,1,1,-6.218519,-77.931955,formulario_campo,2,0,0,0
RC0001370,L001370,F0059,2025-08-19,TEC07,Si,3,1,0,1,0,1,0,0,-6.24939,-77.973393,formulario_campo,2,1,1,0
RC0001371,L001371,F0046,2026-05-24,TEC11,No,-1,1,1,1,0,1,0,0,-6.280743,-77.881553,cola_kafka,3,1,0,0
RC0001372,L001372,F0040,2026-07-25,TEC01,Si,18,1,0,0,0,1,1,1,-6.173847,-77.908047,dashboard_acopio,1,0,1,0
RC0001373,L001373,F0080,2025-04-07,TEC12,Si,25,0,0,0,0,0,1,1,-6.268376,-77.911886,formulario_campo,0,0,1,0
RC0001374,L001374,F0067,2025-09-04,TEC07,Si,34,0,0,0,1,1,1,1,-6.266955,-77.7686,dashboard_acopio,1,0,1,0
RC0001375,L001375,F0021,2025-07-03,TEC12,Si,33,0,1,0,1,1,0,0,-6.290416,-77.862823,formulario_campo,2,0,1,0
RC0001376,L001376,F0095,2026-08-24,TEC07,Si,36,1,0,0,0,1,0,0,-6.278078,-77.86096,formulario_campo,1,1,1,0
RC0001377,L001377,F0001,2025-10-19,TEC12,No,-1,1,0,0,0,1,1,1,-6.236991,-77.781517,formulario_campo,1,0,0,0
RC0001378,L001378,F0109,2025-04-26,TEC05,Si,19,0,1,0,0,1,1,0,-6.252821,-77.891709,cola_kafka,1,0,1,0
RC0001379,L001379,F0059,2025-07-14,TEC01,No,-1,0,0,1,0,1,1,1,-6.248119,-77.973579,cola_kafka,1,0,0,0
RC0001380,L001380,F0012,2026-08-22,TEC05,No,-1,0,0,0,0,0,1,1,-6.227975,-77.898117,cola_kafka,0,0,0,0
RC0001381,L001381,F0039,2025-04-04,TEC05,Si,28,1,0,1,0,1,0,1,-6.220616,-77.781564,cola_kafka,2,1,1,0
RC0001382,L001382,F0066,2025-05-22,TEC01,No_se_sabe,-1,0,1,1,0,1,1,0,-6.261607,-77.809409,cola_kafka,2,0,0,1
RC0001383,L001383,F0116,2025-04-24,TEC08,Si,40,0,0,0,0,0,1,1,-6.225199,-77.848293,formulario_campo,0,0,1,0
RC0001384,L001384,F0005,2026-07-24,TEC09,Si,2,0,1,0,1,1,1,1,-6.204419,-77.898524,formulario_campo,2,0,1,0
RC0001385,L001385,F0018,2026-04-28,TEC09,No,-1,0,1,0,0,1,1,1,-6.223732,-77.901147,formulario_campo,1,0,0,0
RC0001386,L001386,F0106,2026-04-25,TEC08,No,-1,1,1,1,1,1,0,0,-6.25394,-77.837699,dashboard_acopio,4,1,0,0
RC0001387,L001387,F0049,2025-08-22,TEC03,Si,16,1,1,1,0,1,0,0,-6.19553,-77.915223,formulario_campo,3,1,1,0
RC0001388,L001388,F0110,2026-05-19,TEC06,No,-1,0,0,0,1,1,0,1,-6.271783,-77.878752,cola_kafka,1,0,0,0
RC0001389,L001389,F0044,2025-07-25,TEC12,Si,27,0,0,0,1,1,0,0,-6.317693,-77.889765,formulario_campo,1,0,1,0
RC0001390,L001390,F0111,2025-05-11,TEC08,Si,42,1,0,1,1,1,1,1,-6.23615,-77.856714,formulario_campo,3,0,1,0
RC0001391,L001391,F0056,2026-04-21,TEC10,No,-1,0,0,1,0,1,1,1,-6.209304,-77.901705,formulario_campo,1,0,0,0
RC0001392,L001392,F0071,2025-04-10,TEC03,Si,7,0,1,1,1,1,0,0,-6.237184,-77.870112,formulario_campo,3,0,1,0
RC0001393,L001393,F0086,2025-04-16,TEC08,Si,40,1,0,1,1,1,1,1,-6.219349,-77.92513,formulario_campo,3,0,1,0
RC0001394,L001394,F0031,2025-06-20,TEC05,No_se_sabe,-1,1,1,1,1,1,0,0,-6.246003,-77.930215,formulario_campo,4,1,0,1
RC0001395,L001395,F0101,2025-08-16,TEC02,No,-1,0,1,0,1,1,1,1,-6.334754,-77.859339,dashboard_acopio,2,0,0,0
RC0001396,L001396,F0009,2025-05-28,TEC09,Si,2,1,1,1,1,1,1,0,-6.27158,-77.825778,formulario_campo,4,0,1,0
RC0001397,L001397,F0102,2025-07-11,TEC07,Si,40,0,0,1,1,1,1,1,-6.276416,-77.943441,dashboard_acopio,2,0,1,0
RC0001398,L001398,F0047,2026-07-15,TEC08,Si,27,1,0,0,0,1,1,0,-6.189728,-77.796832,cola_kafka,1,0,1,0
RC0001399,L001399,F0076,2025-08-09,TEC05,Si,9,1,0,0,1,1,0,0,-6.314448,-77.908904,formulario_campo,2,1,1,0
RC0001400,L001400,F0107,2026-03-18,TEC02,No_se_sabe,-1,0,0,0,0,0,1,1,-6.226855,-77.903034,formulario_campo,0,0,0,1
RC0001401,L001401,F0047,2025-09-07,TEC09,No_se_sabe,-1,1,1,0,1,1,1,0,-6.188967,-77.798085,formulario_campo,3,0,0,1
RC0001402,L001402,F0108,2025-07-10,TEC02,No_se_sabe,-1,1,0,1,0,1,1,0,-6.217074,-77.820082,dashboard_acopio,2,0,0,1
RC0001403,L001403,F0095,2026-07-30,TEC01,No_se_sabe,-1,0,0,1,1,1,1,1,-6.278073,-77.862336,dashboard_acopio,2,0,0,1
RC0001404,L001404,F0085,2025-04-07,TEC11,No,-1,0,1,0,0,1,1,1,-6.277026,-77.853737,cola_kafka,1,0,0,0
RC0001405,L001405,F0038,2025-07-25,TEC02,Si,2,0,0,0,1,1,1,0,-6.241231,-77.855456,dashboard_acopio,1,0,1,0
RC0001406,L001406,F0107,2025-02-05,TEC03,No,-1,1,1,1,0,1,1,0,-6.22803,-77.903091,dashboard_acopio,3,0,0,0
RC0001407,L001407,F0094,2025-08-14,TEC03,No,-1,0,0,0,0,0,1,1,-6.268439,-77.941059,formulario_campo,0,0,0,0
RC0001408,L001408,F0024,2026-04-20,TEC09,No_se_sabe,-1,0,0,0,0,0,1,1,-6.3345,-77.802008,cola_kafka,0,0,0,1
RC0001409,L001409,F0114,2026-07-24,TEC11,No_se_sabe,-1,1,0,1,0,1,1,1,-6.300527,-77.849446,formulario_campo,2,0,0,1
RC0001410,L001410,F0074,2025-05-21,TEC12,No,-1,0,0,0,0,0,0,1,-6.272439,-77.870437,formulario_campo,0,0,0,0
RC0001411,L001411,F0076,2026-07-24,TEC06,Si,7,0,0,0,1,1,1,1,-6.314805,-77.908228,formulario_campo,1,0,1,0
RC0001412,L001412,F0027,2026-07-18,TEC05,No_se_sabe,-1,1,0,1,1,1,0,1,-6.279164,-77.793464,dashboard_acopio,3,1,0,1
RC0001413,L001413,F0014,2026-05-22,TEC12,No,-1,1,0,0,0,1,1,1,-6.251345,-77.799687,cola_kafka,1,0,0,0
RC0001414,L001414,F0078,2026-05-13,TEC11,Si,32,0,0,1,1,1,1,1,-6.25989,-77.819482,cola_kafka,2,0,1,0
RC0001415,L001415,F0019,2025-06-21,TEC11,Si,35,1,0,0,1,1,0,0,-6.228431,-77.860592,cola_kafka,2,1,1,0
RC0001416,L001416,F0044,2026-03-27,TEC12,No_se_sabe,-1,0,1,0,0,1,1,1,-6.316055,-77.890201,formulario_campo,1,0,0,1
RC0001417,L001417,F0005,2026-07-25,TEC10,No_se_sabe,-1,0,0,0,0,0,1,1,-6.204615,-77.897639,formulario_campo,0,0,0,1
RC0001418,L001418,F0059,2025-04-12,TEC06,No,-1,1,0,0,0,1,0,1,-6.248859,-77.974199,formulario_campo,1,1,0,0
RC0001419,L001419,F0087,2025-08-28,TEC07,Si,22,0,0,1,0,1,1,1,-6.209194,-77.798576,formulario_campo,1,0,1,0
RC0001420,L001420,F0012,2025-07-16,TEC11,No_se_sabe,-1,0,1,0,0,1,1,1,-6.229895,-77.898147,dashboard_acopio,1,0,0,1
RC0001421,L001421,F0104,2025-07-30,TEC11,Si,12,1,1,1,1,1,0,0,-6.210803,-77.861307,formulario_campo,4,1,1,0
RC0001422,L001422,F0067,2025-09-22,TEC12,No_se_sabe,-1,0,0,1,1,1,0,0,-6.267574,-77.768736,cola_kafka,2,0,0,1
RC0001423,L001423,F0028,2026-08-03,TEC06,Si,42,0,0,0,0,0,1,1,-6.23345,-77.851911,dashboard_acopio,0,0,1,0
RC0001424,L001424,F0042,2025-07-01,TEC11,No_se_sabe,-1,1,0,1,0,1,0,0,-6.207512,-77.965673,dashboard_acopio,2,1,0,1
RC0001425,L001425,F0037,2025-07-19,TEC02,No_se_sabe,-1,0,1,0,1,1,0,0,-6.201882,-77.861135,cola_kafka,2,0,0,1
RC0001426,L001426,F0006,2026-04-16,TEC01,Si,44,0,0,0,1,1,1,1,-6.232118,-77.789998,dashboard_acopio,1,0,1,0
RC0001427,L001427,F0061,2025-08-21,TEC07,No,-1,0,0,1,0,1,0,0,-6.243017,-77.861967,cola_kafka,1,0,0,0
RC0001428,L001428,F0101,2026-06-01,TEC11,No,-1,1,0,1,1,1,1,1,-6.334796,-77.859237,formulario_campo,3,0,0,0
RC0001429,L001429,F0024,2026-06-20,TEC03,No,-1,0,0,0,0,0,1,1,-6.335245,-77.802899,cola_kafka,0,0,0,0
RC0001430,L001430,F0089,2025-09-07,TEC01,Si,7,1,1,1,0,1,1,0,-6.213365,-77.849383,cola_kafka,3,0,1,0
RC0001431,L001431,F0111,2025-03-30,TEC07,No_se_sabe,-1,0,0,0,0,0,1,1,-6.236413,-77.85739,formulario_campo,0,0,0,1
RC0001432,L001432,F0037,2025-06-01,TEC08,No,-1,0,1,0,1,1,1,1,-6.202533,-77.860209,dashboard_acopio,2,0,0,0
RC0001433,L001433,F0060,2026-04-08,TEC07,Si,17,1,0,1,1,1,1,0,-6.300447,-77.83043,formulario_campo,3,0,1,0
RC0001434,L001434,F0010,2025-08-11,TEC08,No,-1,1,1,1,1,1,1,0,-6.259823,-77.876519,cola_kafka,4,0,0,0
RC0001435,L001435,F0088,2025-05-01,TEC08,No,-1,0,1,0,1,1,1,1,-6.277893,-77.844561,formulario_campo,2,0,0,0
RC0001436,L001436,F0007,2026-06-11,TEC05,No_se_sabe,-1,0,0,1,1,1,0,0,-6.196227,-77.905225,cola_kafka,2,0,0,1
RC0001437,L001437,F0088,2026-05-02,TEC08,Si,16,0,0,0,1,1,1,1,-6.27791,-77.843088,dashboard_acopio,1,0,1,0
RC0001438,L001438,F0021,2025-02-25,TEC11,Si,26,1,1,0,0,1,1,0,-6.290268,-77.863708,formulario_campo,2,0,1,0
RC0001439,L001439,F0070,2026-07-17,TEC03,Si,25,0,0,1,0,1,1,0,-6.190878,-77.846868,formulario_campo,1,0,1,0
RC0001440,L001440,F0022,2026-04-17,TEC04,No,-1,0,0,1,1,1,1,1,-6.253309,-77.857217,formulario_campo,2,0,0,0
RC0001441,L001441,F0020,2025-05-15,TEC12,No,-1,0,0,0,0,0,0,0,-6.202318,-77.891609,dashboard_acopio,0,0,0,0
RC0001442,L001442,F0096,2026-08-05,TEC01,Si,43,1,1,0,0,1,0,0,-6.146649,-77.809385,formulario_campo,2,1,1,0
RC0001443,L001443,F0029,2026-08-05,TEC07,Si,44,0,0,1,1,1,0,0,-6.194135,-77.843558,formulario_campo,2,0,1,0
RC0001444,L001444,F0021,2025-05-05,TEC01,No,-1,0,0,0,1,1,1,1,-6.289614,-77.862583,formulario_campo,1,0,0,0
RC0001445,L001445,F0102,2026-06-21,TEC12,Si,10,0,0,1,1,1,1,1,-6.275881,-77.941515,cola_kafka,2,0,1,0
RC0001446,L001446,F0018,2026-05-20,TEC05,No,-1,1,0,1,0,1,0,0,-6.223691,-77.903504,formulario_campo,2,1,0,0
RC0001447,L001447,F0020,2025-04-27,TEC03,No,-1,0,0,1,1,1,1,1,-6.203047,-77.8918,cola_kafka,2,0,0,0
RC0001448,L001448,F0091,2025-07-17,TEC09,Si,9,1,0,0,0,1,0,0,-6.22052,-77.877528,formulario_campo,1,1,1,0
RC0001449,L001449,F0030,2025-09-03,TEC09,Si,30,0,0,1,1,1,1,1,-6.209536,-77.903977,formulario_campo,2,0,1,0
RC0001450,L001450,F0055,2025-06-25,TEC01,Si,18,0,0,1,0,1,0,0,-6.241605,-77.881387,formulario_campo,1,0,1,0
RC0001451,L001451,F0114,2026-06-30,TEC10,Si,39,0,0,0,0,0,1,1,-6.301992,-77.849228,formulario_campo,0,0,1,0
RC0001452,L001452,F0042,2025-04-01,TEC06,No,-1,1,1,0,0,1,1,1,-6.208855,-77.964782,formulario_campo,2,0,0,0
RC0001453,L001453,F0045,2025-06-26,TEC07,No,-1,0,0,0,0,0,1,1,-6.250602,-77.830454,cola_kafka,0,0,0,0
RC0001454,L001454,F0103,2026-08-29,TEC12,No,-1,0,0,0,1,1,1,0,-6.178172,-77.916326,dashboard_acopio,1,0,0,0
RC0001455,L001455,F0066,2026-04-11,TEC06,No_se_sabe,-1,1,0,0,1,1,1,0,-6.261337,-77.81029,formulario_campo,2,0,0,1
RC0001456,L001456,F0106,2025-03-31,TEC04,No_se_sabe,-1,0,0,0,0,0,1,1,-6.253097,-77.838262,dashboard_acopio,0,0,0,1
RC0001457,L001457,F0042,2025-07-10,TEC08,No,-1,0,0,0,0,0,1,1,-6.208082,-77.965511,formulario_campo,0,0,0,0
RC0001458,L001458,F0068,2026-06-28,TEC09,Si,18,1,1,0,0,1,1,0,-6.154521,-77.880281,formulario_campo,2,0,1,0
RC0001459,L001459,F0033,2025-08-30,TEC06,Si,34,1,1,0,0,1,1,0,-6.206488,-77.893254,cola_kafka,2,0,1,0
RC0001460,L001460,F0054,2025-05-04,TEC08,No,-1,0,0,0,0,0,0,1,-6.195148,-77.865214,formulario_campo,0,0,0,0
RC0001461,L001461,F0120,2026-08-20,TEC01,No,-1,0,1,0,0,1,1,1,-6.221267,-77.875103,formulario_campo,1,0,0,0
RC0001462,L001462,F0004,2026-07-16,TEC08,Si,14,0,1,1,0,1,1,0,-6.260555,-77.962703,formulario_campo,2,0,1,0
RC0001463,L001463,F0116,2026-04-28,TEC03,Si,22,1,0,1,1,1,1,1,-6.225181,-77.848496,dashboard_acopio,3,0,1,0
RC0001464,L001464,F0105,2025-08-24,TEC04,No_se_sabe,-1,1,1,0,0,1,0,0,-6.237336,-77.879537,cola_kafka,2,1,0,1
RC0001465,L001465,F0086,2026-08-13,TEC10,Si,3,1,0,1,0,1,0,0,-6.218718,-77.924756,dashboard_acopio,2,1,1,0
RC0001466,L001466,F0027,2025-06-24,TEC09,Si,15,0,0,1,0,1,1,1,-6.277847,-77.792622,formulario_campo,1,0,1,0
RC0001467,L001467,F0103,2025-08-09,TEC07,Si,31,1,0,1,1,1,1,0,-6.177714,-77.916241,cola_kafka,3,0,1,0
RC0001468,L001468,F0099,2026-08-22,TEC08,Si,44,1,0,0,0,1,1,1,-6.176263,-77.806151,formulario_campo,1,0,1,0
RC0001469,L001469,F0088,2026-04-06,TEC05,Si,28,0,0,1,0,1,0,0,-6.277178,-77.84447,dashboard_acopio,1,0,1,0
RC0001470,L001470,F0090,2025-04-26,TEC04,No,-1,0,1,0,1,1,1,1,-6.198055,-77.817986,cola_kafka,2,0,0,0
RC0001471,L001471,F0093,2025-07-21,TEC03,Si,13,1,0,0,0,1,0,0,-6.244233,-77.90588,formulario_campo,1,1,1,0
RC0001472,L001472,F0039,2026-08-19,TEC11,No,-1,0,1,0,0,1,1,1,-6.2211,-77.783218,formulario_campo,1,0,0,0
RC0001473,L001473,F0021,2025-01-11,TEC12,No,-1,1,0,1,1,1,1,0,-6.28908,-77.863287,formulario_campo,3,0,0,0
RC0001474,L001474,F0016,2025-09-17,TEC03,No_se_sabe,-1,1,0,1,0,1,0,0,-6.244046,-77.874986,formulario_campo,2,1,0,1
RC0001475,L001475,F0037,2025-08-15,TEC01,No_se_sabe,-1,1,0,0,0,1,1,1,-6.202403,-77.860205,dashboard_acopio,1,0,0,1
RC0001476,L001476,F0030,2026-05-22,TEC07,No_se_sabe,-1,0,1,0,0,1,1,1,-6.208662,-77.903888,formulario_campo,1,0,0,1
RC0001477,L001477,F0072,2026-05-31,TEC08,No,-1,0,0,0,1,1,1,1,-6.083494,-77.827863,dashboard_acopio,1,0,0,0
RC0001478,L001478,F0077,2026-04-02,TEC05,No,-1,0,0,0,0,0,1,1,-6.225523,-77.837304,formulario_campo,0,0,0,0
RC0001479,L001479,F0093,2026-05-11,TEC05,No,-1,0,0,0,0,0,0,0,-6.243928,-77.904331,formulario_campo,0,0,0,0
RC0001480,L001480,F0102,2026-05-21,TEC05,No_se_sabe,-1,0,0,0,0,0,0,0,-6.276694,-77.943591,formulario_campo,0,0,0,1
RC0001481,L001481,F0019,2026-06-27,TEC05,Si,3,1,0,1,0,1,1,0,-6.226863,-77.859149,formulario_campo,2,0,1,0
RC0001482,L001482,F0083,2026-07-28,TEC06,No,-1,0,0,0,0,0,1,1,-6.167022,-77.89156,formulario_campo,0,0,0,0
RC0001483,L001483,F0066,2025-07-26,TEC02,Si,23,0,0,0,1,1,1,1,-6.261877,-77.809836,formulario_campo,1,0,1,0
RC0001484,L001484,F0112,2025-06-02,TEC01,No_se_sabe,-1,0,0,0,0,0,1,1,-6.276718,-77.862448,dashboard_acopio,0,0,0,1
RC0001485,L001485,F0102,2026-05-28,TEC02,No_se_sabe,-1,0,0,0,1,1,0,0,-6.276169,-77.943679,cola_kafka,1,0,0,1
RC0001486,L001486,F0095,2026-06-16,TEC01,No_se_sabe,-1,0,0,0,0,0,1,1,-6.27813,-77.861535,formulario_campo,0,0,0,1
RC0001487,L001487,F0083,2025-06-19,TEC07,No,-1,1,0,1,1,1,1,0,-6.168543,-77.892241,dashboard_acopio,3,0,0,0
RC0001488,L001488,F0087,2026-06-19,TEC09,No_se_sabe,-1,1,0,1,1,1,0,0,-6.209281,-77.797759,dashboard_acopio,3,1,0,1
RC0001489,L001489,F0026,2025-01-18,TEC02,No,-1,0,0,0,1,1,1,1,-6.23519,-77.772172,dashboard_acopio,1,0,0,0
RC0001490,L001490,F0083,2025-07-05,TEC02,No,-1,0,1,0,1,1,0,0,-6.169387,-77.891904,dashboard_acopio,2,0,0,0
RC0001491,L001491,F0001,2025-09-30,TEC04,No,-1,0,0,0,0,0,1,1,-6.236866,-77.781517,cola_kafka,0,0,0,0
RC0001492,L001492,F0086,2025-07-16,TEC08,No_se_sabe,-1,0,0,1,0,1,1,1,-6.218462,-77.925799,formulario_campo,1,0,0,1
RC0001493,L001493,F0083,2025-04-04,TEC08,No,-1,0,0,0,0,0,1,0,-6.16794,-77.892568,cola_kafka,0,0,0,0
RC0001494,L001494,F0078,2026-05-13,TEC08,Si,15,1,0,0,0,1,1,1,-6.261171,-77.819418,dashboard_acopio,1,0,1,0
RC0001495,L001495,F0089,2026-08-01,TEC06,No_se_sabe,-1,0,0,0,1,1,1,1,-6.213973,-77.849591,formulario_campo,1,0,0,1
RC0001496,L001496,F0088,2026-08-10,TEC08,No_se_sabe,-1,0,0,0,1,1,1,1,-6.278293,-77.845038,cola_kafka,1,0,0,1
RC0001497,L001497,F0014,2026-08-06,TEC07,No,-1,0,0,0,0,0,1,1,-6.252497,-77.799046,formulario_campo,0,0,0,0
RC0001498,L001498,F0007,2026-08-27,TEC05,No,-1,1,1,1,1,1,0,0,-6.197249,-77.903965,cola_kafka,4,1,0,0
RC0001499,L001499,F0023,2026-05-28,TEC05,No,-1,0,0,0,0,0,1,1,-6.160505,-77.837192,cola_kafka,0,0,0,0
RC0001500,L001500,F0066,2025-04-28,TEC04,No,-1,0,1,0,0,1,1,1,-6.262325,-77.809826,dashboard_acopio,1,0,0,0
RC0001501,L001501,F0090,2026-08-01,TEC05,No_se_sabe,-1,1,0,0,0,1,1,0,-6.200198,-77.817617,formulario_campo,1,0,0,1
RC0001502,L001502,F0108,2025-05-06,TEC07,Si,2,1,1,0,1,1,0,0,-6.216696,-77.820203,formulario_campo,3,1,1,0
RC0001503,L001503,F0014,2026-04-17,TEC02,No,-1,1,0,0,1,1,0,0,-6.251767,-77.800009,cola_kafka,2,1,0,0
RC0001504,L001504,F0049,2026-08-17,TEC06,Si,27,0,0,0,0,0,1,0,-6.194795,-77.916199,formulario_campo,0,0,1,0
RC0001505,L001505,F0063,2025-12-30,TEC10,No_se_sabe,-1,0,1,0,0,1,0,0,-6.241743,-77.959219,formulario_campo,1,0,0,1
RC0001506,L001506,F0046,2025-01-20,TEC02,No,-1,0,0,0,1,1,0,0,-6.281064,-77.88067,formulario_campo,1,0,0,0
RC0001507,L001507,F0049,2025-08-19,TEC02,No_se_sabe,-1,0,1,1,1,1,1,1,-6.196275,-77.915453,formulario_campo,3,0,0,1
RC0001508,L001508,F0059,2025-07-12,TEC12,No,-1,0,0,0,0,0,1,1,-6.24869,-77.972679,formulario_campo,0,0,0,0
RC0001509,L001509,F0105,2025-03-26,TEC07,No_se_sabe,-1,1,0,1,0,1,0,0,-6.237165,-77.879034,dashboard_acopio,2,1,0,1
RC0001510,L001510,F0007,2025-11-17,TEC12,No,-1,0,0,0,0,0,1,1,-6.197225,-77.905062,dashboard_acopio,0,0,0,0
RC0001511,L001511,F0020,2025-09-02,TEC05,No,-1,0,0,0,0,0,1,1,-6.202998,-77.891264,formulario_campo,0,0,0,0
RC0001512,L001512,F0023,2025-07-29,TEC07,No_se_sabe,-1,1,0,0,0,1,1,1,-6.161139,-77.837033,formulario_campo,1,0,0,1
RC0001513,L001513,F0033,2026-06-26,TEC08,No_se_sabe,-1,0,0,0,0,0,1,1,-6.207371,-77.89267,cola_kafka,0,0,0,1
RC0001514,L001514,F0087,2026-06-07,TEC06,No_se_sabe,-1,1,1,1,1,1,1,0,-6.209319,-77.798119,dashboard_acopio,4,0,0,1
RC0001515,L001515,F0102,2025-05-21,TEC05,Si,43,1,0,0,1,1,0,1,-6.276854,-77.943456,dashboard_acopio,2,1,1,0
RC0001516,L001516,F0029,2026-07-07,TEC09,No,-1,0,1,0,1,1,1,1,-6.193515,-77.844581,formulario_campo,2,0,0,0
RC0001517,L001517,F0118,2026-03-25,TEC04,Si,17,1,0,0,0,1,0,0,-6.277133,-77.832432,dashboard_acopio,1,1,1,0
RC0001518,L001518,F0086,2025-03-11,TEC07,Si,9,0,0,0,1,1,0,0,-6.218593,-77.925817,formulario_campo,1,0,1,0
RC0001519,L001519,F0038,2025-08-31,TEC10,No,-1,0,0,1,1,1,1,1,-6.242854,-77.85602,dashboard_acopio,2,0,0,0
RC0001520,L001520,F0016,2026-08-25,TEC11,No_se_sabe,-1,1,0,0,1,1,1,1,-6.245384,-77.873587,formulario_campo,2,0,0,1
RC0001521,L001521,F0021,2026-04-19,TEC05,No,-1,0,0,0,0,0,0,1,-6.290717,-77.86333,dashboard_acopio,0,0,0,0
RC0001522,L001522,F0080,2025-06-25,TEC09,No_se_sabe,-1,0,0,0,0,0,1,1,-6.267929,-77.912061,formulario_campo,0,0,0,1
RC0001523,L001523,F0070,2025-05-09,TEC09,No_se_sabe,-1,1,0,0,1,1,1,1,-6.191384,-77.846333,formulario_campo,2,0,0,1
RC0001524,L001524,F0113,2026-08-10,TEC08,No_se_sabe,-1,0,1,1,0,1,0,0,-6.208914,-77.888707,formulario_campo,2,0,0,1
RC0001525,L001525,F0067,2025-03-13,TEC10,Si,7,1,0,1,1,1,1,0,-6.266502,-77.768165,dashboard_acopio,3,0,1,0
RC0001526,L001526,F0094,2025-09-25,TEC08,No_se_sabe,-1,1,0,1,0,1,0,1,-6.2686,-77.941803,dashboard_acopio,2,1,0,1
RC0001527,L001527,F0029,2025-06-30,TEC05,Si,9,0,0,0,0,0,1,0,-6.194992,-77.844436,formulario_campo,0,0,1,0
RC0001528,L001528,F0044,2025-05-27,TEC05,Si,12,0,0,1,1,1,1,1,-6.316307,-77.89022,cola_kafka,2,0,1,0
RC0001529,L001529,F0053,2025-08-25,TEC07,No,-1,0,0,0,0,0,1,1,-6.258574,-77.903569,formulario_campo,0,0,0,0
RC0001530,L001530,F0004,2025-05-06,TEC08,No,-1,0,0,0,0,0,1,1,-6.260046,-77.964146,formulario_campo,0,0,0,0
RC0001531,L001531,F0017,2026-05-28,TEC01,Si,2,1,0,1,0,1,1,0,-6.272819,-77.85666,formulario_campo,2,0,1,0
RC0001532,L001532,F0044,2026-06-10,TEC02,Si,5,1,1,1,0,1,1,0,-6.316436,-77.890598,formulario_campo,3,0,1,0
RC0001533,L001533,F0033,2025-04-25,TEC12,No,-1,1,0,0,1,1,1,1,-6.205966,-77.89391,cola_kafka,2,0,0,0
RC0001534,L001534,F0005,2025-05-04,TEC12,No,-1,1,1,0,1,1,1,0,-6.204755,-77.897346,formulario_campo,3,0,0,0
RC0001535,L001535,F0116,2026-05-26,TEC08,Si,22,1,0,0,0,1,0,0,-6.225123,-77.849132,formulario_campo,1,1,1,0
RC0001536,L001536,F0081,2026-05-05,TEC05,Si,17,1,0,0,0,1,0,0,-6.149273,-77.940059,cola_kafka,1,1,1,0
RC0001537,L001537,F0086,2026-08-30,TEC06,No_se_sabe,-1,0,0,0,0,0,1,1,-6.218534,-77.924873,cola_kafka,0,0,0,1
RC0001538,L001538,F0120,2025-08-01,TEC10,No_se_sabe,-1,0,0,0,1,1,1,1,-6.221491,-77.874643,cola_kafka,1,0,0,1
RC0001539,L001539,F0072,2026-05-17,TEC01,No,-1,1,0,1,0,1,1,0,-6.08296,-77.827302,dashboard_acopio,2,0,0,0
RC0001540,L001540,F0043,2026-04-04,TEC11,No_se_sabe,-1,0,1,0,1,1,1,1,-6.173551,-77.944792,formulario_campo,2,0,0,1
RC0001541,L001541,F0009,2025-04-02,TEC02,No,-1,1,0,0,0,1,0,0,-6.273878,-77.825845,formulario_campo,1,1,0,0
RC0001542,L001542,F0080,2026-04-10,TEC11,No_se_sabe,-1,1,0,0,0,1,0,0,-6.267463,-77.91177,dashboard_acopio,1,1,0,1
RC0001543,L001543,F0024,2026-08-25,TEC10,Si,11,0,0,1,0,1,1,1,-6.335128,-77.802301,dashboard_acopio,1,0,1,0
RC0001544,L001544,F0074,2026-04-06,TEC11,No,-1,1,0,0,0,1,1,1,-6.273782,-77.870049,dashboard_acopio,1,0,0,0
RC0001545,L001545,F0114,2025-07-09,TEC09,No,-1,0,1,0,0,1,0,0,-6.301448,-77.850456,cola_kafka,1,0,0,0
RC0001546,L001546,F0019,2025-05-12,TEC08,No,-1,0,0,0,0,0,1,1,-6.228181,-77.860442,formulario_campo,0,0,0,0
RC0001547,L001547,F0090,2026-08-18,TEC04,No,-1,1,1,1,0,1,0,0,-6.198691,-77.818831,formulario_campo,3,1,0,0
RC0001548,L001548,F0021,2026-01-15,TEC06,No,-1,0,0,0,0,0,1,1,-6.289512,-77.862955,formulario_campo,0,0,0,0
RC0001549,L001549,F0053,2026-08-25,TEC03,No_se_sabe,-1,0,1,1,1,1,1,0,-6.258446,-77.904541,formulario_campo,3,0,0,1
RC0001550,L001550,F0082,2025-09-14,TEC01,Si,41,0,0,0,0,0,0,0,-6.19575,-77.869524,formulario_campo,0,0,1,0
RC0001551,L001551,F0095,2025-09-27,TEC09,No,-1,0,1,0,0,1,1,1,-6.277953,-77.860489,cola_kafka,1,0,0,0
RC0001552,L001552,F0120,2025-09-15,TEC07,No_se_sabe,-1,0,1,0,0,1,0,1,-6.221596,-77.8744,cola_kafka,1,0,0,1
RC0001553,L001553,F0022,2025-02-19,TEC04,No,-1,0,1,1,0,1,1,1,-6.253978,-77.858446,dashboard_acopio,2,0,0,0
RC0001554,L001554,F0028,2025-08-03,TEC02,No,-1,0,0,0,0,0,1,1,-6.232792,-77.853051,dashboard_acopio,0,0,0,0
RC0001555,L001555,F0028,2025-06-12,TEC02,Si,16,0,0,1,1,1,1,1,-6.233301,-77.852713,formulario_campo,2,0,1,0
RC0001556,L001556,F0080,2025-01-29,TEC09,Si,4,1,0,0,1,1,1,1,-6.267937,-77.911505,cola_kafka,2,0,1,0
RC0001557,L001557,F0060,2025-08-31,TEC04,No,-1,0,0,0,1,1,1,1,-6.300572,-77.828951,formulario_campo,1,0,0,0
RC0001558,L001558,F0084,2025-06-02,TEC12,No_se_sabe,-1,0,0,0,1,1,0,0,-6.17255,-77.85905,cola_kafka,1,0,0,1
RC0001559,L001559,F0037,2025-09-27,TEC05,Si,41,1,0,0,1,1,0,0,-6.20259,-77.860085,formulario_campo,2,1,1,0
RC0001560,L001560,F0049,2026-05-23,TEC09,Si,37,1,0,0,0,1,0,0,-6.19547,-77.915352,dashboard_acopio,1,1,1,0
RC0001561,L001561,F0081,2026-06-30,TEC08,No,-1,1,1,1,0,1,0,0,-6.14915,-77.939849,formulario_campo,3,1,0,0
RC0001562,L001562,F0040,2026-08-22,TEC03,No,-1,1,0,0,1,1,0,0,-6.173772,-77.907835,cola_kafka,2,1,0,0
RC0001563,L001563,F0077,2025-08-20,TEC01,Si,15,0,1,0,1,1,1,1,-6.226641,-77.835751,formulario_campo,2,0,1,0
RC0001564,L001564,F0053,2026-04-24,TEC11,Si,3,0,0,1,0,1,1,1,-6.258043,-77.903873,cola_kafka,1,0,1,0
RC0001565,L001565,F0026,2026-02-23,TEC03,No_se_sabe,-1,1,1,0,0,1,1,1,-6.234005,-77.771946,cola_kafka,2,0,0,1
RC0001566,L001566,F0074,2025-04-22,TEC06,No,-1,0,0,1,0,1,1,1,-6.272959,-77.870164,dashboard_acopio,1,0,0,0
RC0001567,L001567,F0034,2026-07-16,TEC02,No,-1,0,0,0,1,1,1,1,-6.210104,-77.883682,dashboard_acopio,1,0,0,0
RC0001568,L001568,F0095,2025-08-27,TEC11,No_se_sabe,-1,0,0,0,0,0,1,1,-6.277529,-77.860099,formulario_campo,0,0,0,1
RC0001569,L001569,F0014,2026-05-13,TEC10,No,-1,0,1,1,0,1,0,0,-6.252697,-77.798753,cola_kafka,2,0,0,0
RC0001570,L001570,F0038,2026-07-16,TEC06,Si,25,0,0,0,0,0,1,1,-6.241308,-77.855465,formulario_campo,0,0,1,0
RC0001571,L001571,F0009,2025-08-25,TEC02,Si,16,0,1,0,0,1,0,0,-6.273459,-77.826148,formulario_campo,1,0,1,0
RC0001572,L001572,F0053,2026-06-09,TEC07,No,-1,1,0,1,1,1,1,1,-6.259632,-77.904996,formulario_campo,3,0,0,0
RC0001573,L001573,F0067,2025-08-29,TEC10,No_se_sabe,-1,0,0,1,0,1,1,1,-6.266753,-77.767784,formulario_campo,1,0,0,1
RC0001574,L001574,F0082,2025-07-07,TEC10,No,-1,1,0,1,1,1,1,1,-6.193886,-77.869451,formulario_campo,3,0,0,0
RC0001575,L001575,F0087,2026-07-27,TEC02,No,-1,0,0,1,0,1,0,0,-6.209443,-77.798084,dashboard_acopio,1,0,0,0
RC0001576,L001576,F0054,2025-09-03,TEC10,No_se_sabe,-1,0,0,0,0,0,1,1,-6.195206,-77.865954,dashboard_acopio,0,0,0,1
RC0001577,L001577,F0066,2026-04-03,TEC05,No_se_sabe,-1,0,0,0,0,0,0,0,-6.262015,-77.810025,formulario_campo,0,0,0,1
RC0001578,L001578,F0093,2026-07-24,TEC10,Si,18,0,0,0,1,1,1,1,-6.244996,-77.905556,formulario_campo,1,0,1,0
RC0001579,L001579,F0106,2026-06-21,TEC07,No_se_sabe,-1,0,0,0,0,0,1,1,-6.25365,-77.838595,dashboard_acopio,0,0,0,1
RC0001580,L001580,F0042,2026-03-03,TEC11,No,-1,0,0,1,1,1,0,0,-6.208312,-77.965277,formulario_campo,2,0,0,0
RC0001581,L001581,F0112,2026-08-29,TEC12,No,-1,1,1,0,0,1,1,0,-6.278503,-77.862346,dashboard_acopio,2,0,0,0
RC0001582,L001582,F0083,2026-06-29,TEC12,No,-1,0,1,1,0,1,1,0,-6.167988,-77.890501,formulario_campo,2,0,0,0
RC0001583,L001583,F0103,2025-04-08,TEC06,Si,1,0,1,0,0,1,1,1,-6.177439,-77.916557,cola_kafka,1,0,1,0
RC0001584,L001584,F0070,2026-08-08,TEC11,No,-1,0,0,0,1,1,1,1,-6.189583,-77.845971,formulario_campo,1,0,0,0
RC0001585,L001585,F0017,2025-12-26,TEC11,Si,7,1,0,0,0,1,1,0,-6.272617,-77.856188,formulario_campo,1,0,1,0
RC0001586,L001586,F0014,2026-03-02,TEC04,Si,12,1,0,1,1,1,0,1,-6.252189,-77.798874,formulario_campo,3,1,1,0
RC0001587,L001587,F0006,2025-08-16,TEC07,No,-1,0,0,0,1,1,1,1,-6.231836,-77.791765,formulario_campo,1,0,0,0
RC0001588,L001588,F0103,2026-04-09,TEC04,Si,32,0,0,0,1,1,1,1,-6.177512,-77.917017,formulario_campo,1,0,1,0
RC0001589,L001589,F0021,2025-02-19,TEC02,Si,19,0,0,0,0,0,1,1,-6.288802,-77.864037,formulario_campo,0,0,1,0
RC0001590,L001590,F0021,2026-02-22,TEC04,No_se_sabe,-1,0,1,1,1,1,1,1,-6.290648,-77.864372,formulario_campo,3,0,0,1
RC0001591,L001591,F0006,2025-04-12,TEC09,No,-1,0,1,0,0,1,1,1,-6.231412,-77.791546,formulario_campo,1,0,0,0
RC0001592,L001592,F0040,2025-07-24,TEC11,No,-1,1,1,1,1,1,1,0,-6.173699,-77.908822,formulario_campo,4,0,0,0
RC0001593,L001593,F0120,2026-06-20,TEC12,No_se_sabe,-1,1,1,1,0,1,0,0,-6.221236,-77.875205,dashboard_acopio,3,1,0,1
RC0001594,L001594,F0018,2025-04-13,TEC07,Si,7,0,0,0,1,1,1,1,-6.223345,-77.902258,cola_kafka,1,0,1,0
RC0001595,L001595,F0114,2026-07-18,TEC07,Si,12,0,0,1,1,1,1,1,-6.300935,-77.849968,formulario_campo,2,0,1,0
RC0001596,L001596,F0020,2026-08-26,TEC06,No,-1,1,0,0,1,1,0,0,-6.202939,-77.891697,formulario_campo,2,1,0,0
RC0001597,L001597,F0024,2026-06-05,TEC09,No,-1,0,0,1,1,1,1,1,-6.335213,-77.802754,dashboard_acopio,2,0,0,0
RC0001598,L001598,F0066,2026-01-31,TEC07,No_se_sabe,-1,1,0,0,0,1,0,0,-6.261404,-77.808669,formulario_campo,1,1,0,1
RC0001599,L001599,F0060,2025-05-27,TEC03,Si,28,0,1,1,0,1,0,0,-6.300869,-77.829242,formulario_campo,2,0,1,0
RC0001600,L001600,F0119,2025-09-29,TEC08,Si,1,0,0,0,1,1,0,1,-6.22066,-77.900409,formulario_campo,1,0,1,0
RC0001601,L001601,F0085,2025-05-10,TEC07,Si,40,0,0,1,0,1,1,1,-6.275124,-77.85378,formulario_campo,1,0,1,0
RC0001602,L001602,F0119,2025-08-16,TEC03,Si,10,0,0,0,0,0,1,1,-6.220832,-77.900572,formulario_campo,0,0,1,0
RC0001603,L001603,F0034,2025-04-29,TEC08,No,-1,0,0,0,0,0,0,1,-6.211713,-77.884824,formulario_campo,0,0,0,0
RC0001604,L001604,F0110,2025-08-20,TEC09,Si,22,0,0,1,0,1,1,1,-6.272174,-77.879675,formulario_campo,1,0,1,0
RC0001605,L001605,F0068,2026-05-13,TEC12,Si,13,0,1,1,0,1,1,1,-6.153727,-77.880964,formulario_campo,2,0,1,0
RC0001606,L001606,F0116,2026-03-28,TEC02,No_se_sabe,-1,0,1,1,0,1,1,1,-6.226003,-77.846471,formulario_campo,2,0,0,1
RC0001607,L001607,F0114,2026-05-29,TEC01,Si,5,0,0,0,1,1,0,0,-6.301555,-77.850439,formulario_campo,1,0,1,0
RC0001608,L001608,F0091,2025-09-25,TEC02,No,-1,0,0,0,0,0,0,0,-6.220361,-77.875816,formulario_campo,0,0,0,0
RC0001609,L001609,F0042,2026-06-15,TEC05,No,-1,0,0,0,0,0,1,1,-6.208487,-77.965632,formulario_campo,0,0,0,0
RC0001610,L001610,F0080,2025-04-09,TEC07,Si,37,0,1,0,1,1,0,1,-6.268357,-77.91292,formulario_campo,2,0,1,0
RC0001611,L001611,F0085,2026-07-14,TEC09,No_se_sabe,-1,1,0,0,0,1,0,0,-6.275721,-77.853888,dashboard_acopio,1,1,0,1
RC0001612,L001612,F0046,2025-07-03,TEC10,No,-1,0,1,1,0,1,0,0,-6.280678,-77.879595,formulario_campo,2,0,0,0
RC0001613,L001613,F0005,2025-09-16,TEC03,Si,5,0,1,1,0,1,1,1,-6.204909,-77.898108,formulario_campo,2,0,1,0
RC0001614,L001614,F0040,2026-04-28,TEC06,No_se_sabe,-1,1,0,0,1,1,1,1,-6.17395,-77.90847,cola_kafka,2,0,0,1
RC0001615,L001615,F0047,2026-06-05,TEC12,Si,8,1,0,0,1,1,1,1,-6.188672,-77.797545,formulario_campo,2,0,1,0
RC0001616,L001616,F0050,2025-09-25,TEC02,Si,3,0,0,0,1,1,0,1,-6.299643,-77.912969,formulario_campo,1,0,1,0
RC0001617,L001617,F0042,2025-07-18,TEC09,No,-1,1,0,0,1,1,0,0,-6.207219,-77.965274,formulario_campo,2,1,0,0
RC0001618,L001618,F0018,2026-07-15,TEC09,Si,16,1,0,0,0,1,1,1,-6.223153,-77.902956,dashboard_acopio,1,0,1,0
RC0001619,L001619,F0034,2025-08-19,TEC05,No_se_sabe,-1,0,0,0,1,1,1,1,-6.209787,-77.884832,formulario_campo,1,0,0,1
RC0001620,L001620,F0030,2025-10-28,TEC03,No_se_sabe,-1,0,0,0,0,0,1,1,-6.208907,-77.903124,formulario_campo,0,0,0,1
RC0001621,L001621,F0033,2026-08-05,TEC03,Si,1,1,1,0,1,1,0,0,-6.206777,-77.893315,formulario_campo,3,1,1,0
RC0001622,L001622,F0080,2025-05-10,TEC09,No,-1,0,0,0,1,1,0,1,-6.268324,-77.912714,dashboard_acopio,1,0,0,0
RC0001623,L001623,F0047,2025-05-12,TEC12,Si,44,1,0,1,0,1,0,0,-6.189815,-77.796601,formulario_campo,2,1,1,0
RC0001624,L001624,F0109,2025-07-27,TEC02,No_se_sabe,-1,0,0,0,0,0,1,1,-6.251821,-77.892939,formulario_campo,0,0,0,1
RC0001625,L001625,F0019,2026-06-21,TEC10,Si,39,0,1,0,1,1,1,1,-6.228198,-77.860074,formulario_campo,2,0,1,0
RC0001626,L001626,F0102,2025-05-29,TEC06,Si,23,1,1,0,0,1,1,0,-6.276134,-77.943284,dashboard_acopio,2,0,1,0
RC0001627,L001627,F0082,2026-04-08,TEC08,No_se_sabe,-1,1,1,1,0,1,1,0,-6.193433,-77.869293,formulario_campo,3,0,0,1
RC0001628,L001628,F0112,2025-09-11,TEC02,Si,11,0,0,0,1,1,0,0,-6.276746,-77.861599,dashboard_acopio,1,0,1,0
RC0001629,L001629,F0116,2025-04-29,TEC07,No_se_sabe,-1,0,0,0,0,0,1,1,-6.225693,-77.848419,formulario_campo,0,0,0,1
RC0001630,L001630,F0037,2025-10-24,TEC07,Si,20,0,0,0,1,1,1,1,-6.202188,-77.860832,dashboard_acopio,1,0,1,0
RC0001631,L001631,F0114,2026-05-08,TEC10,Si,20,0,0,0,1,1,0,0,-6.301875,-77.850184,dashboard_acopio,1,0,1,0
RC0001632,L001632,F0044,2026-07-31,TEC06,No_se_sabe,-1,0,0,0,0,0,0,0,-6.316945,-77.890548,formulario_campo,0,0,0,1
RC0001633,L001633,F0103,2025-06-24,TEC05,Si,34,0,0,0,0,0,0,0,-6.178027,-77.918017,formulario_campo,0,0,1,0
RC0001634,L001634,F0064,2025-05-08,TEC02,Si,34,0,0,1,1,1,1,1,-6.274303,-77.804264,formulario_campo,2,0,1,0
RC0001635,L001635,F0049,2026-04-20,TEC01,No_se_sabe,-1,0,0,0,0,0,1,1,-6.19401,-77.914174,formulario_campo,0,0,0,1
RC0001636,L001636,F0083,2025-09-02,TEC07,No,-1,0,0,1,1,1,1,1,-6.168317,-77.891454,formulario_campo,2,0,0,0
RC0001637,L001637,F0066,2025-01-30,TEC10,Si,34,0,0,1,1,1,0,0,-6.262017,-77.808845,formulario_campo,2,0,1,0
RC0001638,L001638,F0107,2025-06-26,TEC11,No,-1,0,0,0,0,0,1,1,-6.227387,-77.903491,formulario_campo,0,0,0,0
RC0001639,L001639,F0066,2025-12-17,TEC04,Si,36,1,1,0,1,1,0,0,-6.261983,-77.810158,dashboard_acopio,3,1,1,0
RC0001640,L001640,F0078,2025-07-17,TEC12,No,-1,0,1,0,0,1,0,0,-6.261212,-77.818893,dashboard_acopio,1,0,0,0
RC0001641,L001641,F0095,2025-05-06,TEC02,No,-1,0,0,0,0,0,1,1,-6.278586,-77.862606,dashboard_acopio,0,0,0,0
RC0001642,L001642,F0006,2026-02-12,TEC09,No,-1,0,0,1,1,1,1,1,-6.231496,-77.7908,formulario_campo,2,0,0,0
RC0001643,L001643,F0089,2025-06-07,TEC10,Si,9,0,0,0,0,0,1,1,-6.21438,-77.849356,dashboard_acopio,0,0,1,0
RC0001644,L001644,F0112,2026-04-30,TEC01,No,-1,0,1,0,0,1,1,1,-6.276156,-77.862224,cola_kafka,1,0,0,0
RC0001645,L001645,F0070,2025-06-01,TEC11,No,-1,1,0,0,0,1,1,1,-6.190437,-77.846883,dashboard_acopio,1,0,0,0
RC0001646,L001646,F0082,2026-03-27,TEC04,No_se_sabe,-1,1,0,0,1,1,1,0,-6.193811,-77.868975,dashboard_acopio,2,0,0,1
RC0001647,L001647,F0118,2026-02-07,TEC06,No,-1,0,0,0,1,1,1,1,-6.27781,-77.832852,dashboard_acopio,1,0,0,0
RC0001648,L001648,F0016,2025-08-02,TEC10,No,-1,0,0,1,0,1,1,1,-6.244126,-77.876025,dashboard_acopio,1,0,0,0
RC0001649,L001649,F0071,2025-07-08,TEC11,Si,14,0,0,0,1,1,0,0,-6.236693,-77.870714,cola_kafka,1,0,1,0
RC0001650,L001650,F0008,2025-04-17,TEC08,Si,37,0,0,1,0,1,1,1,-6.280203,-77.903843,formulario_campo,1,0,1,0
RC0001651,L001651,F0073,2025-06-10,TEC12,No_se_sabe,-1,1,0,1,1,1,0,0,-6.194839,-77.917679,dashboard_acopio,3,1,0,1
RC0001652,L001652,F0064,2026-07-11,TEC09,No_se_sabe,-1,0,0,0,1,1,0,0,-6.272385,-77.803417,formulario_campo,1,0,0,1
RC0001653,L001653,F0103,2025-04-07,TEC03,Si,11,1,0,0,0,1,1,1,-6.177541,-77.915816,formulario_campo,1,0,1,0
RC0001654,L001654,F0021,2025-07-23,TEC06,No,-1,1,1,1,1,1,1,0,-6.29065,-77.863809,dashboard_acopio,4,0,0,0
RC0001655,L001655,F0017,2026-04-09,TEC08,Si,41,1,1,0,0,1,0,0,-6.272225,-77.855651,formulario_campo,2,1,1,0
RC0001656,L001656,F0055,2025-05-15,TEC10,No,-1,1,1,1,0,1,1,0,-6.242275,-77.880431,cola_kafka,3,0,0,0
RC0001657,L001657,F0070,2025-04-08,TEC08,Si,11,0,1,1,0,1,0,0,-6.189765,-77.845485,dashboard_acopio,2,0,1,0
RC0001658,L001658,F0060,2026-04-12,TEC08,No,-1,1,0,0,0,1,0,0,-6.301732,-77.830196,formulario_campo,1,1,0,0
RC0001659,L001659,F0030,2025-05-05,TEC11,No_se_sabe,-1,0,0,1,1,1,1,1,-6.208181,-77.903727,formulario_campo,2,0,0,1
RC0001660,L001660,F0083,2025-07-05,TEC03,No,-1,1,1,0,0,1,0,0,-6.166476,-77.892457,formulario_campo,2,1,0,0
RC0001661,L001661,F0070,2025-02-03,TEC10,Si,24,0,1,0,0,1,1,0,-6.189552,-77.846023,cola_kafka,1,0,1,0
RC0001662,L001662,F0030,2025-07-22,TEC03,Si,33,1,0,0,1,1,1,0,-6.20865,-77.902469,dashboard_acopio,2,0,1,0
RC0001663,L001663,F0039,2026-02-27,TEC06,No,-1,0,0,0,0,0,1,1,-6.221346,-77.78287,dashboard_acopio,0,0,0,0
RC0001664,L001664,F0112,2026-05-08,TEC12,No,-1,0,0,1,1,1,1,1,-6.275782,-77.861975,formulario_campo,2,0,0,0
RC0001665,L001665,F0013,2025-07-19,TEC10,No,-1,0,0,1,0,1,1,1,-6.150704,-77.807281,formulario_campo,1,0,0,0
RC0001666,L001666,F0019,2026-07-06,TEC06,No,-1,0,1,1,1,1,0,0,-6.228187,-77.860258,formulario_campo,3,0,0,0
RC0001667,L001667,F0118,2026-07-30,TEC05,Si,23,0,1,0,1,1,1,1,-6.277472,-77.832462,cola_kafka,2,0,1,0
RC0001668,L001668,F0114,2026-05-17,TEC12,No,-1,0,1,0,1,1,0,0,-6.30161,-77.850335,formulario_campo,2,0,0,0
RC0001669,L001669,F0103,2025-10-14,TEC07,Si,9,1,1,1,1,1,1,0,-6.177677,-77.915649,cola_kafka,4,0,1,0
RC0001670,L001670,F0021,2025-04-25,TEC06,Si,10,0,1,0,1,1,1,1,-6.28967,-77.862166,cola_kafka,2,0,1,0
RC0001671,L001671,F0075,2026-07-07,TEC07,Si,27,1,0,0,0,1,1,0,-6.226615,-77.938166,dashboard_acopio,1,0,1,0
RC0001672,L001672,F0075,2026-04-28,TEC02,No_se_sabe,-1,0,1,0,0,1,1,1,-6.228295,-77.937531,formulario_campo,1,0,0,1
RC0001673,L001673,F0020,2026-07-03,TEC04,No_se_sabe,-1,0,0,0,1,1,1,1,-6.203003,-77.892116,formulario_campo,1,0,0,1
RC0001674,L001674,F0030,2025-08-06,TEC11,Si,23,0,1,0,0,1,1,1,-6.209182,-77.903654,dashboard_acopio,1,0,1,0
RC0001675,L001675,F0013,2026-03-08,TEC05,No_se_sabe,-1,0,0,0,1,1,1,1,-6.149458,-77.808323,formulario_campo,1,0,0,1
RC0001676,L001676,F0110,2026-08-16,TEC04,No,-1,0,0,0,1,1,1,1,-6.273169,-77.879576,formulario_campo,1,0,0,0
RC0001677,L001677,F0083,2025-08-05,TEC10,No,-1,0,1,1,0,1,1,1,-6.168638,-77.891488,formulario_campo,2,0,0,0
RC0001678,L001678,F0047,2025-05-29,TEC07,Si,32,0,0,1,0,1,1,1,-6.1889,-77.796959,formulario_campo,1,0,1,0
RC0001679,L001679,F0033,2026-08-25,TEC10,No,-1,1,1,0,0,1,0,0,-6.206709,-77.893148,dashboard_acopio,2,1,0,0
RC0001680,L001680,F0024,2025-12-31,TEC05,No_se_sabe,-1,0,0,1,1,1,1,1,-6.335452,-77.802831,formulario_campo,2,0,0,1
RC0001681,L001681,F0028,2025-02-18,TEC09,Si,13,0,0,0,1,1,1,1,-6.232518,-77.85377,dashboard_acopio,1,0,1,0
RC0001682,L001682,F0051,2026-04-25,TEC10,No,-1,1,0,0,0,1,0,1,-6.226098,-77.931242,dashboard_acopio,1,1,0,0
RC0001683,L001683,F0098,2026-08-03,TEC01,No,-1,0,0,0,0,0,1,1,-6.21097,-77.899251,formulario_campo,0,0,0,0
RC0001684,L001684,F0107,2026-07-26,TEC08,No_se_sabe,-1,0,0,1,0,1,1,1,-6.228291,-77.902696,cola_kafka,1,0,0,1
RC0001685,L001685,F0064,2026-05-20,TEC07,Si,9,0,0,0,1,1,1,1,-6.272831,-77.803251,cola_kafka,1,0,1,0
RC0001686,L001686,F0083,2025-07-23,TEC12,No,-1,0,0,0,0,0,1,1,-6.167491,-77.89246,cola_kafka,0,0,0,0
RC0001687,L001687,F0047,2026-07-12,TEC02,Si,23,1,0,0,1,1,0,0,-6.189085,-77.797411,formulario_campo,2,1,1,0
RC0001688,L001688,F0090,2025-01-09,TEC02,No,-1,1,0,0,1,1,1,1,-6.199427,-77.817472,formulario_campo,2,0,0,0
RC0001689,L001689,F0034,2025-02-20,TEC07,Si,27,0,0,1,0,1,1,1,-6.210145,-77.884883,dashboard_acopio,1,0,1,0
RC0001690,L001690,F0006,2026-08-13,TEC02,No_se_sabe,-1,0,0,0,0,0,1,0,-6.232414,-77.789835,formulario_campo,0,0,0,1
RC0001691,L001691,F0025,2025-06-12,TEC12,Si,41,1,0,1,0,1,1,0,-6.232807,-77.955702,cola_kafka,2,0,1,0
RC0001692,L001692,F0078,2025-06-20,TEC11,No_se_sabe,-1,1,0,0,0,1,1,1,-6.260052,-77.818882,formulario_campo,1,0,0,1
RC0001693,L001693,F0072,2026-04-03,TEC04,No_se_sabe,-1,1,0,1,0,1,1,0,-6.084111,-77.828349,cola_kafka,2,0,0,1
RC0001694,L001694,F0029,2026-07-14,TEC09,Si,26,0,0,0,1,1,1,1,-6.1939,-77.844651,formulario_campo,1,0,1,0
RC0001695,L001695,F0014,2025-04-13,TEC10,Si,15,1,0,1,0,1,1,1,-6.2524,-77.799523,dashboard_acopio,2,0,1,0
RC0001696,L001696,F0083,2026-02-03,TEC12,No,-1,0,1,0,0,1,1,1,-6.168068,-77.893249,dashboard_acopio,1,0,0,0
RC0001697,L001697,F0044,2026-04-06,TEC07,No,-1,1,1,0,0,1,0,1,-6.317754,-77.890917,dashboard_acopio,2,1,0,0
RC0001698,L001698,F0066,2025-09-26,TEC05,No,-1,0,1,1,1,1,1,1,-6.262126,-77.809582,dashboard_acopio,3,0,0,0
RC0001699,L001699,F0006,2025-05-10,TEC05,Si,2,0,0,0,1,1,1,1,-6.232829,-77.790106,formulario_campo,1,0,1,0
RC0001700,L001700,F0099,2025-09-25,TEC09,Si,17,0,1,0,0,1,1,1,-6.176313,-77.806651,formulario_campo,1,0,1,0
RC0001701,L001701,F0118,2025-12-03,TEC11,Si,35,1,0,1,0,1,0,0,-6.277186,-77.832104,formulario_campo,2,1,1,0
RC0001702,L001702,F0081,2025-04-26,TEC05,Si,18,1,0,0,0,1,1,1,-6.149764,-77.939939,dashboard_acopio,1,0,1,0
RC0001703,L001703,F0081,2026-04-22,TEC10,No,-1,0,0,0,1,1,1,1,-6.14945,-77.941046,formulario_campo,1,0,0,0
RC0001704,L001704,F0085,2025-08-21,TEC05,Si,33,0,0,0,1,1,1,1,-6.276115,-77.852466,cola_kafka,1,0,1,0
RC0001705,L001705,F0047,2025-08-29,TEC12,Si,27,0,1,0,0,1,1,1,-6.188955,-77.797796,cola_kafka,1,0,1,0
RC0001706,L001706,F0111,2025-06-21,TEC08,Si,43,1,1,1,0,1,0,0,-6.236105,-77.858592,dashboard_acopio,3,1,1,0
RC0001707,L001707,F0076,2025-06-01,TEC01,Si,19,1,0,1,0,1,1,0,-6.314164,-77.908808,formulario_campo,2,0,1,0
RC0001708,L001708,F0044,2025-08-02,TEC02,No,-1,0,1,1,1,1,1,1,-6.316409,-77.889114,cola_kafka,3,0,0,0
RC0001709,L001709,F0045,2025-04-03,TEC03,Si,33,1,0,1,1,1,0,0,-6.251198,-77.828884,dashboard_acopio,3,1,1,0
RC0001710,L001710,F0026,2025-06-20,TEC07,No,-1,1,1,0,0,1,0,0,-6.234383,-77.772392,formulario_campo,2,1,0,0
RC0001711,L001711,F0119,2026-08-26,TEC11,Si,41,0,0,0,0,0,1,1,-6.219899,-77.900659,formulario_campo,0,0,1,0
RC0001712,L001712,F0009,2026-08-21,TEC10,No,-1,0,1,1,0,1,0,0,-6.2732,-77.826258,cola_kafka,2,0,0,0
RC0001713,L001713,F0062,2026-06-14,TEC03,Si,5,0,0,1,1,1,1,1,-6.196065,-77.845919,formulario_campo,2,0,1,0
RC0001714,L001714,F0082,2025-05-28,TEC06,Si,42,0,0,0,0,0,1,1,-6.194971,-77.871022,formulario_campo,0,0,1,0
RC0001715,L001715,F0047,2025-07-27,TEC02,Si,41,1,0,1,0,1,0,0,-6.189567,-77.796402,formulario_campo,2,1,1,0
RC0001716,L001716,F0105,2025-06-17,TEC12,No,-1,0,0,1,0,1,1,0,-6.236088,-77.878768,formulario_campo,1,0,0,0
RC0001717,L001717,F0033,2026-07-12,TEC11,No,-1,1,0,1,0,1,0,0,-6.205224,-77.89356,formulario_campo,2,1,0,0
RC0001718,L001718,F0104,2025-08-28,TEC02,No,-1,1,1,1,0,1,0,0,-6.210566,-77.861771,formulario_campo,3,1,0,0
RC0001719,L001719,F0110,2025-07-14,TEC07,No_se_sabe,-1,1,1,0,0,1,1,0,-6.272608,-77.878957,dashboard_acopio,2,0,0,1
RC0001720,L001720,F0022,2025-07-12,TEC12,No,-1,0,0,0,0,0,1,1,-6.252904,-77.858017,cola_kafka,0,0,0,0
RC0001721,L001721,F0013,2026-04-28,TEC07,Si,38,0,0,0,0,0,1,1,-6.149497,-77.808262,dashboard_acopio,0,0,1,0
RC0001722,L001722,F0094,2025-08-14,TEC06,Si,39,0,0,0,1,1,0,0,-6.269223,-77.940942,cola_kafka,1,0,1,0
RC0001723,L001723,F0120,2026-08-17,TEC09,No_se_sabe,-1,1,0,0,1,1,0,0,-6.22083,-77.87506,formulario_campo,2,1,0,1
RC0001724,L001724,F0076,2026-04-01,TEC09,No_se_sabe,-1,0,0,1,0,1,0,0,-6.31462,-77.908461,dashboard_acopio,1,0,0,1
RC0001725,L001725,F0026,2025-04-04,TEC07,No,-1,1,1,1,0,1,0,0,-6.234508,-77.77081,dashboard_acopio,3,1,0,0
RC0001726,L001726,F0102,2025-02-07,TEC12,No,-1,1,1,1,0,1,0,0,-6.276195,-77.942325,dashboard_acopio,3,1,0,0
RC0001727,L001727,F0078,2025-04-01,TEC09,No_se_sabe,-1,0,0,0,1,1,1,1,-6.260904,-77.820246,formulario_campo,1,0,0,1
RC0001728,L001728,F0026,2025-04-13,TEC01,No,-1,1,0,0,0,1,0,0,-6.234893,-77.773061,dashboard_acopio,1,1,0,0
RC0001729,L001729,F0074,2026-08-19,TEC01,No_se_sabe,-1,0,0,0,1,1,0,1,-6.272652,-77.870171,formulario_campo,1,0,0,1
RC0001730,L001730,F0026,2025-09-10,TEC02,No,-1,1,1,1,0,1,1,0,-6.23477,-77.771068,dashboard_acopio,3,0,0,0
RC0001731,L001731,F0112,2026-04-06,TEC10,No_se_sabe,-1,0,0,0,1,1,1,1,-6.276718,-77.861509,formulario_campo,1,0,0,1
RC0001732,L001732,F0019,2025-06-16,TEC02,No,-1,1,0,1,1,1,0,0,-6.227717,-77.859327,dashboard_acopio,3,1,0,0
RC0001733,L001733,F0019,2026-07-09,TEC05,Si,19,0,1,0,1,1,1,1,-6.228171,-77.859109,formulario_campo,2,0,1,0
RC0001734,L001734,F0064,2025-06-02,TEC08,No,-1,1,0,1,1,1,1,1,-6.271766,-77.803756,dashboard_acopio,3,0,0,0
RC0001735,L001735,F0110,2026-05-24,TEC05,No_se_sabe,-1,1,1,1,0,1,0,0,-6.273147,-77.8792,dashboard_acopio,3,1,0,1
RC0001736,L001736,F0101,2025-04-12,TEC08,No,-1,1,1,0,1,1,0,0,-6.335216,-77.859159,dashboard_acopio,3,1,0,0
RC0001737,L001737,F0063,2026-06-10,TEC08,No_se_sabe,-1,0,0,1,1,1,1,1,-6.242844,-77.959197,formulario_campo,2,0,0,1
RC0001738,L001738,F0003,2026-08-29,TEC01,Si,26,0,0,0,0,0,1,1,-6.214332,-77.820679,formulario_campo,0,0,1,0
RC0001739,L001739,F0072,2025-08-26,TEC11,No,-1,0,1,0,1,1,1,1,-6.08407,-77.826853,formulario_campo,2,0,0,0
RC0001740,L001740,F0019,2026-05-17,TEC07,Si,5,0,0,0,0,0,1,1,-6.227682,-77.859626,formulario_campo,0,0,1,0
RC0001741,L001741,F0093,2025-05-25,TEC06,No,-1,1,1,1,1,1,0,0,-6.244656,-77.906369,formulario_campo,4,1,0,0
RC0001742,L001742,F0059,2026-08-10,TEC04,No_se_sabe,-1,0,0,0,1,1,1,1,-6.249591,-77.973334,cola_kafka,1,0,0,1
RC0001743,L001743,F0109,2026-06-24,TEC05,No_se_sabe,-1,0,0,1,0,1,1,1,-6.251581,-77.891672,formulario_campo,1,0,0,1
RC0001744,L001744,F0046,2026-07-26,TEC06,No,-1,1,0,0,0,1,1,1,-6.280699,-77.882482,formulario_campo,1,0,0,0
RC0001745,L001745,F0110,2025-06-27,TEC03,No,-1,0,0,0,1,1,1,1,-6.271783,-77.879589,cola_kafka,1,0,0,0
RC0001746,L001746,F0112,2025-07-17,TEC01,No_se_sabe,-1,1,0,1,0,1,1,1,-6.276144,-77.862261,formulario_campo,2,0,0,1
RC0001747,L001747,F0019,2025-09-12,TEC05,Si,34,0,0,0,1,1,1,1,-6.228223,-77.860349,formulario_campo,1,0,1,0
RC0001748,L001748,F0114,2025-04-21,TEC03,No_se_sabe,-1,0,0,1,1,1,1,1,-6.301329,-77.850466,formulario_campo,2,0,0,1
RC0001749,L001749,F0105,2026-06-27,TEC01,No,-1,0,0,0,1,1,1,1,-6.237616,-77.880748,cola_kafka,1,0,0,0
RC0001750,L001750,F0076,2025-09-02,TEC05,Si,30,1,0,0,1,1,1,0,-6.315973,-77.9089,formulario_campo,2,0,1,0
RC0001751,L001751,F0088,2026-07-29,TEC05,No,-1,0,1,0,1,1,0,1,-6.27741,-77.844802,formulario_campo,2,0,0,0
RC0001752,L001752,F0085,2025-05-29,TEC01,Si,34,0,0,1,0,1,1,1,-6.275359,-77.853701,formulario_campo,1,0,1,0
RC0001753,L001753,F0008,2025-12-04,TEC10,No_se_sabe,-1,0,0,0,1,1,1,1,-6.281346,-77.90435,formulario_campo,1,0,0,1
RC0001754,L001754,F0012,2026-08-13,TEC11,No,-1,0,0,0,0,0,0,0,-6.229038,-77.897124,formulario_campo,0,0,0,0
RC0001755,L001755,F0044,2026-06-24,TEC03,No,-1,0,1,0,0,1,0,0,-6.317393,-77.890296,formulario_campo,1,0,0,0
RC0001756,L001756,F0013,2025-04-11,TEC08,No,-1,0,1,0,0,1,0,0,-6.149724,-77.808321,formulario_campo,1,0,0,0
RC0001757,L001757,F0002,2026-01-25,TEC08,Si,5,0,1,0,1,1,0,0,-6.218598,-77.930978,cola_kafka,2,0,1,0
RC0001758,L001758,F0018,2025-06-30,TEC10,No_se_sabe,-1,0,1,0,1,1,1,0,-6.223129,-77.903277,formulario_campo,2,0,0,1
RC0001759,L001759,F0084,2025-04-14,TEC04,No_se_sabe,-1,0,0,1,0,1,1,0,-6.172439,-77.856367,dashboard_acopio,1,0,0,1
RC0001760,L001760,F0053,2026-05-24,TEC03,No,-1,0,0,0,1,1,1,1,-6.259056,-77.903134,cola_kafka,1,0,0,0
RC0001761,L001761,F0005,2025-05-16,TEC04,Si,4,0,0,0,1,1,0,0,-6.204447,-77.897186,cola_kafka,1,0,1,0
RC0001762,L001762,F0107,2026-04-13,TEC03,No,-1,0,0,0,0,0,0,1,-6.227635,-77.903236,cola_kafka,0,0,0,0
RC0001763,L001763,F0030,2026-04-29,TEC07,No_se_sabe,-1,1,0,1,1,1,0,0,-6.208199,-77.903126,dashboard_acopio,3,1,0,1
RC0001764,L001764,F0018,2025-08-18,TEC08,No_se_sabe,-1,1,1,0,0,1,0,1,-6.223713,-77.90181,formulario_campo,2,1,0,1
RC0001765,L001765,F0088,2025-09-08,TEC08,No_se_sabe,-1,1,1,1,0,1,1,1,-6.27712,-77.844984,dashboard_acopio,3,0,0,1
RC0001766,L001766,F0118,2025-07-29,TEC10,Si,22,1,0,1,0,1,1,0,-6.277307,-77.831915,formulario_campo,2,0,1,0
RC0001767,L001767,F0013,2025-09-18,TEC07,No,-1,0,0,1,0,1,1,1,-6.149803,-77.808857,dashboard_acopio,1,0,0,0
RC0001768,L001768,F0009,2025-07-09,TEC04,No_se_sabe,-1,0,1,0,0,1,1,1,-6.274302,-77.8255,formulario_campo,1,0,0,1
RC0001769,L001769,F0049,2025-08-19,TEC06,No,-1,0,1,0,1,1,0,0,-6.195045,-77.916082,formulario_campo,2,0,0,0
RC0001770,L001770,F0119,2026-04-18,TEC10,Si,9,0,0,1,1,1,1,1,-6.220723,-77.901854,dashboard_acopio,2,0,1,0
RC0001771,L001771,F0051,2025-09-25,TEC05,No,-1,1,0,0,1,1,0,0,-6.226632,-77.930149,formulario_campo,2,1,0,0
RC0001772,L001772,F0071,2026-06-12,TEC11,No_se_sabe,-1,1,0,0,0,1,1,1,-6.236908,-77.870306,formulario_campo,1,0,0,1
RC0001773,L001773,F0118,2026-08-29,TEC01,Si,18,1,0,0,1,1,0,0,-6.276993,-77.832627,formulario_campo,2,1,1,0
RC0001774,L001774,F0086,2025-06-29,TEC04,Si,16,0,0,0,0,0,0,1,-6.217915,-77.924792,cola_kafka,0,0,1,0
RC0001775,L001775,F0096,2026-07-20,TEC12,Si,39,0,1,0,1,1,1,0,-6.147823,-77.809912,dashboard_acopio,2,0,1,0
RC0001776,L001776,F0120,2026-05-07,TEC03,No,-1,1,1,1,0,1,0,0,-6.22057,-77.875452,cola_kafka,3,1,0,0
RC0001777,L001777,F0070,2025-06-30,TEC07,No,-1,1,0,0,0,1,1,1,-6.19042,-77.846895,dashboard_acopio,1,0,0,0
RC0001778,L001778,F0101,2026-04-27,TEC04,No,-1,0,1,1,1,1,0,0,-6.335135,-77.859914,formulario_campo,3,0,0,0
RC0001779,L001779,F0016,2025-09-18,TEC02,Si,4,1,0,0,0,1,1,1,-6.243667,-77.87439,dashboard_acopio,1,0,1,0
RC0001780,L001780,F0116,2025-07-15,TEC07,Si,12,1,1,1,1,1,0,0,-6.225735,-77.847884,dashboard_acopio,4,1,1,0
RC0001781,L001781,F0049,2026-07-27,TEC05,No,-1,1,0,0,0,1,0,0,-6.195626,-77.914944,formulario_campo,1,1,0,0
RC0001782,L001782,F0087,2025-06-02,TEC09,No,-1,0,1,0,0,1,1,1,-6.208079,-77.797582,dashboard_acopio,1,0,0,0
RC0001783,L001783,F0107,2025-06-14,TEC03,No,-1,0,0,0,0,0,1,1,-6.227278,-77.902733,formulario_campo,0,0,0,0
RC0001784,L001784,F0063,2026-05-30,TEC12,No,-1,0,1,0,1,1,1,0,-6.241218,-77.958898,formulario_campo,2,0,0,0
RC0001785,L001785,F0088,2026-07-24,TEC07,No,-1,0,0,1,0,1,1,1,-6.277027,-77.843469,dashboard_acopio,1,0,0,0
RC0001786,L001786,F0007,2026-07-16,TEC05,Si,12,0,0,0,1,1,1,1,-6.197393,-77.903805,dashboard_acopio,1,0,1,0
RC0001787,L001787,F0019,2025-09-23,TEC05,Si,44,1,1,0,1,1,1,0,-6.227887,-77.860169,formulario_campo,3,0,1,0
RC0001788,L001788,F0030,2026-04-01,TEC04,No_se_sabe,-1,0,0,1,0,1,1,1,-6.209419,-77.903008,formulario_campo,1,0,0,1
RC0001789,L001789,F0069,2026-08-27,TEC06,Si,19,0,0,0,0,0,1,1,-6.317761,-77.834163,cola_kafka,0,0,1,0
RC0001790,L001790,F0083,2026-05-10,TEC03,Si,31,0,0,0,1,1,1,1,-6.168025,-77.893104,formulario_campo,1,0,1,0
RC0001791,L001791,F0081,2025-08-06,TEC12,Si,26,1,0,0,0,1,0,1,-6.150145,-77.940586,cola_kafka,1,1,1,0
RC0001792,L001792,F0091,2025-04-18,TEC11,No,-1,0,0,0,0,0,1,1,-6.221057,-77.875936,cola_kafka,0,0,0,0
RC0001793,L001793,F0119,2025-08-23,TEC05,No,-1,0,1,1,0,1,0,1,-6.220356,-77.900352,formulario_campo,2,0,0,0
RC0001794,L001794,F0047,2026-05-03,TEC12,No_se_sabe,-1,0,0,1,0,1,1,0,-6.188996,-77.798005,dashboard_acopio,1,0,0,1
RC0001795,L001795,F0120,2026-06-19,TEC11,No,-1,0,0,0,0,0,1,1,-6.220525,-77.87433,formulario_campo,0,0,0,0
RC0001796,L001796,F0083,2026-07-11,TEC08,No,-1,1,1,1,0,1,0,0,-6.16757,-77.892676,cola_kafka,3,1,0,0
RC0001797,L001797,F0064,2025-11-15,TEC12,Si,27,0,1,0,0,1,1,0,-6.273019,-77.802631,formulario_campo,1,0,1,0
RC0001798,L001798,F0086,2025-02-24,TEC10,Si,37,0,0,0,0,0,1,1,-6.217532,-77.924683,dashboard_acopio,0,0,1,0
RC0001799,L001799,F0012,2025-08-01,TEC12,No,-1,0,0,1,1,1,1,0,-6.229477,-77.899694,formulario_campo,2,0,0,0
RC0001800,L001800,F0024,2025-06-12,TEC09,Si,7,1,0,0,0,1,1,1,-6.336057,-77.802296,dashboard_acopio,1,0,1,0
RC0001801,L001801,F0049,2026-08-25,TEC05,Si,28,1,0,0,1,1,1,1,-6.195794,-77.91542,formulario_campo,2,0,1,0
RC0001802,L001802,F0068,2025-05-26,TEC06,No_se_sabe,-1,1,0,0,1,1,1,1,-6.153457,-77.879625,formulario_campo,2,0,0,1
RC0001803,L001803,F0112,2026-04-22,TEC03,Si,31,0,0,0,0,0,0,0,-6.276248,-77.86113,formulario_campo,0,0,1,0
RC0001804,L001804,F0059,2026-08-25,TEC11,No,-1,0,1,1,1,1,0,1,-6.249013,-77.973305,formulario_campo,3,0,0,0
RC0001805,L001805,F0018,2026-06-18,TEC02,No_se_sabe,-1,0,0,0,0,0,1,1,-6.223383,-77.902559,dashboard_acopio,0,0,0,1
RC0001806,L001806,F0034,2025-05-29,TEC04,Si,16,1,0,1,0,1,1,1,-6.21052,-77.883375,formulario_campo,2,0,1,0
RC0001807,L001807,F0042,2025-04-25,TEC12,No_se_sabe,-1,1,0,1,0,1,0,0,-6.208926,-77.965007,formulario_campo,2,1,0,1
RC0001808,L001808,F0024,2026-07-01,TEC11,No,-1,1,1,1,0,1,1,0,-6.336104,-77.802494,formulario_campo,3,0,0,0
RC0001809,L001809,F0045,2026-05-27,TEC12,Si,40,0,1,1,0,1,0,0,-6.250833,-77.82977,dashboard_acopio,2,0,1,0
RC0001810,L001810,F0008,2025-07-11,TEC05,No,-1,1,0,0,1,1,1,1,-6.27924,-77.90497,formulario_campo,2,0,0,0
RC0001811,L001811,F0088,2026-07-01,TEC04,No_se_sabe,-1,1,1,0,0,1,1,0,-6.276513,-77.844298,formulario_campo,2,0,0,1
RC0001812,L001812,F0050,2025-08-24,TEC04,No_se_sabe,-1,0,0,0,0,0,1,1,-6.299806,-77.914472,formulario_campo,0,0,0,1
RC0001813,L001813,F0055,2025-09-17,TEC02,No,-1,0,1,0,0,1,0,0,-6.24182,-77.87953,dashboard_acopio,1,0,0,0
RC0001814,L001814,F0044,2025-09-04,TEC06,Si,21,0,0,1,0,1,0,1,-6.316244,-77.890877,formulario_campo,1,0,1,0
RC0001815,L001815,F0055,2025-09-12,TEC04,No_se_sabe,-1,1,0,0,0,1,0,0,-6.242217,-77.88031,cola_kafka,1,1,0,1
RC0001816,L001816,F0093,2025-05-13,TEC04,Si,9,0,0,1,0,1,1,1,-6.244969,-77.905099,cola_kafka,1,0,1,0
RC0001817,L001817,F0019,2025-07-26,TEC08,Si,37,0,1,1,0,1,1,0,-6.226783,-77.860476,formulario_campo,2,0,1,0
RC0001818,L001818,F0087,2026-08-10,TEC04,No,-1,1,0,0,1,1,1,0,-6.20882,-77.799511,formulario_campo,2,0,0,0
RC0001819,L001819,F0113,2025-12-27,TEC02,No,-1,0,0,0,1,1,1,0,-6.209344,-77.888902,cola_kafka,1,0,0,0
RC0001820,L001820,F0116,2025-07-02,TEC04,No_se_sabe,-1,0,1,0,0,1,1,1,-6.227165,-77.848271,formulario_campo,1,0,0,1
RC0001821,L001821,F0099,2025-12-31,TEC06,Si,34,1,0,0,0,1,1,1,-6.175336,-77.804999,formulario_campo,1,0,1,0
RC0001822,L001822,F0033,2026-04-27,TEC07,No_se_sabe,-1,0,1,1,0,1,0,0,-6.207244,-77.893692,dashboard_acopio,2,0,0,1
RC0001823,L001823,F0096,2026-08-02,TEC02,No,-1,0,0,0,1,1,1,0,-6.148166,-77.81013,formulario_campo,1,0,0,0
RC0001824,L001824,F0116,2025-07-31,TEC02,No_se_sabe,-1,1,0,1,0,1,1,0,-6.225389,-77.847576,cola_kafka,2,0,0,1
RC0001825,L001825,F0062,2026-06-17,TEC01,No_se_sabe,-1,1,0,0,1,1,1,1,-6.196417,-77.845319,formulario_campo,2,0,0,1
RC0001826,L001826,F0013,2025-05-21,TEC07,No,-1,0,1,1,1,1,0,0,-6.148746,-77.808932,formulario_campo,3,0,0,0
RC0001827,L001827,F0112,2025-09-02,TEC03,No_se_sabe,-1,0,0,0,0,0,1,1,-6.276084,-77.863087,formulario_campo,0,0,0,1
RC0001828,L001828,F0039,2025-06-24,TEC04,Si,35,0,0,0,0,0,1,1,-6.219793,-77.782576,formulario_campo,0,0,1,0
RC0001829,L001829,F0094,2026-05-11,TEC03,No,-1,0,0,0,0,0,0,0,-6.26882,-77.940966,formulario_campo,0,0,0,0
RC0001830,L001830,F0051,2026-08-05,TEC06,Si,2,0,1,0,1,1,0,0,-6.226691,-77.932009,dashboard_acopio,2,0,1,0
RC0001831,L001831,F0008,2025-08-25,TEC09,No_se_sabe,-1,1,1,1,0,1,0,0,-6.28108,-77.903878,formulario_campo,3,1,0,1
RC0001832,L001832,F0076,2025-05-14,TEC06,Si,35,1,1,1,1,1,0,0,-6.314764,-77.90819,dashboard_acopio,4,1,1,0
RC0001833,L001833,F0037,2026-07-29,TEC02,Si,18,0,0,0,0,0,1,1,-6.20249,-77.860302,dashboard_acopio,0,0,1,0
RC0001834,L001834,F0042,2025-02-20,TEC05,No,-1,0,0,1,0,1,1,1,-6.207504,-77.964082,formulario_campo,1,0,0,0
RC0001835,L001835,F0024,2025-09-15,TEC12,Si,25,0,1,1,1,1,0,0,-6.336847,-77.802701,formulario_campo,3,0,1,0
RC0001836,L001836,F0104,2025-08-14,TEC05,Si,9,0,0,1,0,1,0,1,-6.211177,-77.862142,formulario_campo,1,0,1,0
RC0001837,L001837,F0075,2025-09-19,TEC10,Si,2,0,0,0,1,1,1,1,-6.22839,-77.937416,cola_kafka,1,0,1,0
RC0001838,L001838,F0061,2026-05-21,TEC02,No,-1,0,1,0,0,1,1,1,-6.244024,-77.863447,formulario_campo,1,0,0,0
RC0001839,L001839,F0033,2026-08-03,TEC02,No,-1,0,0,1,1,1,1,1,-6.206187,-77.893125,formulario_campo,2,0,0,0
RC0001840,L001840,F0005,2026-07-16,TEC12,No_se_sabe,-1,1,0,0,0,1,1,0,-6.20439,-77.898645,formulario_campo,1,0,0,1
RC0001841,L001841,F0068,2025-06-03,TEC09,No,-1,0,1,1,0,1,1,0,-6.15397,-77.881334,cola_kafka,2,0,0,0
RC0001842,L001842,F0106,2025-04-02,TEC09,No,-1,0,0,0,0,0,1,0,-6.253817,-77.839054,formulario_campo,0,0,0,0
RC0001843,L001843,F0093,2025-05-27,TEC12,Si,30,1,0,1,1,1,0,1,-6.244699,-77.904811,cola_kafka,3,1,1,0
RC0001844,L001844,F0003,2026-07-03,TEC02,Si,29,0,1,0,0,1,1,1,-6.214518,-77.820157,formulario_campo,1,0,1,0
RC0001845,L001845,F0110,2025-11-06,TEC03,No,-1,0,0,0,1,1,1,1,-6.272755,-77.879513,dashboard_acopio,1,0,0,0
RC0001846,L001846,F0108,2026-04-23,TEC11,Si,12,0,0,0,0,0,1,1,-6.217661,-77.820266,formulario_campo,0,0,1,0
RC0001847,L001847,F0056,2026-05-03,TEC01,No,-1,1,0,1,0,1,0,1,-6.208084,-77.901518,cola_kafka,2,1,0,0
RC0001848,L001848,F0039,2026-05-06,TEC03,No,-1,0,0,0,0,0,1,1,-6.220271,-77.783206,formulario_campo,0,0,0,0
RC0001849,L001849,F0051,2026-07-06,TEC09,Si,35,1,0,1,1,1,0,0,-6.227684,-77.930877,cola_kafka,3,1,1,0
RC0001850,L001850,F0077,2025-06-16,TEC09,No_se_sabe,-1,0,1,1,0,1,1,0,-6.226474,-77.836398,cola_kafka,2,0,0,1
RC0001851,L001851,F0077,2025-08-31,TEC05,Si,32,1,0,1,0,1,0,0,-6.226755,-77.836199,dashboard_acopio,2,1,1,0
RC0001852,L001852,F0068,2025-04-27,TEC01,Si,20,0,0,0,0,0,1,1,-6.154646,-77.879587,dashboard_acopio,0,0,1,0
RC0001853,L001853,F0084,2026-08-10,TEC11,Si,7,0,0,1,1,1,1,1,-6.173382,-77.857629,formulario_campo,2,0,1,0
RC0001854,L001854,F0060,2026-07-02,TEC07,No,-1,1,0,0,0,1,0,0,-6.300817,-77.829445,formulario_campo,1,1,0,0
RC0001855,L001855,F0004,2025-05-04,TEC10,No,-1,0,0,0,0,0,1,1,-6.261244,-77.963878,formulario_campo,0,0,0,0
RC0001856,L001856,F0042,2026-08-01,TEC09,Si,31,0,1,1,1,1,1,0,-6.208924,-77.965402,formulario_campo,3,0,1,0
RC0001857,L001857,F0105,2026-06-10,TEC07,Si,24,1,0,0,1,1,1,1,-6.235516,-77.880829,cola_kafka,2,0,1,0
RC0001858,L001858,F0085,2025-09-18,TEC02,Si,37,1,0,0,1,1,1,1,-6.276406,-77.85419,formulario_campo,2,0,1,0
RC0001859,L001859,F0054,2025-01-18,TEC01,No,-1,0,0,1,1,1,1,0,-6.195338,-77.864573,formulario_campo,2,0,0,0
RC0001860,L001860,F0080,2026-04-28,TEC11,No,-1,0,1,0,1,1,0,0,-6.267902,-77.911505,formulario_campo,2,0,0,0
RC0001861,L001861,F0045,2025-04-30,TEC09,No_se_sabe,-1,0,0,0,0,0,1,1,-6.249945,-77.829592,formulario_campo,0,0,0,1
RC0001862,L001862,F0050,2026-04-08,TEC01,No,-1,0,0,0,0,0,1,0,-6.299926,-77.914208,formulario_campo,0,0,0,0
RC0001863,L001863,F0091,2026-06-03,TEC10,No,-1,1,0,0,0,1,0,0,-6.219919,-77.876518,cola_kafka,1,1,0,0
RC0001864,L001864,F0088,2025-11-25,TEC11,Si,5,0,1,0,0,1,0,1,-6.277782,-77.843465,dashboard_acopio,1,0,1,0
RC0001865,L001865,F0039,2025-09-09,TEC09,Si,38,0,0,0,0,0,0,1,-6.220803,-77.781959,formulario_campo,0,0,1,0
RC0001866,L001866,F0064,2025-08-21,TEC11,Si,34,0,0,0,0,0,0,0,-6.273316,-77.803304,dashboard_acopio,0,0,1,0
RC0001867,L001867,F0094,2026-04-25,TEC02,No,-1,0,0,0,0,0,1,1,-6.26771,-77.941219,cola_kafka,0,0,0,0
RC0001868,L001868,F0040,2026-06-25,TEC09,No,-1,1,0,0,0,1,1,0,-6.173357,-77.90874,formulario_campo,1,0,0,0
RC0001869,L001869,F0056,2026-08-27,TEC01,Si,16,0,1,1,0,1,1,0,-6.208856,-77.902504,cola_kafka,2,0,1,0
RC0001870,L001870,F0055,2025-04-04,TEC02,No_se_sabe,-1,1,1,0,0,1,0,0,-6.242786,-77.87993,cola_kafka,2,1,0,1
RC0001871,L001871,F0039,2025-08-05,TEC03,No,-1,0,0,0,0,0,0,0,-6.220787,-77.783468,formulario_campo,0,0,0,0
RC0001872,L001872,F0042,2025-09-23,TEC05,No_se_sabe,-1,1,0,1,0,1,0,0,-6.20696,-77.965094,formulario_campo,2,1,0,1
RC0001873,L001873,F0047,2026-04-22,TEC12,No,-1,0,0,0,1,1,0,1,-6.189678,-77.798029,cola_kafka,1,0,0,0
RC0001874,L001874,F0012,2026-04-30,TEC10,No,-1,0,1,1,0,1,1,1,-6.229088,-77.898157,cola_kafka,2,0,0,0
RC0001875,L001875,F0044,2026-06-29,TEC03,No_se_sabe,-1,0,1,0,0,1,1,1,-6.317097,-77.890954,formulario_campo,1,0,0,1
RC0001876,L001876,F0119,2026-02-23,TEC12,No_se_sabe,-1,0,1,1,1,1,1,1,-6.221363,-77.900682,dashboard_acopio,3,0,0,1
RC0001877,L001877,F0022,2025-12-24,TEC12,No,-1,0,0,0,1,1,0,1,-6.254135,-77.857951,formulario_campo,1,0,0,0
RC0001878,L001878,F0009,2025-08-11,TEC03,No_se_sabe,-1,0,0,0,0,0,1,1,-6.272966,-77.825729,formulario_campo,0,0,0,1
RC0001879,L001879,F0006,2025-04-13,TEC09,No,-1,0,0,0,0,0,1,1,-6.231187,-77.790625,formulario_campo,0,0,0,0
RC0001880,L001880,F0075,2025-03-30,TEC11,Si,33,0,1,0,0,1,1,1,-6.228725,-77.936919,dashboard_acopio,1,0,1,0
RC0001881,L001881,F0023,2025-08-01,TEC12,No,-1,0,0,0,0,0,1,1,-6.160837,-77.837021,cola_kafka,0,0,0,0
RC0001882,L001882,F0086,2025-09-12,TEC05,Si,23,0,0,0,0,0,1,1,-6.219614,-77.924685,formulario_campo,0,0,1,0
RC0001883,L001883,F0018,2025-01-10,TEC06,No_se_sabe,-1,1,0,0,1,1,1,1,-6.222753,-77.902329,formulario_campo,2,0,0,1
RC0001884,L001884,F0008,2026-06-24,TEC06,No_se_sabe,-1,0,0,0,0,0,1,1,-6.281231,-77.903198,dashboard_acopio,0,0,0,1
RC0001885,L001885,F0049,2026-04-07,TEC02,Si,19,1,0,1,1,1,0,0,-6.195032,-77.915508,dashboard_acopio,3,1,1,0
RC0001886,L001886,F0094,2026-05-04,TEC11,No,-1,1,0,1,0,1,0,0,-6.267524,-77.940023,formulario_campo,2,1,0,0
RC0001887,L001887,F0043,2026-04-11,TEC12,No,-1,0,0,1,1,1,1,0,-6.172995,-77.94467,dashboard_acopio,2,0,0,0
RC0001888,L001888,F0009,2026-05-06,TEC07,Si,36,0,1,1,0,1,0,0,-6.271701,-77.824066,cola_kafka,2,0,1,0
RC0001889,L001889,F0095,2026-02-22,TEC04,Si,4,0,0,0,0,0,1,1,-6.278832,-77.861339,cola_kafka,0,0,1,0
RC0001890,L001890,F0102,2025-07-06,TEC11,Si,16,1,1,1,0,1,0,0,-6.276205,-77.943925,formulario_campo,3,1,1,0
RC0001891,L001891,F0103,2026-07-25,TEC08,Si,35,1,1,1,0,1,1,0,-6.177685,-77.916796,dashboard_acopio,3,0,1,0
RC0001892,L001892,F0056,2025-09-15,TEC09,Si,44,0,0,0,0,0,1,1,-6.208274,-77.902067,cola_kafka,0,0,1,0
RC0001893,L001893,F0042,2026-04-17,TEC09,No,-1,0,0,0,0,0,1,1,-6.206663,-77.964794,dashboard_acopio,0,0,0,0
RC0001894,L001894,F0104,2025-11-18,TEC12,Si,39,0,1,0,1,1,1,1,-6.209932,-77.861409,formulario_campo,2,0,1,0
RC0001895,L001895,F0066,2026-01-12,TEC07,No_se_sabe,-1,0,0,1,1,1,0,0,-6.261909,-77.809378,formulario_campo,2,0,0,1
RC0001896,L001896,F0008,2025-05-11,TEC05,Si,4,0,0,1,0,1,1,0,-6.279968,-77.904174,cola_kafka,1,0,1,0
RC0001897,L001897,F0096,2025-08-27,TEC08,No_se_sabe,-1,0,0,0,0,0,0,1,-6.146262,-77.808694,formulario_campo,0,0,0,1
RC0001898,L001898,F0044,2026-01-04,TEC06,No_se_sabe,-1,0,1,0,0,1,0,1,-6.316819,-77.889762,formulario_campo,1,0,0,1
RC0001899,L001899,F0030,2025-04-14,TEC02,Si,35,1,1,0,0,1,1,0,-6.20931,-77.904844,formulario_campo,2,0,1,0
RC0001900,L001900,F0002,2026-07-19,TEC09,No,-1,0,0,0,0,0,1,1,-6.219286,-77.931635,cola_kafka,0,0,0,0
RC0001901,L001901,F0099,2026-08-01,TEC12,Si,20,0,1,1,0,1,0,0,-6.17637,-77.805447,formulario_campo,2,0,1,0
RC0001902,L001902,F0063,2026-06-25,TEC04,No,-1,0,1,0,0,1,0,0,-6.242715,-77.959908,cola_kafka,1,0,0,0
RC0001903,L001903,F0073,2025-08-16,TEC06,Si,15,1,0,0,1,1,1,0,-6.196544,-77.918819,dashboard_acopio,2,0,1,0
RC0001904,L001904,F0075,2025-07-13,TEC09,Si,34,1,0,1,0,1,1,1,-6.227898,-77.936891,formulario_campo,2,0,1,0
RC0001905,L001905,F0109,2026-08-02,TEC10,No_se_sabe,-1,1,0,0,1,1,1,0,-6.251481,-77.890788,cola_kafka,2,0,0,1
RC0001906,L001906,F0061,2026-01-19,TEC08,No,-1,1,0,0,1,1,0,0,-6.243406,-77.862188,dashboard_acopio,2,1,0,0
RC0001907,L001907,F0110,2025-04-15,TEC12,No,-1,1,1,1,0,1,0,0,-6.272443,-77.87987,formulario_campo,3,1,0,0
RC0001908,L001908,F0020,2025-03-07,TEC02,Si,29,0,1,0,0,1,0,0,-6.202987,-77.892236,formulario_campo,1,0,1,0
RC0001909,L001909,F0034,2026-04-26,TEC03,Si,25,0,0,1,0,1,1,0,-6.210511,-77.883388,cola_kafka,1,0,1,0
RC0001910,L001910,F0096,2025-01-26,TEC08,No_se_sabe,-1,0,0,1,1,1,1,1,-6.14781,-77.810127,formulario_campo,2,0,0,1
RC0001911,L001911,F0116,2025-05-10,TEC08,No,-1,0,0,0,0,0,1,1,-6.2263,-77.848034,dashboard_acopio,0,0,0,0
RC0001912,L001912,F0061,2026-07-28,TEC04,No_se_sabe,-1,0,1,0,1,1,0,0,-6.243332,-77.8642,dashboard_acopio,2,0,0,1
RC0001913,L001913,F0098,2026-06-26,TEC08,No,-1,0,0,0,1,1,1,1,-6.211378,-77.899189,dashboard_acopio,1,0,0,0
RC0001914,L001914,F0103,2025-09-06,TEC12,No,-1,0,0,0,0,0,1,1,-6.178616,-77.917611,formulario_campo,0,0,0,0
RC0001915,L001915,F0040,2025-06-27,TEC09,Si,33,0,0,1,0,1,0,0,-6.173805,-77.9097,formulario_campo,1,0,1,0
RC0001916,L001916,F0061,2026-04-17,TEC01,Si,4,0,1,1,0,1,1,0,-6.244235,-77.86268,cola_kafka,2,0,1,0
RC0001917,L001917,F0098,2026-08-05,TEC05,No,-1,0,0,1,0,1,1,0,-6.21171,-77.898306,dashboard_acopio,1,0,0,0
RC0001918,L001918,F0109,2026-06-07,TEC07,No_se_sabe,-1,0,0,0,0,0,1,1,-6.252421,-77.891042,dashboard_acopio,0,0,0,1
RC0001919,L001919,F0047,2026-06-30,TEC04,Si,17,0,0,0,0,0,1,1,-6.190097,-77.797268,cola_kafka,0,0,1,0
RC0001920,L001920,F0070,2025-09-29,TEC02,No,-1,0,1,0,0,1,1,1,-6.19098,-77.846804,formulario_campo,1,0,0,0
RC0001921,L001921,F0044,2025-08-29,TEC12,No,-1,1,1,1,0,1,0,0,-6.31574,-77.889701,cola_kafka,3,1,0,0
RC0001922,L001922,F0103,2026-06-08,TEC03,Si,9,0,0,0,0,0,1,1,-6.177502,-77.915991,formulario_campo,0,0,1,0
RC0001923,L001923,F0020,2025-10-04,TEC07,No_se_sabe,-1,1,1,0,0,1,0,0,-6.202515,-77.891008,formulario_campo,2,1,0,1
RC0001924,L001924,F0042,2025-01-16,TEC08,No,-1,1,0,0,0,1,1,1,-6.20756,-77.965189,formulario_campo,1,0,0,0
RC0001925,L001925,F0026,2025-07-10,TEC01,No_se_sabe,-1,0,0,0,1,1,1,1,-6.235181,-77.771552,dashboard_acopio,1,0,0,1
RC0001926,L001926,F0060,2025-04-11,TEC03,Si,30,1,0,0,1,1,1,1,-6.301302,-77.829466,formulario_campo,2,0,1,0
RC0001927,L001927,F0114,2026-06-17,TEC09,Si,14,0,0,0,0,0,1,1,-6.301982,-77.850065,formulario_campo,0,0,1,0
RC0001928,L001928,F0008,2025-04-28,TEC03,No,-1,0,0,1,0,1,0,0,-6.280125,-77.903997,formulario_campo,1,0,0,0
RC0001929,L001929,F0106,2026-07-19,TEC06,Si,3,1,0,1,0,1,0,0,-6.253672,-77.838255,dashboard_acopio,2,1,1,0
RC0001930,L001930,F0013,2025-12-07,TEC11,Si,1,1,0,0,0,1,0,0,-6.150554,-77.80845,dashboard_acopio,1,1,1,0
RC0001931,L001931,F0090,2026-05-30,TEC09,Si,8,1,0,1,0,1,1,0,-6.199069,-77.818674,formulario_campo,2,0,1,0
RC0001932,L001932,F0059,2025-05-08,TEC07,No_se_sabe,-1,1,0,0,0,1,1,1,-6.250084,-77.973338,dashboard_acopio,1,0,0,1
RC0001933,L001933,F0066,2025-05-19,TEC06,No_se_sabe,-1,1,0,0,0,1,1,0,-6.262054,-77.810697,formulario_campo,1,0,0,1
RC0001934,L001934,F0081,2026-07-03,TEC05,Si,25,1,1,1,1,1,0,0,-6.149557,-77.940849,formulario_campo,4,1,1,0
RC0001935,L001935,F0071,2025-09-25,TEC04,Si,25,0,0,0,1,1,1,1,-6.235568,-77.871024,cola_kafka,1,0,1,0
RC0001936,L001936,F0045,2026-05-07,TEC07,Si,21,1,0,0,0,1,0,0,-6.25087,-77.829962,dashboard_acopio,1,1,1,0
RC0001937,L001937,F0051,2025-11-20,TEC11,No,-1,0,0,0,1,1,0,1,-6.226326,-77.930064,formulario_campo,1,0,0,0
RC0001938,L001938,F0113,2025-05-09,TEC06,No_se_sabe,-1,1,1,1,0,1,1,0,-6.209832,-77.888863,formulario_campo,3,0,0,1
RC0001939,L001939,F0083,2026-05-31,TEC12,No,-1,0,0,1,0,1,1,1,-6.167537,-77.892215,formulario_campo,1,0,0,0
RC0001940,L001940,F0004,2026-07-08,TEC04,No_se_sabe,-1,1,1,1,1,1,0,0,-6.260273,-77.964411,cola_kafka,4,1,0,1
RC0001941,L001941,F0031,2025-08-05,TEC01,No,-1,1,0,0,0,1,0,0,-6.246119,-77.930768,formulario_campo,1,1,0,0
RC0001942,L001942,F0044,2025-09-03,TEC01,No_se_sabe,-1,1,0,0,0,1,1,1,-6.316197,-77.890514,formulario_campo,1,0,0,1
RC0001943,L001943,F0017,2025-04-24,TEC07,No_se_sabe,-1,0,0,1,0,1,1,1,-6.272356,-77.856132,formulario_campo,1,0,0,1
RC0001944,L001944,F0022,2026-07-29,TEC03,No,-1,1,1,1,0,1,0,0,-6.253169,-77.85719,formulario_campo,3,1,0,0
RC0001945,L001945,F0009,2026-07-04,TEC01,No,-1,1,0,0,1,1,1,1,-6.27464,-77.825656,cola_kafka,2,0,0,0
RC0001946,L001946,F0007,2025-05-18,TEC04,Si,36,1,0,0,1,1,0,0,-6.196617,-77.905102,formulario_campo,2,1,1,0
RC0001947,L001947,F0099,2026-05-10,TEC07,No_se_sabe,-1,0,0,1,1,1,0,0,-6.174935,-77.805733,formulario_campo,2,0,0,1
RC0001948,L001948,F0072,2025-09-09,TEC03,No,-1,0,0,0,0,0,1,1,-6.0843,-77.827586,formulario_campo,0,0,0,0
RC0001949,L001949,F0082,2025-06-09,TEC03,Si,13,0,0,1,1,1,1,1,-6.192794,-77.869841,cola_kafka,2,0,1,0
RC0001950,L001950,F0096,2026-02-05,TEC01,No_se_sabe,-1,0,1,1,1,1,1,1,-6.146997,-77.808758,formulario_campo,3,0,0,1
RC0001951,L001951,F0039,2026-04-13,TEC04,Si,35,0,0,1,1,1,1,0,-6.220044,-77.78235,dashboard_acopio,2,0,1,0
RC0001952,L001952,F0049,2025-04-10,TEC12,No_se_sabe,-1,1,1,1,1,1,0,0,-6.195443,-77.914503,formulario_campo,4,1,0,1
RC0001953,L001953,F0111,2025-07-29,TEC07,No,-1,0,0,0,0,0,1,1,-6.236849,-77.858673,formulario_campo,0,0,0,0
RC0001954,L001954,F0014,2025-05-21,TEC06,No,-1,0,0,0,0,0,1,1,-6.252106,-77.798266,formulario_campo,0,0,0,0
RC0001955,L001955,F0009,2025-06-23,TEC04,No,-1,0,0,0,0,0,1,1,-6.274558,-77.825171,formulario_campo,0,0,0,0
RC0001956,L001956,F0027,2026-05-28,TEC09,No_se_sabe,-1,1,1,0,0,1,1,0,-6.278362,-77.792102,formulario_campo,2,0,0,1
RC0001957,L001957,F0039,2026-07-14,TEC01,Si,29,0,0,0,1,1,1,1,-6.219599,-77.7816,dashboard_acopio,1,0,1,0
RC0001958,L001958,F0026,2025-06-14,TEC02,Si,3,0,0,1,0,1,0,0,-6.234417,-77.771893,formulario_campo,1,0,1,0
RC0001959,L001959,F0010,2026-06-16,TEC10,Si,4,1,1,0,0,1,1,1,-6.258994,-77.875258,formulario_campo,2,0,1,0
RC0001960,L001960,F0068,2025-05-05,TEC06,No,-1,1,1,1,0,1,1,1,-6.153954,-77.880215,cola_kafka,3,0,0,0
RC0001961,L001961,F0102,2026-04-28,TEC08,Si,9,1,1,0,1,1,0,0,-6.277303,-77.943335,formulario_campo,3,1,1,0
RC0001962,L001962,F0006,2025-06-22,TEC05,No_se_sabe,-1,1,0,0,0,1,1,1,-6.23293,-77.791008,formulario_campo,1,0,0,1
RC0001963,L001963,F0116,2025-09-01,TEC02,No_se_sabe,-1,1,0,0,1,1,1,1,-6.226499,-77.847017,cola_kafka,2,0,0,1
RC0001964,L001964,F0045,2026-05-12,TEC09,Si,39,1,1,1,0,1,1,0,-6.250966,-77.829836,formulario_campo,3,0,1,0
RC0001965,L001965,F0039,2025-07-27,TEC08,Si,19,0,1,1,0,1,1,1,-6.219893,-77.78204,dashboard_acopio,2,0,1,0
RC0001966,L001966,F0061,2025-05-13,TEC12,Si,22,0,1,1,0,1,1,1,-6.243247,-77.862339,cola_kafka,2,0,1,0
RC0001967,L001967,F0101,2026-05-13,TEC08,No,-1,0,0,0,1,1,1,1,-6.336423,-77.860869,cola_kafka,1,0,0,0
RC0001968,L001968,F0093,2026-05-17,TEC02,No,-1,1,0,1,0,1,1,0,-6.24358,-77.904286,formulario_campo,2,0,0,0
RC0001969,L001969,F0028,2025-07-30,TEC04,Si,32,0,0,1,0,1,1,0,-6.232717,-77.853302,formulario_campo,1,0,1,0
RC0001970,L001970,F0031,2026-05-04,TEC04,No,-1,0,0,0,1,1,0,1,-6.246056,-77.931308,formulario_campo,1,0,0,0
RC0001971,L001971,F0116,2026-04-03,TEC07,No,-1,1,1,0,1,1,1,0,-6.22665,-77.847909,dashboard_acopio,3,0,0,0
RC0001972,L001972,F0020,2026-07-31,TEC08,Si,29,0,1,1,0,1,1,1,-6.204247,-77.891727,formulario_campo,2,0,1,0
RC0001973,L001973,F0083,2025-04-28,TEC05,No,-1,1,1,1,0,1,1,0,-6.167744,-77.892766,formulario_campo,3,0,0,0
RC0001974,L001974,F0005,2025-09-08,TEC01,No_se_sabe,-1,0,0,0,0,0,1,1,-6.205131,-77.898123,formulario_campo,0,0,0,1
RC0001975,L001975,F0020,2025-12-25,TEC09,No,-1,0,1,0,0,1,1,1,-6.203256,-77.891094,formulario_campo,1,0,0,0
RC0001976,L001976,F0088,2025-09-16,TEC02,No_se_sabe,-1,0,0,0,0,0,0,1,-6.277472,-77.84445,cola_kafka,0,0,0,1
RC0001977,L001977,F0047,2025-06-03,TEC12,No,-1,1,1,0,1,1,1,1,-6.189614,-77.798034,cola_kafka,3,0,0,0
RC0001978,L001978,F0003,2026-06-16,TEC06,No,-1,0,0,0,0,0,1,1,-6.215247,-77.820207,formulario_campo,0,0,0,0
RC0001979,L001979,F0061,2025-05-16,TEC04,Si,30,0,1,0,1,1,1,1,-6.242813,-77.86285,formulario_campo,2,0,1,0
RC0001980,L001980,F0096,2025-07-01,TEC07,No_se_sabe,-1,0,1,0,0,1,1,1,-6.147273,-77.809503,dashboard_acopio,1,0,0,1
RC0001981,L001981,F0089,2025-06-17,TEC07,No,-1,0,1,0,1,1,1,1,-6.214308,-77.848828,formulario_campo,2,0,0,0
RC0001982,L001982,F0108,2026-08-20,TEC02,No,-1,1,1,1,0,1,1,0,-6.21776,-77.819249,cola_kafka,3,0,0,0
RC0001983,L001983,F0004,2026-04-09,TEC09,No,-1,0,0,0,0,0,0,0,-6.261622,-77.964133,formulario_campo,0,0,0,0
RC0001984,L001984,F0071,2025-07-17,TEC05,No_se_sabe,-1,0,0,0,1,1,1,1,-6.236583,-77.870734,formulario_campo,1,0,0,1
RC0001985,L001985,F0104,2025-04-15,TEC11,Si,34,0,1,1,0,1,0,0,-6.209975,-77.862073,formulario_campo,2,0,1,0
RC0001986,L001986,F0054,2025-05-03,TEC11,No,-1,0,0,1,0,1,1,1,-6.195445,-77.866124,formulario_campo,1,0,0,0
RC0001987,L001987,F0083,2026-08-17,TEC06,No_se_sabe,-1,0,0,0,1,1,0,1,-6.167163,-77.891899,dashboard_acopio,1,0,0,1
RC0001988,L001988,F0025,2026-07-27,TEC06,No_se_sabe,-1,0,0,0,0,0,1,1,-6.232465,-77.955919,formulario_campo,0,0,0,1
RC0001989,L001989,F0056,2026-07-25,TEC11,No_se_sabe,-1,0,0,0,1,1,1,1,-6.207611,-77.902172,cola_kafka,1,0,0,1
RC0001990,L001990,F0068,2025-09-28,TEC06,Si,25,0,0,1,0,1,1,1,-6.153858,-77.879941,formulario_campo,1,0,1,0
RC0001991,L001991,F0106,2025-05-22,TEC03,No_se_sabe,-1,1,0,0,1,1,1,1,-6.254226,-77.838331,dashboard_acopio,2,0,0,1
RC0001992,L001992,F0104,2025-08-04,TEC07,Si,28,0,0,0,0,0,1,1,-6.210883,-77.862099,formulario_campo,0,0,1,0
RC0001993,L001993,F0007,2026-05-21,TEC06,Si,7,0,0,0,0,0,1,1,-6.197784,-77.904812,formulario_campo,0,0,1,0
RC0001994,L001994,F0053,2025-05-05,TEC09,No,-1,0,1,0,0,1,1,1,-6.258645,-77.903414,formulario_campo,1,0,0,0
RC0001995,L001995,F0082,2025-05-20,TEC06,Si,34,1,1,1,0,1,1,0,-6.196293,-77.869032,formulario_campo,3,0,1,0
RC0001996,L001996,F0008,2026-04-14,TEC05,No_se_sabe,-1,0,1,0,0,1,1,0,-6.2789,-77.904621,formulario_campo,1,0,0,1
RC0001997,L001997,F0076,2025-09-12,TEC03,No_se_sabe,-1,0,1,0,0,1,1,1,-6.314043,-77.909398,cola_kafka,1,0,0,1
RC0001998,L001998,F0090,2025-04-01,TEC03,No,-1,1,1,0,0,1,0,1,-6.199474,-77.818158,cola_kafka,2,1,0,0
RC0001999,L001999,F0010,2026-08-09,TEC09,No,-1,0,1,0,0,1,0,0,-6.259014,-77.876929,dashboard_acopio,1,0,0,0
RC0002000,L002000,F0080,2026-07-27,TEC06,No_se_sabe,-1,0,0,0,1,1,1,1,-6.268806,-77.912527,formulario_campo,1,0,0,1
RC0002001,L002001,F0062,2026-04-20,TEC06,No_se_sabe,-1,0,1,0,0,1,0,1,-6.196157,-77.845491,dashboard_acopio,1,0,0,1
RC0002002,L002002,F0029,2025-11-04,TEC08,No_se_sabe,-1,0,0,0,1,1,1,1,-6.193922,-77.843407,formulario_campo,1,0,0,1
RC0002003,L002003,F0082,2025-05-11,TEC05,No,-1,0,0,0,1,1,1,1,-6.194625,-77.869812,dashboard_acopio,1,0,0,0
RC0002004,L002004,F0020,2026-05-01,TEC05,No,-1,0,0,0,1,1,1,1,-6.203434,-77.891701,cola_kafka,1,0,0,0
RC0002005,L002005,F0029,2025-08-04,TEC11,No,-1,1,1,1,0,1,1,0,-6.194101,-77.843411,formulario_campo,3,0,0,0
RC0002006,L002006,F0067,2026-04-03,TEC08,No,-1,0,0,1,0,1,1,1,-6.268148,-77.767094,formulario_campo,1,0,0,0
RC0002007,L002007,F0016,2026-06-23,TEC07,No,-1,1,0,1,0,1,0,0,-6.243907,-77.874685,formulario_campo,2,1,0,0
RC0002008,L002008,F0120,2026-05-13,TEC04,No,-1,1,0,0,1,1,1,0,-6.220957,-77.874741,dashboard_acopio,2,0,0,0
RC0002009,L002009,F0025,2026-01-26,TEC09,No_se_sabe,-1,1,1,0,0,1,1,1,-6.232281,-77.956173,dashboard_acopio,2,0,0,1
RC0002010,L002010,F0091,2026-04-07,TEC06,No,-1,1,0,1,1,1,1,0,-6.218138,-77.876666,formulario_campo,3,0,0,0
RC0002011,L002011,F0101,2025-05-29,TEC10,No_se_sabe,-1,0,1,0,1,1,0,0,-6.335347,-77.860117,formulario_campo,2,0,0,1
RC0002012,L002012,F0066,2025-12-26,TEC02,No,-1,1,0,1,0,1,1,1,-6.262527,-77.809835,formulario_campo,2,0,0,0
RC0002013,L002013,F0009,2026-08-27,TEC07,No_se_sabe,-1,1,0,0,0,1,0,0,-6.273305,-77.825906,cola_kafka,1,1,0,1
RC0002014,L002014,F0108,2025-04-09,TEC07,Si,2,0,0,1,0,1,1,1,-6.216375,-77.819943,formulario_campo,1,0,1,0
RC0002015,L002015,F0066,2025-07-05,TEC03,Si,33,0,0,1,1,1,1,1,-6.262903,-77.808983,dashboard_acopio,2,0,1,0
RC0002016,L002016,F0063,2025-01-20,TEC05,No,-1,1,1,1,0,1,0,0,-6.242458,-77.958972,dashboard_acopio,3,1,0,0
RC0002017,L002017,F0040,2025-07-13,TEC08,Si,25,1,0,0,0,1,1,1,-6.173725,-77.908762,formulario_campo,1,0,1,0
RC0002018,L002018,F0083,2025-07-02,TEC09,No_se_sabe,-1,0,1,0,0,1,1,0,-6.16791,-77.892641,formulario_campo,1,0,0,1
RC0002019,L002019,F0083,2026-07-20,TEC05,No,-1,0,1,1,0,1,0,0,-6.167691,-77.893001,cola_kafka,2,0,0,0
RC0002020,L002020,F0001,2026-07-31,TEC07,No_se_sabe,-1,1,0,1,0,1,1,0,-6.235807,-77.779598,formulario_campo,2,0,0,1
RC0002021,L002021,F0095,2025-06-11,TEC02,Si,42,0,0,1,1,1,1,1,-6.27819,-77.861175,formulario_campo,2,0,1,0
RC0002022,L002022,F0002,2026-07-23,TEC01,No,-1,0,0,0,1,1,1,1,-6.219288,-77.932443,cola_kafka,1,0,0,0
RC0002023,L002023,F0008,2026-07-05,TEC06,Si,4,0,1,1,0,1,0,0,-6.280899,-77.903869,cola_kafka,2,0,1,0
RC0002024,L002024,F0072,2025-05-24,TEC07,No,-1,0,1,0,0,1,0,1,-6.083356,-77.827625,formulario_campo,1,0,0,0
RC0002025,L002025,F0034,2026-05-29,TEC10,No,-1,0,0,0,0,0,1,1,-6.210914,-77.884668,formulario_campo,0,0,0,0
RC0002026,L002026,F0072,2025-12-24,TEC11,No,-1,0,1,0,0,1,1,1,-6.084571,-77.828116,formulario_campo,1,0,0,0
RC0002027,L002027,F0110,2025-02-14,TEC10,No_se_sabe,-1,0,0,0,0,0,1,1,-6.272426,-77.878454,cola_kafka,0,0,0,1
RC0002028,L002028,F0002,2026-08-15,TEC06,No_se_sabe,-1,1,1,0,0,1,1,0,-6.219075,-77.932036,dashboard_acopio,2,0,0,1
RC0002029,L002029,F0107,2025-09-01,TEC07,No,-1,0,1,0,0,1,1,0,-6.226292,-77.903747,formulario_campo,1,0,0,0
RC0002030,L002030,F0043,2026-05-03,TEC07,No_se_sabe,-1,0,0,0,0,0,0,0,-6.171544,-77.945309,cola_kafka,0,0,0,1
RC0002031,L002031,F0043,2025-08-14,TEC11,Si,11,0,0,0,0,0,0,0,-6.171947,-77.945305,cola_kafka,0,0,1,0
RC0002032,L002032,F0071,2025-07-26,TEC01,Si,31,0,1,0,0,1,1,1,-6.236688,-77.869674,dashboard_acopio,1,0,1,0
RC0002033,L002033,F0054,2026-07-20,TEC03,Si,33,1,0,1,0,1,0,0,-6.195318,-77.866201,cola_kafka,2,1,1,0
RC0002034,L002034,F0024,2026-06-14,TEC02,Si,19,0,0,0,0,0,1,0,-6.336284,-77.80179,formulario_campo,0,0,1,0
RC0002035,L002035,F0081,2025-03-16,TEC04,No_se_sabe,-1,1,1,1,1,1,1,0,-6.149193,-77.940546,dashboard_acopio,4,0,0,1
RC0002036,L002036,F0089,2025-10-04,TEC01,Si,14,0,0,0,1,1,1,1,-6.214318,-77.849005,cola_kafka,1,0,1,0
RC0002037,L002037,F0002,2025-06-05,TEC01,No_se_sabe,-1,0,1,0,0,1,1,0,-6.218631,-77.932583,formulario_campo,1,0,0,1
RC0002038,L002038,F0040,2025-01-08,TEC08,Si,5,1,0,0,0,1,1,0,-6.173681,-77.909012,cola_kafka,1,0,1,0
RC0002039,L002039,F0047,2026-07-28,TEC08,Si,19,0,1,0,1,1,1,1,-6.189967,-77.798068,cola_kafka,2,0,1,0
RC0002040,L002040,F0039,2026-08-21,TEC04,Si,28,1,0,0,0,1,1,1,-6.221423,-77.782225,formulario_campo,1,0,1,0
RC0002041,L002041,F0031,2026-04-28,TEC07,No,-1,0,1,0,0,1,1,1,-6.246338,-77.930222,formulario_campo,1,0,0,0
RC0002042,L002042,F0111,2025-09-22,TEC07,No_se_sabe,-1,1,1,1,0,1,0,0,-6.236366,-77.857716,dashboard_acopio,3,1,0,1
RC0002043,L002043,F0023,2025-07-12,TEC11,No,-1,0,1,1,1,1,1,0,-6.160709,-77.837826,formulario_campo,3,0,0,0
RC0002044,L002044,F0082,2026-06-10,TEC07,Si,21,0,0,1,0,1,1,1,-6.195546,-77.869135,dashboard_acopio,1,0,1,0
RC0002045,L002045,F0086,2026-04-01,TEC10,No,-1,0,1,0,0,1,1,1,-6.219464,-77.926083,formulario_campo,1,0,0,0
RC0002046,L002046,F0017,2026-04-11,TEC12,No_se_sabe,-1,0,0,0,1,1,1,1,-6.272244,-77.855479,dashboard_acopio,1,0,0,1
RC0002047,L002047,F0088,2026-05-09,TEC12,No_se_sabe,-1,1,0,1,1,1,1,0,-6.277008,-77.844378,dashboard_acopio,3,0,0,1
RC0002048,L002048,F0049,2025-05-10,TEC05,Si,2,1,0,0,0,1,1,1,-6.195686,-77.915237,formulario_campo,1,0,1,0
RC0002049,L002049,F0106,2025-09-04,TEC06,Si,20,1,0,1,0,1,1,0,-6.253576,-77.837753,cola_kafka,2,0,1,0
RC0002050,L002050,F0026,2026-05-31,TEC02,No,-1,1,0,1,0,1,1,0,-6.23382,-77.771581,dashboard_acopio,2,0,0,0
RC0002051,L002051,F0007,2025-01-03,TEC10,Si,20,0,0,1,1,1,1,1,-6.196297,-77.903866,formulario_campo,2,0,1,0
RC0002052,L002052,F0053,2025-08-30,TEC09,Si,3,0,0,0,1,1,1,1,-6.259163,-77.90452,formulario_campo,1,0,1,0
RC0002053,L002053,F0112,2025-06-06,TEC02,No,-1,0,1,1,1,1,0,0,-6.276873,-77.862134,cola_kafka,3,0,0,0
RC0002054,L002054,F0114,2026-05-08,TEC04,No_se_sabe,-1,0,0,0,1,1,1,1,-6.301313,-77.850033,formulario_campo,1,0,0,1
RC0002055,L002055,F0069,2026-05-22,TEC03,No,-1,0,1,1,1,1,1,0,-6.317464,-77.83389,formulario_campo,3,0,0,0
RC0002056,L002056,F0056,2026-04-19,TEC05,Si,22,0,0,0,0,0,1,1,-6.2088,-77.90249,formulario_campo,0,0,1,0
RC0002057,L002057,F0111,2026-06-30,TEC04,No_se_sabe,-1,1,1,1,0,1,1,0,-6.237602,-77.857462,formulario_campo,3,0,0,1
RC0002058,L002058,F0078,2026-02-08,TEC05,Si,29,1,0,0,0,1,1,1,-6.260934,-77.818222,cola_kafka,1,0,1,0
RC0002059,L002059,F0024,2025-09-23,TEC08,Si,20,0,0,1,0,1,1,1,-6.334599,-77.803572,formulario_campo,1,0,1,0
RC0002060,L002060,F0066,2026-06-05,TEC09,Si,30,0,0,0,0,0,1,1,-6.260874,-77.809414,cola_kafka,0,0,1,0
RC0002061,L002061,F0090,2026-01-12,TEC09,No_se_sabe,-1,0,0,1,1,1,1,0,-6.199345,-77.818881,formulario_campo,2,0,0,1
RC0002062,L002062,F0084,2026-04-19,TEC02,No,-1,1,0,0,0,1,1,0,-6.172723,-77.857566,formulario_campo,1,0,0,0
RC0002063,L002063,F0055,2026-07-11,TEC04,No,-1,1,1,1,1,1,1,1,-6.241405,-77.880357,cola_kafka,4,0,0,0
RC0002064,L002064,F0003,2025-05-12,TEC12,Si,13,0,0,0,0,0,1,1,-6.215576,-77.81943,formulario_campo,0,0,1,0
RC0002065,L002065,F0060,2026-06-04,TEC02,Si,18,0,0,1,1,1,1,1,-6.299991,-77.829927,cola_kafka,2,0,1,0
RC0002066,L002066,F0095,2025-12-24,TEC03,No,-1,0,1,0,0,1,1,0,-6.277283,-77.861224,formulario_campo,1,0,0,0
RC0002067,L002067,F0009,2025-08-20,TEC06,No_se_sabe,-1,0,0,0,1,1,0,0,-6.273731,-77.825689,formulario_campo,1,0,0,1
RC0002068,L002068,F0119,2026-05-13,TEC08,No_se_sabe,-1,1,0,0,0,1,0,0,-6.21947,-77.901073,dashboard_acopio,1,1,0,1
RC0002069,L002069,F0067,2025-09-17,TEC07,Si,18,0,0,1,1,1,1,1,-6.268522,-77.768737,cola_kafka,2,0,1,0
RC0002070,L002070,F0084,2025-05-05,TEC11,No_se_sabe,-1,0,0,0,0,0,1,1,-6.172657,-77.858179,formulario_campo,0,0,0,1
RC0002071,L002071,F0022,2025-07-03,TEC08,No,-1,1,1,0,0,1,1,0,-6.252941,-77.858054,formulario_campo,2,0,0,0
RC0002072,L002072,F0004,2025-09-28,TEC08,No,-1,0,0,1,1,1,1,1,-6.259943,-77.964018,cola_kafka,2,0,0,0
RC0002073,L002073,F0043,2026-05-07,TEC11,No_se_sabe,-1,1,1,0,0,1,0,0,-6.171967,-77.944886,cola_kafka,2,1,0,1
RC0002074,L002074,F0001,2025-06-07,TEC11,No,-1,1,0,0,0,1,1,1,-6.237142,-77.780159,formulario_campo,1,0,0,0
RC0002075,L002075,F0060,2026-06-05,TEC04,No,-1,0,1,1,1,1,1,0,-6.299795,-77.82882,cola_kafka,3,0,0,0
RC0002076,L002076,F0014,2025-06-08,TEC10,Si,35,0,1,0,0,1,1,0,-6.252148,-77.798867,formulario_campo,1,0,1,0
RC0002077,L002077,F0118,2026-04-24,TEC01,Si,10,0,0,0,0,0,1,1,-6.27718,-77.834005,formulario_campo,0,0,1,0
RC0002078,L002078,F0105,2025-06-21,TEC04,No,-1,0,0,1,0,1,0,0,-6.236442,-77.878942,cola_kafka,1,0,0,0
RC0002079,L002079,F0037,2025-06-22,TEC05,Si,40,1,0,0,0,1,1,1,-6.201993,-77.860414,formulario_campo,1,0,1,0
RC0002080,L002080,F0096,2026-05-18,TEC06,Si,8,0,0,1,1,1,1,0,-6.147566,-77.80996,dashboard_acopio,2,0,1,0
RC0002081,L002081,F0072,2025-08-25,TEC12,No_se_sabe,-1,0,0,0,0,0,1,1,-6.08353,-77.827912,cola_kafka,0,0,0,1
RC0002082,L002082,F0059,2026-06-16,TEC12,No_se_sabe,-1,0,0,0,1,1,1,1,-6.247773,-77.973579,formulario_campo,1,0,0,1
RC0002083,L002083,F0010,2026-05-29,TEC10,No,-1,1,0,0,1,1,0,0,-6.259976,-77.876938,cola_kafka,2,1,0,0
RC0002084,L002084,F0033,2025-07-09,TEC11,Si,37,1,1,1,0,1,1,1,-6.206449,-77.893764,formulario_campo,3,0,1,0
RC0002085,L002085,F0003,2025-04-24,TEC06,No_se_sabe,-1,0,0,0,0,0,1,1,-6.215713,-77.820018,formulario_campo,0,0,0,1
RC0002086,L002086,F0013,2026-07-14,TEC08,No,-1,0,1,0,0,1,0,1,-6.14954,-77.807711,formulario_campo,1,0,0,0
RC0002087,L002087,F0056,2026-08-11,TEC12,Si,23,0,1,1,0,1,0,0,-6.2084,-77.90248,formulario_campo,2,0,1,0
RC0002088,L002088,F0003,2025-09-05,TEC10,No,-1,1,0,0,0,1,1,0,-6.214425,-77.821591,formulario_campo,1,0,0,0
RC0002089,L002089,F0006,2025-09-16,TEC11,No,-1,1,0,0,0,1,1,1,-6.232335,-77.79149,formulario_campo,1,0,0,0
RC0002090,L002090,F0108,2026-06-02,TEC03,Si,12,1,0,1,0,1,0,0,-6.216643,-77.820057,formulario_campo,2,1,1,0
RC0002091,L002091,F0023,2025-07-13,TEC12,No,-1,1,0,0,1,1,0,0,-6.160638,-77.838116,formulario_campo,2,1,0,0
RC0002092,L002092,F0026,2025-05-16,TEC04,No,-1,0,0,1,1,1,1,1,-6.234322,-77.771532,dashboard_acopio,2,0,0,0
RC0002093,L002093,F0096,2025-09-19,TEC10,No,-1,0,1,0,1,1,0,1,-6.14716,-77.808427,formulario_campo,2,0,0,0
RC0002094,L002094,F0037,2025-07-28,TEC10,Si,37,0,0,0,0,0,0,0,-6.202216,-77.860105,formulario_campo,0,0,1,0
RC0002095,L002095,F0090,2025-01-11,TEC01,No,-1,0,0,1,1,1,1,1,-6.198669,-77.818028,formulario_campo,2,0,0,0
RC0002096,L002096,F0098,2026-08-09,TEC06,Si,26,0,1,1,1,1,0,0,-6.211395,-77.898565,formulario_campo,3,0,1,0
RC0002097,L002097,F0064,2026-07-11,TEC01,No_se_sabe,-1,0,0,1,1,1,0,0,-6.273506,-77.803686,formulario_campo,2,0,0,1
RC0002098,L002098,F0014,2026-06-07,TEC11,No_se_sabe,-1,1,0,1,0,1,1,1,-6.25255,-77.799307,cola_kafka,2,0,0,1
RC0002099,L002099,F0116,2026-01-30,TEC02,No_se_sabe,-1,1,0,0,0,1,1,1,-6.225373,-77.848257,formulario_campo,1,0,0,1
RC0002100,L002100,F0091,2025-08-10,TEC09,No,-1,1,1,1,1,1,0,0,-6.219795,-77.877256,formulario_campo,4,1,0,0
RC0002101,L002101,F0086,2025-11-14,TEC02,Si,20,1,0,0,0,1,1,1,-6.218852,-77.925275,formulario_campo,1,0,1,0
RC0002102,L002102,F0042,2025-05-07,TEC11,No,-1,0,1,1,0,1,0,0,-6.20718,-77.965276,cola_kafka,2,0,0,0
RC0002103,L002103,F0093,2026-06-14,TEC05,Si,35,1,0,0,1,1,1,1,-6.243408,-77.905472,dashboard_acopio,2,0,1,0
RC0002104,L002104,F0112,2025-07-03,TEC10,No_se_sabe,-1,0,0,1,0,1,0,0,-6.276995,-77.862199,formulario_campo,1,0,0,1
RC0002105,L002105,F0023,2025-11-01,TEC01,No,-1,1,1,0,1,1,1,1,-6.160892,-77.838274,cola_kafka,3,0,0,0
RC0002106,L002106,F0028,2025-08-08,TEC11,No_se_sabe,-1,0,0,1,1,1,1,1,-6.232672,-77.854111,formulario_campo,2,0,0,1
RC0002107,L002107,F0088,2026-04-28,TEC05,Si,37,1,1,1,1,1,1,0,-6.276939,-77.844226,formulario_campo,4,0,1,0
RC0002108,L002108,F0054,2025-07-26,TEC05,No_se_sabe,-1,0,0,1,1,1,0,0,-6.193863,-77.866007,cola_kafka,2,0,0,1
RC0002109,L002109,F0026,2026-04-15,TEC08,No_se_sabe,-1,0,1,1,0,1,0,0,-6.235388,-77.771973,formulario_campo,2,0,0,1
RC0002110,L002110,F0080,2026-05-28,TEC02,Si,19,0,0,0,0,0,1,1,-6.268349,-77.912285,cola_kafka,0,0,1,0
RC0002111,L002111,F0013,2026-02-09,TEC10,Si,25,1,0,1,0,1,1,0,-6.149309,-77.80854,formulario_campo,2,0,1,0
RC0002112,L002112,F0033,2025-07-01,TEC03,No_se_sabe,-1,0,0,0,0,0,1,1,-6.206435,-77.893903,cola_kafka,0,0,0,1
RC0002113,L002113,F0029,2026-04-14,TEC08,Si,10,0,0,1,1,1,1,1,-6.195225,-77.843888,dashboard_acopio,2,0,1,0
RC0002114,L002114,F0075,2025-05-29,TEC12,No,-1,1,0,1,1,1,0,0,-6.229475,-77.937038,formulario_campo,3,1,0,0
RC0002115,L002115,F0073,2025-04-21,TEC07,Si,31,0,1,0,0,1,0,1,-6.195965,-77.917891,formulario_campo,1,0,1,0
RC0002116,L002116,F0082,2026-03-31,TEC05,No_se_sabe,-1,1,1,1,0,1,1,1,-6.194013,-77.869476,dashboard_acopio,3,0,0,1
RC0002117,L002117,F0076,2026-06-04,TEC07,No,-1,1,1,0,0,1,0,1,-6.31461,-77.909367,formulario_campo,2,1,0,0
RC0002118,L002118,F0104,2025-03-22,TEC09,Si,17,1,0,0,0,1,1,1,-6.209741,-77.862649,cola_kafka,1,0,1,0
RC0002119,L002119,F0028,2025-09-15,TEC03,No,-1,0,1,0,0,1,1,1,-6.232853,-77.852599,formulario_campo,1,0,0,0
RC0002120,L002120,F0068,2026-06-07,TEC03,Si,19,0,1,1,0,1,1,0,-6.153047,-77.881046,formulario_campo,2,0,1,0
RC0002121,L002121,F0051,2026-05-10,TEC01,No,-1,0,1,1,0,1,1,0,-6.226363,-77.930782,formulario_campo,2,0,0,0
RC0002122,L002122,F0114,2025-08-10,TEC04,Si,1,0,1,0,1,1,0,0,-6.301037,-77.850828,formulario_campo,2,0,1,0
RC0002123,L002123,F0060,2026-02-08,TEC07,No,-1,0,1,0,0,1,1,1,-6.300205,-77.829571,formulario_campo,1,0,0,0
RC0002124,L002124,F0038,2025-06-02,TEC04,No,-1,1,0,0,1,1,1,1,-6.242392,-77.855662,cola_kafka,2,0,0,0
RC0002125,L002125,F0040,2026-07-21,TEC10,No_se_sabe,-1,0,0,1,1,1,1,1,-6.173583,-77.908394,dashboard_acopio,2,0,0,1
RC0002126,L002126,F0089,2025-05-21,TEC08,No,-1,1,1,1,1,1,1,1,-6.212467,-77.850374,cola_kafka,4,0,0,0
RC0002127,L002127,F0034,2025-10-08,TEC11,Si,10,1,0,0,1,1,0,0,-6.211403,-77.88464,dashboard_acopio,2,1,1,0
RC0002128,L002128,F0004,2025-06-25,TEC02,No_se_sabe,-1,1,0,0,0,1,1,1,-6.261066,-77.964237,formulario_campo,1,0,0,1
RC0002129,L002129,F0070,2025-09-25,TEC09,No,-1,0,0,0,1,1,1,1,-6.190221,-77.846719,cola_kafka,1,0,0,0
RC0002130,L002130,F0056,2026-02-08,TEC10,No_se_sabe,-1,1,0,0,0,1,1,1,-6.207982,-77.902624,dashboard_acopio,1,0,0,1
RC0002131,L002131,F0090,2025-09-06,TEC05,No_se_sabe,-1,0,0,0,0,0,1,1,-6.198773,-77.818324,formulario_campo,0,0,0,1
RC0002132,L002132,F0008,2026-08-01,TEC08,No_se_sabe,-1,0,0,1,0,1,1,1,-6.28001,-77.905273,formulario_campo,1,0,0,1
RC0002133,L002133,F0022,2025-07-15,TEC01,No,-1,0,1,1,1,1,1,0,-6.253778,-77.857876,dashboard_acopio,3,0,0,0
RC0002134,L002134,F0113,2026-06-29,TEC08,No,-1,0,0,0,1,1,1,1,-6.209853,-77.888729,dashboard_acopio,1,0,0,0
RC0002135,L002135,F0033,2026-04-27,TEC05,Si,7,0,0,1,1,1,1,1,-6.206617,-77.892849,cola_kafka,2,0,1,0
RC0002136,L002136,F0073,2026-08-31,TEC05,No,-1,0,1,1,0,1,0,0,-6.196115,-77.918035,formulario_campo,2,0,0,0
RC0002137,L002137,F0024,2025-11-17,TEC02,Si,34,1,1,1,0,1,1,0,-6.335902,-77.803052,formulario_campo,3,0,1,0
RC0002138,L002138,F0013,2025-08-28,TEC06,Si,24,1,0,0,0,1,1,0,-6.148524,-77.809024,dashboard_acopio,1,0,1,0
RC0002139,L002139,F0081,2026-04-15,TEC11,No,-1,0,0,0,0,0,0,1,-6.149663,-77.94103,dashboard_acopio,0,0,0,0
RC0002140,L002140,F0089,2026-08-17,TEC07,No,-1,0,0,0,0,0,1,1,-6.213716,-77.849468,formulario_campo,0,0,0,0
RC0002141,L002141,F0029,2026-06-02,TEC11,Si,26,0,0,0,0,0,1,1,-6.194669,-77.844404,formulario_campo,0,0,1,0
RC0002142,L002142,F0077,2025-07-12,TEC12,No,-1,0,0,0,0,0,0,1,-6.225811,-77.836009,formulario_campo,0,0,0,0
RC0002143,L002143,F0005,2025-04-03,TEC03,No_se_sabe,-1,1,0,0,1,1,1,1,-6.205253,-77.89725,formulario_campo,2,0,0,1
RC0002144,L002144,F0021,2026-06-04,TEC03,No_se_sabe,-1,0,0,0,0,0,1,1,-6.290738,-77.863814,dashboard_acopio,0,0,0,1
RC0002145,L002145,F0006,2025-07-23,TEC06,No,-1,0,0,1,1,1,1,1,-6.232764,-77.791298,formulario_campo,2,0,0,0
RC0002146,L002146,F0066,2026-06-26,TEC01,No,-1,0,0,0,0,0,1,1,-6.262119,-77.810284,cola_kafka,0,0,0,0
RC0002147,L002147,F0030,2026-07-06,TEC01,No,-1,1,1,1,1,1,0,0,-6.207274,-77.90387,formulario_campo,4,1,0,0
RC0002148,L002148,F0118,2025-07-17,TEC11,No,-1,0,0,1,1,1,1,1,-6.277767,-77.832854,formulario_campo,2,0,0,0
RC0002149,L002149,F0083,2025-09-17,TEC04,No,-1,0,0,0,0,0,1,1,-6.167068,-77.891572,formulario_campo,0,0,0,0
RC0002150,L002150,F0110,2025-06-01,TEC07,Si,37,0,0,0,0,0,1,1,-6.273184,-77.879462,cola_kafka,0,0,1,0
RC0002151,L002151,F0088,2026-04-13,TEC05,Si,4,0,0,0,0,0,1,0,-6.277268,-77.844377,cola_kafka,0,0,1,0
RC0002152,L002152,F0096,2025-08-22,TEC03,No_se_sabe,-1,1,1,1,1,1,0,0,-6.147855,-77.809408,cola_kafka,4,1,0,1
RC0002153,L002153,F0094,2025-05-26,TEC12,No,-1,1,0,0,0,1,1,1,-6.267518,-77.940238,cola_kafka,1,0,0,0
RC0002154,L002154,F0050,2025-08-04,TEC10,Si,37,0,0,0,1,1,1,1,-6.299916,-77.915378,formulario_campo,1,0,1,0
RC0002155,L002155,F0016,2025-08-18,TEC06,Si,23,0,0,1,0,1,1,0,-6.242922,-77.874899,formulario_campo,1,0,1,0
RC0002156,L002156,F0037,2025-09-18,TEC01,No_se_sabe,-1,0,0,0,1,1,0,0,-6.202881,-77.860976,formulario_campo,1,0,0,1
RC0002157,L002157,F0101,2025-12-13,TEC08,No_se_sabe,-1,0,0,0,1,1,0,1,-6.335909,-77.858803,formulario_campo,1,0,0,1
RC0002158,L002158,F0019,2025-10-14,TEC01,No_se_sabe,-1,1,0,1,0,1,0,0,-6.228748,-77.859948,formulario_campo,2,1,0,1
RC0002159,L002159,F0113,2026-05-02,TEC04,Si,43,0,0,1,0,1,1,1,-6.209918,-77.888565,formulario_campo,1,0,1,0
RC0002160,L002160,F0030,2025-07-25,TEC07,Si,13,0,0,0,0,0,0,1,-6.208049,-77.904378,formulario_campo,0,0,1,0
RC0002161,L002161,F0046,2026-07-22,TEC06,No_se_sabe,-1,0,1,0,0,1,0,0,-6.279272,-77.881275,formulario_campo,1,0,0,1
RC0002162,L002162,F0119,2025-11-14,TEC11,No_se_sabe,-1,0,0,1,0,1,1,1,-6.220464,-77.900474,cola_kafka,1,0,0,1
RC0002163,L002163,F0016,2026-06-19,TEC08,No_se_sabe,-1,0,0,1,0,1,1,0,-6.243559,-77.874689,cola_kafka,1,0,0,1
RC0002164,L002164,F0050,2025-07-19,TEC10,No,-1,0,0,0,1,1,1,1,-6.300262,-77.913959,dashboard_acopio,1,0,0,0
RC0002165,L002165,F0003,2025-06-16,TEC08,No,-1,0,0,0,0,0,1,0,-6.214895,-77.820845,cola_kafka,0,0,0,0
RC0002166,L002166,F0102,2026-05-31,TEC02,Si,17,0,0,0,0,0,0,0,-6.276777,-77.942574,dashboard_acopio,0,0,1,0
RC0002167,L002167,F0044,2025-05-23,TEC05,Si,6,0,0,0,1,1,1,1,-6.315551,-77.891115,formulario_campo,1,0,1,0
RC0002168,L002168,F0021,2026-02-01,TEC08,Si,13,0,0,1,1,1,1,0,-6.290637,-77.863372,formulario_campo,2,0,1,0
RC0002169,L002169,F0003,2025-09-08,TEC07,No,-1,0,0,0,0,0,1,1,-6.214031,-77.821532,formulario_campo,0,0,0,0
RC0002170,L002170,F0086,2026-04-20,TEC11,No_se_sabe,-1,0,0,0,0,0,1,1,-6.218347,-77.925669,dashboard_acopio,0,0,0,1
RC0002171,L002171,F0071,2025-06-09,TEC12,No_se_sabe,-1,0,0,0,0,0,1,1,-6.236551,-77.870466,cola_kafka,0,0,0,1
RC0002172,L002172,F0020,2026-05-15,TEC05,No,-1,1,1,1,0,1,1,0,-6.203353,-77.892383,formulario_campo,3,0,0,0
RC0002173,L002173,F0096,2026-06-12,TEC01,No_se_sabe,-1,1,1,0,1,1,0,0,-6.147231,-77.809184,formulario_campo,3,1,0,1
RC0002174,L002174,F0091,2025-10-14,TEC11,No,-1,0,1,0,0,1,1,1,-6.219485,-77.87645,cola_kafka,1,0,0,0
RC0002175,L002175,F0111,2026-08-02,TEC01,No,-1,1,0,1,0,1,1,0,-6.237654,-77.857956,cola_kafka,2,0,0,0
RC0002176,L002176,F0042,2025-04-09,TEC12,No_se_sabe,-1,0,0,0,1,1,0,1,-6.208759,-77.964684,dashboard_acopio,1,0,0,1
RC0002177,L002177,F0021,2026-06-26,TEC07,No_se_sabe,-1,0,0,0,1,1,1,1,-6.28943,-77.863019,formulario_campo,1,0,0,1
RC0002178,L002178,F0039,2025-07-30,TEC01,Si,33,0,0,0,0,0,1,1,-6.219215,-77.783492,formulario_campo,0,0,1,0
RC0002179,L002179,F0063,2026-04-30,TEC04,No,-1,1,0,1,1,1,0,0,-6.243072,-77.957978,formulario_campo,3,1,0,0
RC0002180,L002180,F0033,2026-04-13,TEC06,No_se_sabe,-1,0,0,1,0,1,0,0,-6.206533,-77.893663,cola_kafka,1,0,0,1
RC0002181,L002181,F0003,2025-05-15,TEC04,No,-1,0,0,0,0,0,0,0,-6.215185,-77.819816,formulario_campo,0,0,0,0
RC0002182,L002182,F0059,2025-01-03,TEC12,No_se_sabe,-1,1,1,0,0,1,0,0,-6.249041,-77.974111,formulario_campo,2,1,0,1
RC0002183,L002183,F0045,2025-06-06,TEC07,Si,8,0,0,0,1,1,1,1,-6.250353,-77.829926,formulario_campo,1,0,1,0
RC0002184,L002184,F0104,2026-03-23,TEC11,No,-1,0,0,0,0,0,1,1,-6.209856,-77.862118,dashboard_acopio,0,0,0,0
RC0002185,L002185,F0038,2026-05-17,TEC02,No,-1,1,1,1,1,1,0,0,-6.242226,-77.855186,formulario_campo,4,1,0,0
RC0002186,L002186,F0119,2025-11-29,TEC10,No,-1,0,0,0,1,1,1,0,-6.220187,-77.901546,formulario_campo,1,0,0,0
RC0002187,L002187,F0119,2025-01-20,TEC09,No,-1,1,0,1,0,1,0,0,-6.220088,-77.90035,formulario_campo,2,1,0,0
RC0002188,L002188,F0053,2025-06-19,TEC02,Si,36,0,0,0,1,1,1,1,-6.259557,-77.904258,formulario_campo,1,0,1,0
RC0002189,L002189,F0033,2025-04-06,TEC02,Si,13,0,1,0,1,1,1,1,-6.206953,-77.893578,formulario_campo,2,0,1,0
RC0002190,L002190,F0080,2025-06-08,TEC03,No_se_sabe,-1,0,1,0,1,1,1,1,-6.268013,-77.91204,formulario_campo,2,0,0,1
RC0002191,L002191,F0095,2026-08-08,TEC01,No_se_sabe,-1,0,0,0,0,0,1,1,-6.278748,-77.861068,formulario_campo,0,0,0,1
RC0002192,L002192,F0042,2025-07-12,TEC08,No,-1,0,0,0,0,0,0,1,-6.207831,-77.964683,formulario_campo,0,0,0,0
RC0002193,L002193,F0109,2026-05-18,TEC04,Si,44,0,0,0,0,0,1,1,-6.251248,-77.891775,formulario_campo,0,0,1,0
RC0002194,L002194,F0093,2026-06-20,TEC09,No_se_sabe,-1,1,0,0,1,1,0,0,-6.244003,-77.905898,dashboard_acopio,2,1,0,1
RC0002195,L002195,F0073,2025-08-24,TEC07,No_se_sabe,-1,0,0,1,1,1,1,0,-6.19569,-77.918131,formulario_campo,2,0,0,1
RC0002196,L002196,F0098,2025-05-06,TEC02,Si,29,1,1,0,0,1,1,1,-6.211122,-77.897939,cola_kafka,2,0,1,0
RC0002197,L002197,F0034,2026-05-18,TEC04,No_se_sabe,-1,0,0,0,0,0,0,1,-6.210902,-77.884183,formulario_campo,0,0,0,1
RC0002198,L002198,F0090,2025-06-25,TEC08,No,-1,1,0,0,0,1,0,0,-6.19933,-77.817983,formulario_campo,1,1,0,0
RC0002199,L002199,F0082,2025-01-03,TEC12,Si,13,1,0,1,0,1,0,0,-6.19458,-77.86855,formulario_campo,2,1,1,0
RC0002200,L002200,F0001,2026-08-30,TEC12,No_se_sabe,-1,0,0,0,1,1,1,1,-6.236756,-77.780715,formulario_campo,1,0,0,1
RC0002201,L002201,F0107,2025-04-26,TEC05,No,-1,0,1,0,1,1,1,1,-6.227623,-77.904211,cola_kafka,2,0,0,0
RC0002202,L002202,F0087,2025-04-08,TEC06,Si,41,0,1,0,0,1,0,1,-6.208602,-77.798071,formulario_campo,1,0,1,0
RC0002203,L002203,F0114,2026-04-25,TEC04,No_se_sabe,-1,1,1,1,0,1,0,0,-6.301675,-77.850009,dashboard_acopio,3,1,0,1
RC0002204,L002204,F0059,2026-04-05,TEC01,Si,5,0,1,1,0,1,1,1,-6.247786,-77.975137,cola_kafka,2,0,1,0
RC0002205,L002205,F0007,2026-05-25,TEC05,No_se_sabe,-1,0,0,0,0,0,1,1,-6.197663,-77.904804,cola_kafka,0,0,0,1
RC0002206,L002206,F0072,2026-08-19,TEC01,No,-1,0,1,1,0,1,1,1,-6.085005,-77.827997,formulario_campo,2,0,0,0
RC0002207,L002207,F0107,2026-04-05,TEC05,No,-1,1,0,0,1,1,1,1,-6.227804,-77.903803,cola_kafka,2,0,0,0
RC0002208,L002208,F0110,2025-05-21,TEC01,No,-1,0,0,0,0,0,0,1,-6.27298,-77.878107,formulario_campo,0,0,0,0
RC0002209,L002209,F0089,2026-04-17,TEC10,Si,37,1,0,0,1,1,0,0,-6.213392,-77.849088,dashboard_acopio,2,1,1,0
RC0002210,L002210,F0110,2025-09-14,TEC10,No,-1,1,1,0,0,1,1,0,-6.272284,-77.879114,cola_kafka,2,0,0,0
RC0002211,L002211,F0096,2026-05-16,TEC04,No_se_sabe,-1,1,1,0,0,1,0,0,-6.147284,-77.809908,formulario_campo,2,1,0,1
RC0002212,L002212,F0068,2025-08-04,TEC07,No_se_sabe,-1,0,0,0,1,1,1,1,-6.154025,-77.88101,dashboard_acopio,1,0,0,1
RC0002213,L002213,F0072,2026-08-01,TEC10,No,-1,1,0,0,0,1,1,0,-6.083201,-77.827708,cola_kafka,1,0,0,0
RC0002214,L002214,F0090,2026-05-22,TEC07,No_se_sabe,-1,1,1,1,1,1,1,0,-6.198625,-77.818809,dashboard_acopio,4,0,0,1
RC0002215,L002215,F0094,2026-08-25,TEC02,Si,40,0,0,1,0,1,0,0,-6.268387,-77.939848,cola_kafka,1,0,1,0
RC0002216,L002216,F0062,2026-04-11,TEC07,No_se_sabe,-1,0,0,0,1,1,1,1,-6.195732,-77.845425,formulario_campo,1,0,0,1
RC0002217,L002217,F0086,2026-05-24,TEC05,No_se_sabe,-1,1,1,0,0,1,0,0,-6.220015,-77.924838,dashboard_acopio,2,1,0,1
RC0002218,L002218,F0037,2026-05-21,TEC12,Si,29,1,0,0,0,1,0,0,-6.202651,-77.862124,formulario_campo,1,1,1,0
RC0002219,L002219,F0013,2025-09-17,TEC07,No,-1,0,0,0,0,0,1,0,-6.148253,-77.808939,cola_kafka,0,0,0,0
RC0002220,L002220,F0091,2026-08-08,TEC03,Si,26,0,1,0,0,1,0,1,-6.220757,-77.877295,dashboard_acopio,1,0,1,0
RC0002221,L002221,F0026,2025-06-16,TEC10,Si,14,0,0,0,1,1,1,1,-6.23611,-77.771698,formulario_campo,1,0,1,0
RC0002222,L002222,F0030,2025-05-30,TEC01,Si,31,0,0,0,1,1,1,1,-6.209114,-77.903944,dashboard_acopio,1,0,1,0
RC0002223,L002223,F0090,2026-04-26,TEC01,No,-1,1,0,1,0,1,1,1,-6.198735,-77.817676,dashboard_acopio,2,0,0,0
RC0002224,L002224,F0083,2026-08-31,TEC01,No_se_sabe,-1,1,0,0,0,1,1,1,-6.167158,-77.89288,cola_kafka,1,0,0,1
RC0002225,L002225,F0113,2026-08-22,TEC09,No,-1,1,0,0,0,1,0,0,-6.209697,-77.888296,cola_kafka,1,1,0,0
RC0002226,L002226,F0070,2025-05-05,TEC06,No,-1,0,1,0,0,1,1,1,-6.190589,-77.846209,formulario_campo,1,0,0,0
RC0002227,L002227,F0111,2026-08-04,TEC03,No_se_sabe,-1,0,0,0,1,1,1,1,-6.236372,-77.857542,cola_kafka,1,0,0,1
RC0002228,L002228,F0087,2025-05-31,TEC12,Si,9,0,0,0,0,0,1,1,-6.209802,-77.798824,dashboard_acopio,0,0,1,0
RC0002229,L002229,F0067,2025-11-23,TEC08,Si,29,1,0,0,1,1,1,0,-6.26764,-77.767868,dashboard_acopio,2,0,1,0
RC0002230,L002230,F0083,2026-06-22,TEC02,No,-1,0,0,1,0,1,0,0,-6.166695,-77.891912,formulario_campo,1,0,0,0
RC0002231,L002231,F0096,2025-06-14,TEC05,No_se_sabe,-1,0,1,0,0,1,1,1,-6.146602,-77.810233,dashboard_acopio,1,0,0,1
RC0002232,L002232,F0067,2025-06-27,TEC06,Si,43,1,1,1,1,1,0,0,-6.2662,-77.766802,formulario_campo,4,1,1,0
RC0002233,L002233,F0102,2026-07-28,TEC02,No_se_sabe,-1,0,0,0,0,0,0,0,-6.27696,-77.943062,formulario_campo,0,0,0,1
RC0002234,L002234,F0001,2025-05-04,TEC01,No,-1,0,0,0,0,0,1,1,-6.23736,-77.779577,dashboard_acopio,0,0,0,0
RC0002235,L002235,F0073,2026-08-22,TEC11,Si,38,0,0,1,1,1,1,1,-6.195651,-77.917823,cola_kafka,2,0,1,0
RC0002236,L002236,F0021,2026-08-14,TEC12,No_se_sabe,-1,0,0,0,1,1,0,1,-6.28844,-77.863018,formulario_campo,1,0,0,1
RC0002237,L002237,F0087,2025-04-05,TEC02,No,-1,1,1,0,0,1,1,0,-6.209499,-77.799389,formulario_campo,2,0,0,0
RC0002238,L002238,F0049,2026-08-23,TEC12,No_se_sabe,-1,1,0,0,1,1,0,0,-6.193886,-77.915535,dashboard_acopio,2,1,0,1
RC0002239,L002239,F0033,2025-09-13,TEC11,Si,3,1,1,0,0,1,1,1,-6.206208,-77.893648,cola_kafka,2,0,1,0
RC0002240,L002240,F0067,2026-05-06,TEC12,Si,4,0,1,1,0,1,1,1,-6.266974,-77.767845,formulario_campo,2,0,1,0
RC0002241,L002241,F0095,2026-08-06,TEC01,Si,24,0,1,0,1,1,1,0,-6.278472,-77.860835,formulario_campo,2,0,1,0
RC0002242,L002242,F0006,2026-01-16,TEC06,No,-1,0,0,0,1,1,0,1,-6.231017,-77.790357,formulario_campo,1,0,0,0
RC0002243,L002243,F0107,2025-06-12,TEC04,No,-1,0,0,0,0,0,1,1,-6.227463,-77.904278,formulario_campo,0,0,0,0
RC0002244,L002244,F0110,2026-05-29,TEC06,No,-1,1,0,1,0,1,1,0,-6.27322,-77.878836,dashboard_acopio,2,0,0,0
RC0002245,L002245,F0069,2025-05-04,TEC06,Si,5,0,0,0,1,1,1,1,-6.31752,-77.83388,formulario_campo,1,0,1,0
RC0002246,L002246,F0094,2026-05-14,TEC10,Si,4,0,0,0,1,1,1,1,-6.267663,-77.941178,formulario_campo,1,0,1,0
RC0002247,L002247,F0082,2025-08-24,TEC05,Si,33,0,0,1,1,1,0,1,-6.193487,-77.868851,dashboard_acopio,2,0,1,0
RC0002248,L002248,F0076,2025-06-22,TEC09,Si,36,0,0,0,1,1,1,1,-6.314662,-77.908304,dashboard_acopio,1,0,1,0
RC0002249,L002249,F0055,2025-04-24,TEC05,Si,12,1,0,0,1,1,1,1,-6.241863,-77.880084,formulario_campo,2,0,1,0
RC0002250,L002250,F0064,2026-08-29,TEC06,Si,25,1,1,0,0,1,0,0,-6.273952,-77.803857,formulario_campo,2,1,1,0
RC0002251,L002251,F0055,2025-08-02,TEC05,No_se_sabe,-1,0,0,1,0,1,0,0,-6.241852,-77.879279,cola_kafka,1,0,0,1
RC0002252,L002252,F0114,2026-03-21,TEC10,No,-1,1,0,0,0,1,1,0,-6.301362,-77.849869,formulario_campo,1,0,0,0
RC0002253,L002253,F0108,2025-05-22,TEC10,Si,19,0,1,0,0,1,0,0,-6.216717,-77.820072,dashboard_acopio,1,0,1,0
RC0002254,L002254,F0002,2026-06-06,TEC11,No,-1,0,0,0,0,0,1,1,-6.21798,-77.932097,cola_kafka,0,0,0,0
RC0002255,L002255,F0087,2025-10-28,TEC11,No,-1,0,1,0,1,1,1,1,-6.209515,-77.798601,formulario_campo,2,0,0,0
RC0002256,L002256,F0105,2026-07-04,TEC10,No,-1,0,0,0,1,1,1,1,-6.23654,-77.879966,formulario_campo,1,0,0,0
RC0002257,L002257,F0014,2025-07-10,TEC04,No_se_sabe,-1,0,0,0,0,0,1,1,-6.253572,-77.799439,formulario_campo,0,0,0,1
RC0002258,L002258,F0038,2025-04-07,TEC05,No_se_sabe,-1,1,0,1,0,1,1,1,-6.242791,-77.855553,formulario_campo,2,0,0,1
RC0002259,L002259,F0072,2026-07-05,TEC12,Si,43,0,1,0,0,1,0,0,-6.083301,-77.827915,formulario_campo,1,0,1,0
RC0002260,L002260,F0039,2026-08-30,TEC02,No,-1,0,0,0,0,0,1,1,-6.218993,-77.783001,dashboard_acopio,0,0,0,0
RC0002261,L002261,F0003,2026-05-20,TEC10,No,-1,0,0,0,0,0,1,1,-6.214867,-77.818862,cola_kafka,0,0,0,0
RC0002262,L002262,F0101,2025-03-26,TEC08,No,-1,0,0,0,0,0,1,1,-6.335344,-77.859837,dashboard_acopio,0,0,0,0
RC0002263,L002263,F0026,2025-01-18,TEC10,No,-1,0,1,1,0,1,0,0,-6.234862,-77.772166,formulario_campo,2,0,0,0
RC0002264,L002264,F0008,2025-07-03,TEC12,No,-1,0,1,1,1,1,1,1,-6.27973,-77.904073,cola_kafka,3,0,0,0
RC0002265,L002265,F0039,2025-07-09,TEC10,No,-1,0,1,0,0,1,1,1,-6.22018,-77.78327,formulario_campo,1,0,0,0
RC0002266,L002266,F0009,2025-08-25,TEC07,Si,8,0,0,0,1,1,0,1,-6.273232,-77.825185,dashboard_acopio,1,0,1,0
RC0002267,L002267,F0082,2025-08-21,TEC03,Si,36,1,1,0,1,1,1,1,-6.194002,-77.868874,cola_kafka,3,0,1,0
RC0002268,L002268,F0099,2026-08-18,TEC07,Si,19,0,0,0,0,0,1,1,-6.175817,-77.806724,cola_kafka,0,0,1,0
RC0002269,L002269,F0103,2026-06-18,TEC08,Si,12,0,0,0,0,0,1,1,-6.177526,-77.917769,formulario_campo,0,0,1,0
RC0002270,L002270,F0054,2026-06-09,TEC11,No,-1,1,0,0,0,1,0,1,-6.194938,-77.865608,formulario_campo,1,1,0,0
RC0002271,L002271,F0102,2026-08-15,TEC10,Si,17,0,0,0,1,1,1,1,-6.276688,-77.942024,cola_kafka,1,0,1,0
RC0002272,L002272,F0111,2025-12-29,TEC03,No_se_sabe,-1,0,0,0,1,1,1,1,-6.237711,-77.857318,dashboard_acopio,1,0,0,1
RC0002273,L002273,F0019,2025-08-22,TEC02,No_se_sabe,-1,0,0,0,1,1,1,1,-6.227327,-77.860271,dashboard_acopio,1,0,0,1
RC0002274,L002274,F0102,2025-10-25,TEC07,Si,42,0,0,1,1,1,0,0,-6.276776,-77.943156,dashboard_acopio,2,0,1,0
RC0002275,L002275,F0024,2026-08-09,TEC02,No_se_sabe,-1,1,0,1,0,1,1,0,-6.335925,-77.803656,formulario_campo,2,0,0,1
RC0002276,L002276,F0074,2025-05-16,TEC01,No,-1,0,0,0,0,0,1,1,-6.272401,-77.871443,formulario_campo,0,0,0,0
RC0002277,L002277,F0080,2026-06-19,TEC01,Si,5,0,0,0,0,0,1,1,-6.268674,-77.911337,formulario_campo,0,0,1,0
RC0002278,L002278,F0031,2026-05-02,TEC04,Si,28,1,1,0,1,1,1,0,-6.246218,-77.931219,formulario_campo,3,0,1,0
RC0002279,L002279,F0076,2026-06-10,TEC01,No_se_sabe,-1,1,1,0,1,1,1,1,-6.315203,-77.908831,dashboard_acopio,3,0,0,1
RC0002280,L002280,F0059,2026-07-28,TEC01,Si,28,0,0,0,0,0,0,1,-6.247705,-77.973905,cola_kafka,0,0,1,0
RC0002281,L002281,F0110,2025-04-20,TEC08,No_se_sabe,-1,0,0,1,0,1,1,1,-6.273276,-77.879363,formulario_campo,1,0,0,1
RC0002282,L002282,F0111,2025-06-01,TEC07,Si,16,0,0,0,1,1,1,1,-6.237363,-77.857812,dashboard_acopio,1,0,1,0
RC0002283,L002283,F0066,2025-12-22,TEC09,No,-1,1,0,1,0,1,1,0,-6.263181,-77.809705,dashboard_acopio,2,0,0,0
RC0002284,L002284,F0016,2026-05-12,TEC02,Si,23,1,1,1,0,1,0,0,-6.243791,-77.876815,dashboard_acopio,3,1,1,0
RC0002285,L002285,F0053,2025-07-26,TEC03,No,-1,0,0,0,1,1,1,0,-6.258719,-77.904015,formulario_campo,1,0,0,0
RC0002286,L002286,F0055,2026-05-22,TEC01,No_se_sabe,-1,1,0,1,0,1,0,0,-6.241357,-77.880294,formulario_campo,2,1,0,1
RC0002287,L002287,F0016,2026-05-01,TEC10,Si,16,0,0,0,0,0,1,1,-6.243493,-77.874437,dashboard_acopio,0,0,1,0
RC0002288,L002288,F0070,2025-04-16,TEC10,No,-1,0,0,1,1,1,1,1,-6.190615,-77.846254,dashboard_acopio,2,0,0,0
RC0002289,L002289,F0108,2025-02-27,TEC04,Si,3,0,0,0,0,0,1,1,-6.217781,-77.819915,dashboard_acopio,0,0,1,0
RC0002290,L002290,F0059,2025-03-05,TEC02,Si,37,0,1,1,0,1,1,0,-6.247995,-77.973887,formulario_campo,2,0,1,0
RC0002291,L002291,F0018,2025-12-15,TEC08,Si,15,0,1,1,0,1,0,0,-6.222805,-77.903081,cola_kafka,2,0,1,0
RC0002292,L002292,F0088,2026-05-12,TEC05,No_se_sabe,-1,1,0,1,0,1,1,1,-6.278068,-77.843956,formulario_campo,2,0,0,1
RC0002293,L002293,F0099,2025-06-30,TEC08,No_se_sabe,-1,0,0,0,0,0,0,1,-6.175118,-77.805843,formulario_campo,0,0,0,1
RC0002294,L002294,F0103,2026-07-04,TEC02,Si,8,0,0,0,0,0,0,1,-6.179035,-77.916629,formulario_campo,0,0,1,0
RC0002295,L002295,F0103,2026-07-26,TEC07,Si,14,1,1,1,0,1,1,0,-6.177974,-77.916637,dashboard_acopio,3,0,1,0
RC0002296,L002296,F0112,2026-07-09,TEC12,No_se_sabe,-1,1,0,0,1,1,1,1,-6.276154,-77.861623,formulario_campo,2,0,0,1
RC0002297,L002297,F0022,2025-08-14,TEC07,No,-1,1,1,1,0,1,0,0,-6.253938,-77.857682,formulario_campo,3,1,0,0
RC0002298,L002298,F0090,2025-04-12,TEC05,No,-1,0,0,1,1,1,1,1,-6.198639,-77.817905,formulario_campo,2,0,0,0
RC0002299,L002299,F0076,2026-04-06,TEC02,Si,6,1,0,0,0,1,0,0,-6.314224,-77.908949,dashboard_acopio,1,1,1,0
RC0002300,L002300,F0037,2026-06-29,TEC06,No,-1,0,1,0,0,1,0,0,-6.202054,-77.86096,dashboard_acopio,1,0,0,0
RC0002301,L002301,F0023,2025-07-20,TEC02,No,-1,0,0,0,0,0,1,1,-6.162417,-77.836964,dashboard_acopio,0,0,0,0
RC0002302,L002302,F0060,2026-06-18,TEC02,Si,32,0,0,0,0,0,1,0,-6.30002,-77.829899,formulario_campo,0,0,1,0
RC0002303,L002303,F0084,2025-06-08,TEC05,No,-1,0,0,0,0,0,0,0,-6.172524,-77.857597,formulario_campo,0,0,0,0
RC0002304,L002304,F0026,2026-05-07,TEC04,No,-1,0,0,0,1,1,0,1,-6.23434,-77.771452,dashboard_acopio,1,0,0,0
RC0002305,L002305,F0062,2026-06-09,TEC10,No,-1,0,0,1,1,1,1,1,-6.196374,-77.846424,formulario_campo,2,0,0,0
RC0002306,L002306,F0101,2026-05-13,TEC07,No_se_sabe,-1,0,0,1,1,1,0,0,-6.336123,-77.859514,cola_kafka,2,0,0,1
RC0002307,L002307,F0019,2026-07-14,TEC02,No_se_sabe,-1,0,0,0,0,0,0,1,-6.22622,-77.861078,formulario_campo,0,0,0,1
RC0002308,L002308,F0009,2026-07-20,TEC04,No,-1,0,0,1,0,1,1,1,-6.273635,-77.826407,formulario_campo,1,0,0,0
RC0002309,L002309,F0016,2025-04-14,TEC05,No,-1,0,0,1,1,1,0,0,-6.243192,-77.875448,cola_kafka,2,0,0,0
RC0002310,L002310,F0034,2025-04-17,TEC07,No,-1,0,1,1,0,1,1,0,-6.210731,-77.884392,cola_kafka,2,0,0,0
RC0002311,L002311,F0071,2025-04-18,TEC07,Si,31,1,0,1,0,1,0,0,-6.237951,-77.869875,formulario_campo,2,1,1,0
RC0002312,L002312,F0045,2025-02-23,TEC11,Si,4,1,0,0,0,1,1,1,-6.250541,-77.829309,formulario_campo,1,0,1,0
RC0002313,L002313,F0094,2025-06-16,TEC03,Si,5,1,0,0,1,1,1,0,-6.268689,-77.940271,formulario_campo,2,0,1,0
RC0002314,L002314,F0080,2025-07-15,TEC08,Si,1,0,0,0,1,1,1,1,-6.26871,-77.912643,formulario_campo,1,0,1,0
RC0002315,L002315,F0019,2025-05-16,TEC12,No,-1,0,0,0,0,0,0,0,-6.227897,-77.860719,dashboard_acopio,0,0,0,0
RC0002316,L002316,F0006,2025-04-05,TEC05,No_se_sabe,-1,1,0,1,0,1,1,1,-6.231381,-77.791579,formulario_campo,2,0,0,1
RC0002317,L002317,F0054,2025-09-29,TEC05,Si,15,0,0,0,1,1,1,0,-6.195941,-77.86482,formulario_campo,1,0,1,0
RC0002318,L002318,F0069,2026-04-11,TEC12,Si,18,1,0,0,0,1,1,1,-6.318344,-77.833678,cola_kafka,1,0,1,0
RC0002319,L002319,F0120,2025-09-19,TEC05,No,-1,0,1,0,1,1,1,1,-6.22101,-77.875374,formulario_campo,2,0,0,0
RC0002320,L002320,F0120,2025-03-25,TEC08,Si,13,1,0,1,0,1,1,0,-6.220532,-77.875408,cola_kafka,2,0,1,0
RC0002321,L002321,F0013,2025-08-08,TEC02,No,-1,0,0,0,0,0,1,1,-6.149444,-77.808265,formulario_campo,0,0,0,0
RC0002322,L002322,F0090,2025-08-29,TEC08,No,-1,1,1,0,1,1,1,0,-6.198394,-77.817645,formulario_campo,3,0,0,0
RC0002323,L002323,F0022,2026-07-27,TEC06,No_se_sabe,-1,0,0,1,1,1,0,0,-6.254178,-77.857976,formulario_campo,2,0,0,1
RC0002324,L002324,F0096,2026-07-03,TEC10,Si,36,0,1,0,0,1,0,0,-6.147577,-77.808987,formulario_campo,1,0,1,0
RC0002325,L002325,F0104,2025-05-15,TEC01,Si,13,0,1,1,0,1,1,0,-6.210158,-77.86246,formulario_campo,2,0,1,0
RC0002326,L002326,F0086,2026-05-02,TEC01,No_se_sabe,-1,1,0,0,0,1,0,0,-6.218986,-77.926061,formulario_campo,1,1,0,1
RC0002327,L002327,F0037,2025-09-23,TEC03,No_se_sabe,-1,0,0,0,0,0,1,1,-6.201986,-77.86041,cola_kafka,0,0,0,1
RC0002328,L002328,F0084,2026-08-10,TEC12,Si,24,0,1,0,1,1,0,1,-6.173029,-77.858158,formulario_campo,2,0,1,0
RC0002329,L002329,F0072,2026-04-20,TEC09,No,-1,0,1,0,1,1,1,1,-6.082311,-77.827141,dashboard_acopio,2,0,0,0
RC0002330,L002330,F0064,2025-01-10,TEC10,Si,34,0,1,1,0,1,0,0,-6.272805,-77.803682,cola_kafka,2,0,1,0
RC0002331,L002331,F0105,2025-05-12,TEC01,No_se_sabe,-1,1,0,0,1,1,0,0,-6.235615,-77.880008,formulario_campo,2,1,0,1
RC0002332,L002332,F0059,2026-06-13,TEC09,Si,1,0,0,0,0,0,0,1,-6.247871,-77.973769,formulario_campo,0,0,1,0
RC0002333,L002333,F0116,2026-04-07,TEC12,No,-1,0,0,0,0,0,1,1,-6.226054,-77.847098,cola_kafka,0,0,0,0
RC0002334,L002334,F0033,2026-08-29,TEC11,No,-1,0,0,0,0,0,1,1,-6.206643,-77.893229,formulario_campo,0,0,0,0
RC0002335,L002335,F0049,2025-04-23,TEC11,No,-1,0,1,0,1,1,1,0,-6.194881,-77.915778,cola_kafka,2,0,0,0
RC0002336,L002336,F0050,2026-08-17,TEC12,Si,15,0,1,0,1,1,0,0,-6.299528,-77.91525,dashboard_acopio,2,0,1,0
RC0002337,L002337,F0113,2025-07-18,TEC01,No_se_sabe,-1,0,0,1,1,1,1,1,-6.207893,-77.888536,cola_kafka,2,0,0,1
RC0002338,L002338,F0074,2025-01-16,TEC11,No_se_sabe,-1,1,0,1,1,1,0,0,-6.272279,-77.870073,formulario_campo,3,1,0,1
RC0002339,L002339,F0006,2025-06-09,TEC09,No_se_sabe,-1,0,0,0,0,0,0,0,-6.232398,-77.791782,formulario_campo,0,0,0,1
RC0002340,L002340,F0044,2026-07-25,TEC11,No,-1,0,0,0,0,0,1,1,-6.316211,-77.889903,cola_kafka,0,0,0,0
RC0002341,L002341,F0004,2025-08-11,TEC01,Si,33,0,0,1,1,1,0,0,-6.26177,-77.963671,dashboard_acopio,2,0,1,0
RC0002342,L002342,F0093,2025-07-20,TEC09,Si,26,1,0,0,1,1,1,1,-6.244904,-77.90553,cola_kafka,2,0,1,0
RC0002343,L002343,F0008,2025-04-29,TEC01,No,-1,1,0,1,1,1,0,0,-6.280289,-77.905326,cola_kafka,3,1,0,0
RC0002344,L002344,F0025,2025-06-20,TEC09,Si,18,1,1,1,1,1,1,0,-6.232133,-77.955978,formulario_campo,4,0,1,0
RC0002345,L002345,F0064,2026-05-09,TEC07,No_se_sabe,-1,0,0,0,1,1,1,1,-6.274469,-77.803441,formulario_campo,1,0,0,1
RC0002346,L002346,F0047,2026-05-14,TEC11,Si,32,1,1,0,0,1,1,0,-6.187991,-77.79816,dashboard_acopio,2,0,1,0
RC0002347,L002347,F0085,2025-08-23,TEC11,No,-1,1,0,1,1,1,0,0,-6.275766,-77.85401,cola_kafka,3,1,0,0
RC0002348,L002348,F0027,2026-06-07,TEC10,Si,16,0,0,0,1,1,1,0,-6.278688,-77.793636,formulario_campo,1,0,1,0
RC0002349,L002349,F0081,2026-06-12,TEC03,No,-1,1,0,0,0,1,1,1,-6.148938,-77.940623,cola_kafka,1,0,0,0
RC0002350,L002350,F0061,2026-05-20,TEC06,No_se_sabe,-1,1,0,0,0,1,0,0,-6.242387,-77.863035,formulario_campo,1,1,0,1
RC0002351,L002351,F0003,2026-08-21,TEC09,Si,5,0,0,0,0,0,1,1,-6.213883,-77.819995,formulario_campo,0,0,1,0
RC0002352,L002352,F0083,2025-06-17,TEC08,No_se_sabe,-1,1,1,0,0,1,0,0,-6.168143,-77.892289,cola_kafka,2,1,0,1
RC0002353,L002353,F0114,2026-08-02,TEC08,No,-1,0,1,1,1,1,0,0,-6.301833,-77.849454,dashboard_acopio,3,0,0,0
RC0002354,L002354,F0106,2026-07-27,TEC01,Si,41,0,0,0,0,0,1,1,-6.253362,-77.8386,dashboard_acopio,0,0,1,0
RC0002355,L002355,F0018,2025-04-09,TEC12,Si,2,1,1,0,0,1,0,0,-6.223059,-77.902103,cola_kafka,2,1,1,0
RC0002356,L002356,F0038,2025-05-05,TEC05,No,-1,0,0,0,0,0,1,0,-6.241738,-77.855074,dashboard_acopio,0,0,0,0
RC0002357,L002357,F0073,2026-04-13,TEC05,No,-1,0,0,0,0,0,0,1,-6.195769,-77.918243,formulario_campo,0,0,0,0
RC0002358,L002358,F0016,2025-07-14,TEC06,No,-1,0,0,1,0,1,1,1,-6.244129,-77.875458,formulario_campo,1,0,0,0
RC0002359,L002359,F0001,2025-06-06,TEC08,No,-1,0,0,0,0,0,0,0,-6.236984,-77.779966,formulario_campo,0,0,0,0
RC0002360,L002360,F0093,2025-07-21,TEC07,No_se_sabe,-1,0,0,0,0,0,1,1,-6.244744,-77.905074,formulario_campo,0,0,0,1
RC0002361,L002361,F0059,2026-06-14,TEC10,Si,22,1,1,0,1,1,1,0,-6.24873,-77.974237,dashboard_acopio,3,0,1,0
RC0002362,L002362,F0030,2026-04-15,TEC09,Si,2,0,0,0,0,0,0,0,-6.208215,-77.903053,dashboard_acopio,0,0,1,0
RC0002363,L002363,F0062,2026-06-06,TEC09,No,-1,0,0,0,1,1,1,1,-6.196184,-77.846458,formulario_campo,1,0,0,0
RC0002364,L002364,F0087,2025-06-20,TEC07,Si,42,1,0,1,0,1,0,0,-6.209524,-77.79827,formulario_campo,2,1,1,0
RC0002365,L002365,F0102,2025-04-26,TEC11,Si,25,0,0,0,1,1,0,0,-6.275785,-77.942579,formulario_campo,1,0,1,0
RC0002366,L002366,F0077,2025-06-09,TEC07,No,-1,0,0,1,0,1,1,0,-6.225459,-77.836951,formulario_campo,1,0,0,0
RC0002367,L002367,F0109,2025-06-28,TEC03,Si,16,0,0,0,1,1,1,1,-6.25171,-77.891408,formulario_campo,1,0,1,0
RC0002368,L002368,F0063,2025-04-11,TEC05,No,-1,1,0,0,1,1,1,0,-6.242614,-77.959464,cola_kafka,2,0,0,0
RC0002369,L002369,F0034,2026-07-21,TEC12,Si,8,0,0,0,0,0,1,1,-6.211532,-77.884126,formulario_campo,0,0,1,0
RC0002370,L002370,F0033,2025-07-28,TEC02,Si,24,0,0,1,1,1,0,0,-6.206815,-77.893812,dashboard_acopio,2,0,1,0
RC0002371,L002371,F0018,2026-05-26,TEC10,No_se_sabe,-1,1,0,0,1,1,1,1,-6.224631,-77.901666,cola_kafka,2,0,0,1
RC0002372,L002372,F0090,2026-04-20,TEC07,Si,18,1,0,0,0,1,1,1,-6.198379,-77.818463,dashboard_acopio,1,0,1,0
RC0002373,L002373,F0026,2026-07-05,TEC10,Si,1,0,0,1,0,1,1,1,-6.235291,-77.771291,dashboard_acopio,1,0,1,0
RC0002374,L002374,F0098,2025-09-29,TEC05,No_se_sabe,-1,0,0,1,0,1,1,1,-6.211416,-77.898951,formulario_campo,1,0,0,1
RC0002375,L002375,F0083,2026-06-29,TEC03,No_se_sabe,-1,1,1,1,1,1,1,0,-6.167519,-77.892546,formulario_campo,4,0,0,1
RC0002376,L002376,F0024,2025-07-08,TEC08,No_se_sabe,-1,1,0,0,0,1,1,1,-6.334923,-77.802728,cola_kafka,1,0,0,1
RC0002377,L002377,F0013,2026-07-17,TEC12,No,-1,0,0,0,1,1,1,1,-6.149035,-77.80904,formulario_campo,1,0,0,0
RC0002378,L002378,F0101,2026-06-04,TEC02,No,-1,1,1,0,1,1,0,0,-6.335602,-77.859813,dashboard_acopio,3,1,0,0
RC0002379,L002379,F0024,2026-01-20,TEC08,No_se_sabe,-1,1,1,1,0,1,1,1,-6.335259,-77.801705,dashboard_acopio,3,0,0,1
RC0002380,L002380,F0084,2025-07-20,TEC09,No,-1,0,1,0,0,1,1,1,-6.172717,-77.857745,cola_kafka,1,0,0,0
RC0002381,L002381,F0080,2026-06-28,TEC11,Si,41,1,1,0,1,1,1,0,-6.2679,-77.912218,cola_kafka,3,0,1,0
RC0002382,L002382,F0069,2025-08-29,TEC07,Si,13,0,0,0,0,0,1,1,-6.317802,-77.834612,formulario_campo,0,0,1,0
RC0002383,L002383,F0113,2025-05-15,TEC11,No_se_sabe,-1,1,0,1,0,1,1,0,-6.210346,-77.888642,formulario_campo,2,0,0,1
RC0002384,L002384,F0003,2025-12-12,TEC06,Si,30,0,1,1,0,1,1,1,-6.21383,-77.820016,formulario_campo,2,0,1,0
RC0002385,L002385,F0019,2026-05-09,TEC04,Si,23,1,1,1,0,1,1,0,-6.22779,-77.860019,dashboard_acopio,3,0,1,0
RC0002386,L002386,F0071,2026-07-08,TEC12,Si,7,1,0,0,0,1,0,0,-6.236246,-77.870631,formulario_campo,1,1,1,0
RC0002387,L002387,F0075,2025-09-27,TEC10,No_se_sabe,-1,1,0,0,1,1,1,1,-6.228699,-77.938123,formulario_campo,2,0,0,1
RC0002388,L002388,F0084,2025-12-25,TEC02,No_se_sabe,-1,0,0,0,0,0,1,1,-6.17254,-77.857924,formulario_campo,0,0,0,1
RC0002389,L002389,F0066,2025-04-17,TEC08,No,-1,1,0,1,0,1,0,0,-6.261589,-77.809234,dashboard_acopio,2,1,0,0
RC0002390,L002390,F0051,2026-05-26,TEC12,No,-1,1,0,1,1,1,0,0,-6.226593,-77.930866,cola_kafka,3,1,0,0
RC0002391,L002391,F0006,2026-02-27,TEC04,Si,5,0,1,0,1,1,1,0,-6.231862,-77.790637,formulario_campo,2,0,1,0
RC0002392,L002392,F0033,2025-05-12,TEC04,No,-1,1,0,0,0,1,1,1,-6.206315,-77.893494,dashboard_acopio,1,0,0,0
RC0002393,L002393,F0008,2026-04-10,TEC05,No,-1,0,1,1,0,1,0,0,-6.279997,-77.904465,dashboard_acopio,2,0,0,0
RC0002394,L002394,F0072,2026-05-25,TEC01,No,-1,1,0,1,1,1,1,1,-6.08258,-77.828334,formulario_campo,3,0,0,0
RC0002395,L002395,F0111,2025-09-28,TEC08,No,-1,0,1,0,0,1,0,0,-6.236606,-77.857617,dashboard_acopio,1,0,0,0
RC0002396,L002396,F0086,2025-06-01,TEC05,No,-1,0,0,1,0,1,1,1,-6.21811,-77.924976,formulario_campo,1,0,0,0
RC0002397,L002397,F0017,2026-08-08,TEC06,Si,33,1,0,0,0,1,0,0,-6.271957,-77.856359,dashboard_acopio,1,1,1,0
RC0002398,L002398,F0034,2026-04-09,TEC11,Si,35,1,0,0,0,1,1,1,-6.209871,-77.884705,dashboard_acopio,1,0,1,0
RC0002399,L002399,F0107,2026-04-14,TEC01,No,-1,0,1,0,1,1,1,1,-6.226357,-77.904532,dashboard_acopio,2,0,0,0
RC0002400,L002400,F0086,2025-05-21,TEC04,Si,37,1,1,1,0,1,0,0,-6.219569,-77.924936,dashboard_acopio,3,1,1,0
RC0002401,L002401,F0108,2025-05-13,TEC04,Si,33,0,0,0,0,0,1,1,-6.217077,-77.819501,dashboard_acopio,0,0,1,0
RC0002402,L002402,F0028,2026-08-20,TEC11,Si,36,0,1,0,1,1,1,0,-6.232576,-77.852699,formulario_campo,2,0,1,0
RC0002403,L002403,F0008,2026-08-09,TEC07,No_se_sabe,-1,1,1,0,0,1,0,0,-6.280949,-77.904352,formulario_campo,2,1,0,1
RC0002404,L002404,F0040,2025-09-06,TEC09,Si,27,1,0,0,0,1,1,0,-6.172948,-77.909565,formulario_campo,1,0,1,0
RC0002405,L002405,F0024,2025-05-08,TEC03,Si,41,1,0,0,1,1,1,1,-6.334741,-77.802199,formulario_campo,2,0,1,0
RC0002406,L002406,F0098,2026-08-05,TEC02,No,-1,1,0,0,0,1,0,0,-6.210745,-77.899663,cola_kafka,1,1,0,0
RC0002407,L002407,F0059,2026-03-20,TEC04,No_se_sabe,-1,1,0,1,1,1,0,0,-6.248698,-77.972735,formulario_campo,3,1,0,1
RC0002408,L002408,F0051,2025-09-29,TEC02,No,-1,0,1,0,0,1,1,1,-6.226486,-77.931795,formulario_campo,1,0,0,0
RC0002409,L002409,F0104,2025-05-21,TEC02,No_se_sabe,-1,0,1,1,0,1,0,0,-6.210599,-77.862023,cola_kafka,2,0,0,1
RC0002410,L002410,F0045,2026-06-08,TEC09,Si,1,1,0,1,0,1,0,0,-6.250956,-77.829393,cola_kafka,2,1,1,0
RC0002411,L002411,F0031,2025-06-23,TEC11,No,-1,0,0,0,0,0,1,1,-6.245288,-77.930599,cola_kafka,0,0,0,0
RC0002412,L002412,F0013,2026-07-26,TEC08,No_se_sabe,-1,0,0,0,0,0,1,1,-6.1496,-77.808631,cola_kafka,0,0,0,1
RC0002413,L002413,F0091,2025-04-22,TEC09,No_se_sabe,-1,1,1,1,1,1,1,0,-6.219865,-77.876618,dashboard_acopio,4,0,0,1
RC0002414,L002414,F0099,2025-06-13,TEC05,Si,2,0,0,1,0,1,0,1,-6.175311,-77.806076,dashboard_acopio,1,0,1,0
RC0002415,L002415,F0098,2025-09-17,TEC01,Si,28,1,0,1,1,1,0,0,-6.21092,-77.899143,formulario_campo,3,1,1,0
RC0002416,L002416,F0055,2026-06-15,TEC04,No_se_sabe,-1,0,1,1,0,1,0,0,-6.241914,-77.879034,formulario_campo,2,0,0,1
RC0002417,L002417,F0001,2026-06-12,TEC04,No,-1,0,0,0,1,1,1,1,-6.237086,-77.780698,dashboard_acopio,1,0,0,0
RC0002418,L002418,F0002,2026-04-28,TEC08,No_se_sabe,-1,0,0,1,0,1,1,1,-6.219113,-77.931592,formulario_campo,1,0,0,1
RC0002419,L002419,F0010,2026-06-29,TEC03,No_se_sabe,-1,0,0,0,1,1,1,1,-6.259228,-77.875505,cola_kafka,1,0,0,1
RC0002420,L002420,F0108,2025-02-19,TEC11,Si,23,0,0,0,0,0,1,1,-6.21664,-77.819552,cola_kafka,0,0,1,0
RC0002421,L002421,F0093,2026-03-28,TEC12,No_se_sabe,-1,0,1,1,0,1,0,0,-6.244766,-77.904605,dashboard_acopio,2,0,0,1
RC0002422,L002422,F0102,2025-09-09,TEC01,Si,37,1,1,1,1,1,0,0,-6.277523,-77.943375,cola_kafka,4,1,1,0
RC0002423,L002423,F0106,2026-08-24,TEC06,Si,18,1,1,0,1,1,1,0,-6.25361,-77.838303,formulario_campo,3,0,1,0
RC0002424,L002424,F0102,2025-07-17,TEC07,No,-1,0,0,1,1,1,1,1,-6.277318,-77.942307,formulario_campo,2,0,0,0
RC0002425,L002425,F0018,2026-06-20,TEC06,No_se_sabe,-1,1,1,1,1,1,1,0,-6.223021,-77.901519,cola_kafka,4,0,0,1
RC0002426,L002426,F0034,2025-07-20,TEC04,No_se_sabe,-1,1,0,1,0,1,0,0,-6.211396,-77.884173,dashboard_acopio,2,1,0,1
RC0002427,L002427,F0119,2026-04-09,TEC07,No_se_sabe,-1,1,1,0,1,1,1,1,-6.221592,-77.900007,formulario_campo,3,0,0,1
RC0002428,L002428,F0014,2025-04-17,TEC12,No,-1,0,1,1,1,1,1,0,-6.251629,-77.798525,formulario_campo,3,0,0,0
RC0002429,L002429,F0044,2025-05-22,TEC03,No_se_sabe,-1,0,0,1,0,1,1,1,-6.317014,-77.891471,dashboard_acopio,1,0,0,1
RC0002430,L002430,F0010,2025-01-20,TEC07,No_se_sabe,-1,1,0,1,1,1,0,0,-6.259417,-77.87695,dashboard_acopio,3,1,0,1
RC0002431,L002431,F0093,2025-09-01,TEC08,No,-1,1,1,0,0,1,1,1,-6.244052,-77.904476,dashboard_acopio,2,0,0,0
RC0002432,L002432,F0093,2026-04-28,TEC01,No_se_sabe,-1,1,1,1,0,1,1,0,-6.245493,-77.905681,formulario_campo,3,0,0,1
RC0002433,L002433,F0091,2025-09-08,TEC06,No_se_sabe,-1,0,0,0,0,0,1,1,-6.219229,-77.876161,dashboard_acopio,0,0,0,1
RC0002434,L002434,F0102,2026-05-21,TEC03,Si,36,0,1,0,1,1,1,1,-6.277615,-77.94396,cola_kafka,2,0,1,0
RC0002435,L002435,F0083,2026-07-30,TEC05,No,-1,0,1,0,0,1,0,1,-6.168562,-77.891759,formulario_campo,1,0,0,0
RC0002436,L002436,F0082,2026-05-31,TEC10,Si,5,0,1,1,0,1,0,0,-6.194721,-77.869436,formulario_campo,2,0,1,0
RC0002437,L002437,F0026,2025-09-14,TEC10,No,-1,1,1,1,0,1,0,0,-6.234439,-77.771414,formulario_campo,3,1,0,0
RC0002438,L002438,F0107,2026-05-16,TEC06,No,-1,0,0,0,0,0,1,1,-6.227562,-77.903142,formulario_campo,0,0,0,0
RC0002439,L002439,F0119,2026-07-17,TEC11,No,-1,1,0,0,0,1,1,1,-6.219622,-77.9007,dashboard_acopio,1,0,0,0
RC0002440,L002440,F0080,2026-06-16,TEC10,Si,37,0,0,0,1,1,1,0,-6.26912,-77.912479,formulario_campo,1,0,1,0
RC0002441,L002441,F0098,2026-08-07,TEC12,Si,12,0,0,0,1,1,0,1,-6.211824,-77.899494,formulario_campo,1,0,1,0
RC0002442,L002442,F0074,2025-09-13,TEC12,No,-1,0,0,0,1,1,1,1,-6.272445,-77.870495,dashboard_acopio,1,0,0,0
RC0002443,L002443,F0028,2025-07-26,TEC04,Si,8,1,1,1,0,1,1,0,-6.232713,-77.852189,dashboard_acopio,3,0,1,0
RC0002444,L002444,F0021,2025-06-14,TEC04,Si,20,0,0,1,0,1,1,1,-6.28975,-77.864229,dashboard_acopio,1,0,1,0
RC0002445,L002445,F0030,2025-04-22,TEC06,No_se_sabe,-1,1,0,1,1,1,0,0,-6.209344,-77.903839,cola_kafka,3,1,0,1
RC0002446,L002446,F0102,2026-05-18,TEC10,Si,40,1,1,0,0,1,1,0,-6.276065,-77.942934,cola_kafka,2,0,1,0
RC0002447,L002447,F0013,2026-07-19,TEC06,No,-1,1,0,0,1,1,1,1,-6.150255,-77.80914,dashboard_acopio,2,0,0,0
RC0002448,L002448,F0087,2026-07-24,TEC10,Si,11,1,0,1,0,1,0,0,-6.209086,-77.798122,dashboard_acopio,2,1,1,0
RC0002449,L002449,F0043,2025-01-17,TEC12,No,-1,1,1,0,1,1,0,0,-6.172802,-77.945558,formulario_campo,3,1,0,0
RC0002450,L002450,F0070,2025-01-20,TEC09,No,-1,0,0,1,1,1,1,0,-6.190999,-77.846603,formulario_campo,2,0,0,0
RC0002451,L002451,F0026,2026-08-27,TEC10,Si,29,1,0,0,0,1,1,0,-6.234543,-77.77171,dashboard_acopio,1,0,1,0
RC0002452,L002452,F0107,2025-06-28,TEC12,No,-1,0,0,0,1,1,1,1,-6.227579,-77.904235,formulario_campo,1,0,0,0
RC0002453,L002453,F0053,2025-09-20,TEC02,No,-1,0,0,0,0,0,1,1,-6.260026,-77.903875,cola_kafka,0,0,0,0
RC0002454,L002454,F0038,2025-08-24,TEC02,No,-1,0,0,1,0,1,1,1,-6.241222,-77.854377,formulario_campo,1,0,0,0
RC0002455,L002455,F0074,2026-04-27,TEC10,No,-1,1,1,0,0,1,1,1,-6.272492,-77.870131,formulario_campo,2,0,0,0
RC0002456,L002456,F0080,2026-06-22,TEC09,Si,24,1,1,1,0,1,0,0,-6.268481,-77.911913,formulario_campo,3,1,1,0
RC0002457,L002457,F0013,2026-04-12,TEC11,No,-1,0,1,0,1,1,0,1,-6.149967,-77.808511,dashboard_acopio,2,0,0,0
RC0002458,L002458,F0012,2025-02-27,TEC05,Si,20,0,0,0,0,0,1,1,-6.229275,-77.898183,formulario_campo,0,0,1,0
RC0002459,L002459,F0027,2025-07-11,TEC03,Si,41,0,1,0,0,1,1,1,-6.277693,-77.793893,dashboard_acopio,1,0,1,0
RC0002460,L002460,F0049,2026-07-08,TEC10,No,-1,0,0,0,1,1,1,1,-6.196903,-77.915996,formulario_campo,1,0,0,0
RC0002461,L002461,F0022,2026-04-25,TEC05,Si,13,1,1,1,1,1,0,0,-6.253968,-77.857784,formulario_campo,4,1,1,0
RC0002462,L002462,F0012,2025-06-19,TEC12,Si,20,0,0,0,0,0,1,1,-6.228667,-77.897841,formulario_campo,0,0,1,0
RC0002463,L002463,F0063,2026-05-04,TEC09,No_se_sabe,-1,0,0,0,0,0,0,0,-6.242725,-77.958945,formulario_campo,0,0,0,1
RC0002464,L002464,F0008,2026-03-03,TEC10,No,-1,0,0,1,1,1,1,1,-6.279713,-77.904544,formulario_campo,2,0,0,0
RC0002465,L002465,F0062,2026-07-16,TEC07,No,-1,1,1,1,0,1,0,0,-6.195589,-77.846072,dashboard_acopio,3,1,0,0
RC0002466,L002466,F0062,2026-04-26,TEC12,Si,35,0,1,0,0,1,1,1,-6.195777,-77.845999,formulario_campo,1,0,1,0
RC0002467,L002467,F0109,2026-05-18,TEC10,No_se_sabe,-1,0,0,0,0,0,1,1,-6.251664,-77.891323,formulario_campo,0,0,0,1
RC0002468,L002468,F0022,2026-07-09,TEC03,No,-1,1,1,0,1,1,1,0,-6.253525,-77.858624,cola_kafka,3,0,0,0
RC0002469,L002469,F0001,2025-12-07,TEC06,No,-1,1,0,0,1,1,1,1,-6.237,-77.780146,dashboard_acopio,2,0,0,0
RC0002470,L002470,F0112,2026-05-04,TEC04,No,-1,1,0,1,1,1,1,0,-6.27628,-77.86238,formulario_campo,3,0,0,0
RC0002471,L002471,F0116,2025-09-28,TEC05,Si,41,1,0,0,0,1,1,1,-6.225768,-77.84791,dashboard_acopio,1,0,1,0
RC0002472,L002472,F0018,2026-01-15,TEC06,Si,28,0,0,0,0,0,0,0,-6.223258,-77.902536,formulario_campo,0,0,1,0
RC0002473,L002473,F0030,2025-09-03,TEC05,No,-1,0,0,0,0,0,0,1,-6.208113,-77.903497,formulario_campo,0,0,0,0
RC0002474,L002474,F0062,2026-08-23,TEC03,Si,3,1,0,0,0,1,1,1,-6.194801,-77.846098,cola_kafka,1,0,1,0
RC0002475,L002475,F0053,2025-04-20,TEC10,No_se_sabe,-1,1,0,0,1,1,1,0,-6.259122,-77.904396,cola_kafka,2,0,0,1
RC0002476,L002476,F0098,2025-04-18,TEC12,Si,44,1,0,1,0,1,0,0,-6.212255,-77.899016,formulario_campo,2,1,1,0
RC0002477,L002477,F0054,2026-06-18,TEC05,No,-1,0,0,0,0,0,0,0,-6.195141,-77.864141,formulario_campo,0,0,0,0
RC0002478,L002478,F0070,2026-08-11,TEC02,No,-1,1,0,0,1,1,0,0,-6.190097,-77.845881,formulario_campo,2,1,0,0
RC0002479,L002479,F0071,2026-01-08,TEC05,No_se_sabe,-1,0,0,0,1,1,1,1,-6.235802,-77.870498,dashboard_acopio,1,0,0,1
RC0002480,L002480,F0091,2025-04-30,TEC03,No,-1,0,1,1,1,1,1,0,-6.220186,-77.876478,formulario_campo,3,0,0,0
RC0002481,L002481,F0004,2026-06-23,TEC12,Si,19,0,1,1,0,1,0,0,-6.262147,-77.963554,dashboard_acopio,2,0,1,0
RC0002482,L002482,F0088,2025-07-21,TEC06,Si,2,0,1,1,0,1,0,0,-6.277973,-77.844924,dashboard_acopio,2,0,1,0
RC0002483,L002483,F0055,2025-04-20,TEC11,No,-1,1,0,1,0,1,1,1,-6.24194,-77.879091,formulario_campo,2,0,0,0
RC0002484,L002484,F0106,2025-02-28,TEC11,Si,16,0,0,1,0,1,1,1,-6.252934,-77.839009,formulario_campo,1,0,1,0
RC0002485,L002485,F0046,2025-05-28,TEC03,No,-1,0,0,1,1,1,1,1,-6.279127,-77.881502,dashboard_acopio,2,0,0,0
RC0002486,L002486,F0112,2026-04-22,TEC09,No,-1,0,0,1,0,1,1,1,-6.277465,-77.862011,formulario_campo,1,0,0,0
RC0002487,L002487,F0056,2025-04-08,TEC02,Si,1,1,1,1,1,1,0,0,-6.208546,-77.903355,formulario_campo,4,1,1,0
RC0002488,L002488,F0053,2025-07-07,TEC12,No,-1,0,1,1,1,1,0,0,-6.259649,-77.902712,formulario_campo,3,0,0,0
RC0002489,L002489,F0112,2025-06-30,TEC09,No,-1,1,0,0,1,1,1,1,-6.276218,-77.86222,formulario_campo,2,0,0,0
RC0002490,L002490,F0089,2025-08-21,TEC02,No_se_sabe,-1,0,0,1,1,1,1,1,-6.213834,-77.848453,formulario_campo,2,0,0,1
RC0002491,L002491,F0014,2025-07-25,TEC05,No,-1,1,0,0,0,1,0,0,-6.253394,-77.799591,formulario_campo,1,1,0,0
RC0002492,L002492,F0049,2025-04-21,TEC10,No_se_sabe,-1,1,0,0,0,1,0,0,-6.19558,-77.915062,cola_kafka,1,1,0,1
RC0002493,L002493,F0093,2026-07-05,TEC02,Si,21,0,0,0,0,0,0,1,-6.24391,-77.905098,formulario_campo,0,0,1,0
RC0002494,L002494,F0063,2025-08-10,TEC02,No_se_sabe,-1,0,0,1,0,1,1,0,-6.2424,-77.959105,formulario_campo,1,0,0,1
RC0002495,L002495,F0071,2025-04-09,TEC03,Si,43,0,0,0,1,1,0,1,-6.236366,-77.870876,formulario_campo,1,0,1,0
RC0002496,L002496,F0056,2025-08-28,TEC02,No_se_sabe,-1,1,0,0,0,1,1,1,-6.207226,-77.902944,cola_kafka,1,0,0,1
RC0002497,L002497,F0109,2026-05-26,TEC08,No_se_sabe,-1,0,0,0,0,0,0,0,-6.252097,-77.892466,formulario_campo,0,0,0,1
RC0002498,L002498,F0033,2025-09-30,TEC01,Si,6,0,0,0,0,0,1,1,-6.207635,-77.8926,dashboard_acopio,0,0,1,0
RC0002499,L002499,F0104,2026-06-17,TEC12,Si,18,0,0,0,0,0,0,1,-6.208851,-77.861909,dashboard_acopio,0,0,1,0
RC0002500,L002500,F0101,2025-10-13,TEC03,No,-1,0,0,0,0,0,1,1,-6.335752,-77.859714,formulario_campo,0,0,0,0
RC0002501,L002501,F0094,2025-01-30,TEC09,No_se_sabe,-1,0,1,1,0,1,0,0,-6.268687,-77.940871,cola_kafka,2,0,0,1
RC0002502,L002502,F0021,2025-05-29,TEC02,No,-1,0,0,0,0,0,1,1,-6.289358,-77.862822,formulario_campo,0,0,0,0
RC0002503,L002503,F0028,2026-04-05,TEC04,Si,44,1,1,0,1,1,0,0,-6.232659,-77.851547,dashboard_acopio,3,1,1,0
RC0002504,L002504,F0045,2025-03-06,TEC05,No,-1,0,0,0,1,1,1,1,-6.251202,-77.829567,formulario_campo,1,0,0,0
RC0002505,L002505,F0024,2026-08-23,TEC04,Si,9,0,0,0,1,1,0,1,-6.333666,-77.802976,formulario_campo,1,0,1,0
RC0002506,L002506,F0068,2025-08-18,TEC09,Si,22,1,1,1,1,1,0,0,-6.153424,-77.880278,formulario_campo,4,1,1,0
RC0002507,L002507,F0042,2026-05-16,TEC06,No,-1,0,0,0,0,0,0,1,-6.20804,-77.965567,dashboard_acopio,0,0,0,0
RC0002508,L002508,F0105,2025-08-01,TEC06,No_se_sabe,-1,0,0,0,1,1,1,1,-6.237249,-77.880706,formulario_campo,1,0,0,1
RC0002509,L002509,F0120,2025-09-16,TEC09,No,-1,1,0,1,1,1,1,1,-6.220521,-77.874699,cola_kafka,3,0,0,0
RC0002510,L002510,F0069,2025-09-30,TEC12,Si,13,0,1,0,1,1,1,0,-6.318429,-77.833623,formulario_campo,2,0,1,0
RC0002511,L002511,F0055,2025-06-19,TEC04,Si,27,1,0,0,0,1,0,0,-6.242009,-77.879979,cola_kafka,1,1,1,0
RC0002512,L002512,F0017,2025-05-23,TEC12,Si,38,0,1,0,0,1,1,1,-6.271592,-77.856927,dashboard_acopio,1,0,1,0
RC0002513,L002513,F0077,2026-04-11,TEC06,No,-1,0,0,1,1,1,0,0,-6.226199,-77.83704,cola_kafka,2,0,0,0
RC0002514,L002514,F0045,2026-06-15,TEC07,No_se_sabe,-1,1,1,1,1,1,1,0,-6.25022,-77.829621,cola_kafka,4,0,0,1
RC0002515,L002515,F0050,2026-06-29,TEC04,Si,22,0,0,0,0,0,1,1,-6.300584,-77.916132,formulario_campo,0,0,1,0
RC0002516,L002516,F0106,2026-07-07,TEC05,Si,20,1,0,1,0,1,1,1,-6.253724,-77.838657,formulario_campo,2,0,1,0
RC0002517,L002517,F0062,2026-08-16,TEC12,No,-1,0,0,1,0,1,1,1,-6.196168,-77.845728,formulario_campo,1,0,0,0
RC0002518,L002518,F0082,2025-08-18,TEC11,Si,32,1,0,0,1,1,0,0,-6.193572,-77.869729,cola_kafka,2,1,1,0
RC0002519,L002519,F0021,2026-01-09,TEC11,No,-1,0,0,0,1,1,1,1,-6.289805,-77.863605,formulario_campo,1,0,0,0
RC0002520,L002520,F0106,2025-09-05,TEC12,Si,34,0,0,0,0,0,1,1,-6.253343,-77.837452,formulario_campo,0,0,1,0
RC0002521,L002521,F0059,2025-07-26,TEC07,Si,14,0,1,1,1,1,1,0,-6.248784,-77.973183,formulario_campo,3,0,1,0
RC0002522,L002522,F0028,2026-04-28,TEC03,No_se_sabe,-1,0,1,1,0,1,0,0,-6.233153,-77.853474,cola_kafka,2,0,0,1
RC0002523,L002523,F0005,2025-08-10,TEC07,No,-1,0,1,0,1,1,0,0,-6.20543,-77.897496,formulario_campo,2,0,0,0
RC0002524,L002524,F0014,2026-08-26,TEC05,No,-1,0,0,0,0,0,1,1,-6.25275,-77.798614,formulario_campo,0,0,0,0
RC0002525,L002525,F0063,2025-04-07,TEC02,Si,25,1,1,1,0,1,0,0,-6.243257,-77.958891,formulario_campo,3,1,1,0
RC0002526,L002526,F0040,2025-06-12,TEC10,No_se_sabe,-1,0,0,0,0,0,1,1,-6.173325,-77.90928,formulario_campo,0,0,0,1
RC0002527,L002527,F0081,2025-06-21,TEC06,No_se_sabe,-1,0,0,0,1,1,1,1,-6.149874,-77.940172,formulario_campo,1,0,0,1
RC0002528,L002528,F0025,2025-10-20,TEC07,Si,35,0,1,0,0,1,1,1,-6.23152,-77.956031,formulario_campo,1,0,1,0
RC0002529,L002529,F0077,2026-01-20,TEC06,No_se_sabe,-1,0,0,0,1,1,0,0,-6.225897,-77.837216,dashboard_acopio,1,0,0,1
RC0002530,L002530,F0072,2025-01-17,TEC06,No_se_sabe,-1,0,0,0,1,1,0,1,-6.083481,-77.827567,formulario_campo,1,0,0,1
RC0002531,L002531,F0031,2026-06-08,TEC12,No,-1,1,0,1,1,1,0,0,-6.245247,-77.930009,dashboard_acopio,3,1,0,0
RC0002532,L002532,F0103,2025-07-05,TEC01,No,-1,0,0,0,1,1,1,1,-6.178478,-77.916506,dashboard_acopio,1,0,0,0
RC0002533,L002533,F0094,2025-04-05,TEC01,Si,23,0,0,0,1,1,1,1,-6.269853,-77.94094,formulario_campo,1,0,1,0
RC0002534,L002534,F0108,2025-01-01,TEC06,No,-1,0,0,1,1,1,1,0,-6.21718,-77.820378,formulario_campo,2,0,0,0
RC0002535,L002535,F0047,2025-01-19,TEC02,Si,7,0,1,0,0,1,1,1,-6.188271,-77.797232,formulario_campo,1,0,1,0
RC0002536,L002536,F0078,2026-06-05,TEC02,No,-1,1,0,0,0,1,1,1,-6.261626,-77.81983,formulario_campo,1,0,0,0
RC0002537,L002537,F0019,2026-04-07,TEC07,No,-1,0,0,1,0,1,1,1,-6.227398,-77.860058,formulario_campo,1,0,0,0
RC0002538,L002538,F0108,2026-08-11,TEC07,No,-1,0,1,0,1,1,0,0,-6.21704,-77.818781,formulario_campo,2,0,0,0
RC0002539,L002539,F0027,2025-07-08,TEC09,Si,44,1,1,1,1,1,0,0,-6.278642,-77.792575,dashboard_acopio,4,1,1,0
RC0002540,L002540,F0059,2025-09-11,TEC06,Si,12,1,0,1,1,1,0,0,-6.248459,-77.974122,cola_kafka,3,1,1,0
RC0002541,L002541,F0116,2026-04-01,TEC01,No_se_sabe,-1,0,1,0,0,1,1,1,-6.225653,-77.847808,formulario_campo,1,0,0,1
RC0002542,L002542,F0069,2025-07-26,TEC03,No,-1,1,0,0,0,1,1,1,-6.316484,-77.833864,formulario_campo,1,0,0,0
RC0002543,L002543,F0006,2026-03-04,TEC11,Si,12,0,0,0,1,1,1,1,-6.231741,-77.790643,formulario_campo,1,0,1,0
RC0002544,L002544,F0038,2025-06-19,TEC10,Si,34,1,1,0,0,1,1,0,-6.241965,-77.855465,cola_kafka,2,0,1,0
RC0002545,L002545,F0113,2026-04-27,TEC01,No,-1,1,0,0,1,1,1,1,-6.209955,-77.889783,cola_kafka,2,0,0,0
RC0002546,L002546,F0059,2026-04-22,TEC10,No_se_sabe,-1,0,0,1,0,1,1,1,-6.248313,-77.973599,dashboard_acopio,1,0,0,1
RC0002547,L002547,F0022,2026-04-14,TEC02,No_se_sabe,-1,1,0,0,0,1,1,0,-6.254178,-77.859004,cola_kafka,1,0,0,1
RC0002548,L002548,F0007,2025-06-14,TEC08,Si,42,1,0,1,1,1,0,0,-6.197391,-77.905123,dashboard_acopio,3,1,1,0
RC0002549,L002549,F0018,2026-06-12,TEC07,Si,11,0,1,0,0,1,0,0,-6.222611,-77.902575,cola_kafka,1,0,1,0
RC0002550,L002550,F0102,2026-06-06,TEC09,Si,2,0,0,1,1,1,1,1,-6.276796,-77.945235,cola_kafka,2,0,1,0
RC0002551,L002551,F0072,2025-07-07,TEC01,Si,37,0,0,0,1,1,1,1,-6.083389,-77.826857,dashboard_acopio,1,0,1,0
RC0002552,L002552,F0087,2026-08-11,TEC01,Si,29,0,0,0,0,0,1,1,-6.208158,-77.798358,cola_kafka,0,0,1,0
RC0002553,L002553,F0116,2026-07-28,TEC11,No,-1,0,0,0,0,0,1,0,-6.225323,-77.848204,cola_kafka,0,0,0,0
RC0002554,L002554,F0112,2025-05-24,TEC12,Si,29,0,1,0,1,1,0,0,-6.276175,-77.862856,dashboard_acopio,2,0,1,0
RC0002555,L002555,F0007,2026-08-08,TEC09,Si,28,0,1,1,0,1,1,0,-6.197556,-77.905209,dashboard_acopio,2,0,1,0
RC0002556,L002556,F0034,2025-06-24,TEC01,No_se_sabe,-1,0,0,1,1,1,1,1,-6.211644,-77.884787,formulario_campo,2,0,0,1
RC0002557,L002557,F0096,2025-07-12,TEC12,No_se_sabe,-1,1,0,1,1,1,1,0,-6.148142,-77.810059,formulario_campo,3,0,0,1
RC0002558,L002558,F0111,2025-07-05,TEC04,No,-1,0,0,0,0,0,1,1,-6.237561,-77.857308,cola_kafka,0,0,0,0
RC0002559,L002559,F0089,2025-07-07,TEC02,Si,18,1,1,1,1,1,1,0,-6.213568,-77.850519,formulario_campo,4,0,1,0
RC0002560,L002560,F0038,2025-07-16,TEC07,Si,1,0,0,0,0,0,1,1,-6.241573,-77.855673,formulario_campo,0,0,1,0
RC0002561,L002561,F0118,2025-08-23,TEC10,No,-1,1,0,0,0,1,0,1,-6.278367,-77.832851,dashboard_acopio,1,1,0,0
RC0002562,L002562,F0101,2026-08-14,TEC01,Si,36,0,1,1,1,1,1,0,-6.335269,-77.859511,formulario_campo,3,0,1,0
RC0002563,L002563,F0085,2025-05-02,TEC08,Si,4,0,0,0,0,0,0,1,-6.275355,-77.855389,cola_kafka,0,0,1,0
RC0002564,L002564,F0044,2026-04-02,TEC05,No,-1,0,0,0,1,1,0,0,-6.315895,-77.891133,formulario_campo,1,0,0,0
RC0002565,L002565,F0006,2026-05-20,TEC01,No,-1,0,0,0,1,1,1,1,-6.230611,-77.790561,formulario_campo,1,0,0,0
RC0002566,L002566,F0069,2025-07-04,TEC09,Si,30,0,0,0,1,1,1,1,-6.318101,-77.833567,formulario_campo,1,0,1,0
RC0002567,L002567,F0081,2026-08-08,TEC11,No,-1,0,0,0,0,0,0,0,-6.149559,-77.940314,formulario_campo,0,0,0,0
RC0002568,L002568,F0112,2025-09-25,TEC10,Si,41,1,0,1,0,1,0,0,-6.275343,-77.861141,formulario_campo,2,1,1,0
RC0002569,L002569,F0119,2025-07-29,TEC03,Si,17,0,0,0,0,0,1,1,-6.221543,-77.901465,formulario_campo,0,0,1,0
RC0002570,L002570,F0101,2026-04-22,TEC07,No_se_sabe,-1,0,0,0,0,0,1,1,-6.335486,-77.859736,formulario_campo,0,0,0,1
RC0002571,L002571,F0068,2025-05-29,TEC12,Si,28,0,0,1,0,1,1,1,-6.154422,-77.879376,formulario_campo,1,0,1,0
RC0002572,L002572,F0047,2026-06-19,TEC06,No_se_sabe,-1,0,0,1,1,1,1,1,-6.189705,-77.798682,cola_kafka,2,0,0,1
RC0002573,L002573,F0102,2025-09-13,TEC06,No_se_sabe,-1,0,1,1,1,1,1,0,-6.276978,-77.943656,dashboard_acopio,3,0,0,1
RC0002574,L002574,F0018,2025-06-07,TEC06,No_se_sabe,-1,0,0,0,1,1,1,1,-6.224554,-77.902614,cola_kafka,1,0,0,1
RC0002575,L002575,F0003,2026-07-20,TEC05,Si,4,1,1,0,0,1,1,0,-6.214255,-77.82112,dashboard_acopio,2,0,1,0
RC0002576,L002576,F0107,2025-08-26,TEC06,No,-1,0,0,0,0,0,1,1,-6.22789,-77.904317,formulario_campo,0,0,0,0
RC0002577,L002577,F0047,2026-08-17,TEC01,No_se_sabe,-1,1,0,1,0,1,1,0,-6.188738,-77.798069,cola_kafka,2,0,0,1
RC0002578,L002578,F0043,2026-06-27,TEC07,Si,35,1,0,0,1,1,1,1,-6.171847,-77.944926,cola_kafka,2,0,1,0
RC0002579,L002579,F0016,2026-07-10,TEC12,No,-1,0,1,0,0,1,1,1,-6.243842,-77.87525,cola_kafka,1,0,0,0
RC0002580,L002580,F0091,2025-02-25,TEC08,No,-1,1,1,1,1,1,1,0,-6.220075,-77.876697,cola_kafka,4,0,0,0
RC0002581,L002581,F0055,2026-01-08,TEC10,No_se_sabe,-1,0,0,0,0,0,1,1,-6.241547,-77.881108,cola_kafka,0,0,0,1
RC0002582,L002582,F0046,2025-03-28,TEC10,No,-1,0,0,0,1,1,1,1,-6.27963,-77.88195,dashboard_acopio,1,0,0,0
RC0002583,L002583,F0090,2025-02-08,TEC02,Si,10,0,1,0,0,1,1,1,-6.197873,-77.81913,formulario_campo,1,0,1,0
RC0002584,L002584,F0039,2026-03-30,TEC02,Si,31,0,0,1,0,1,1,1,-6.220767,-77.782692,formulario_campo,1,0,1,0
RC0002585,L002585,F0059,2025-08-31,TEC05,Si,43,0,0,0,0,0,0,1,-6.249708,-77.973095,dashboard_acopio,0,0,1,0
RC0002586,L002586,F0116,2026-04-30,TEC02,Si,39,0,0,0,1,1,1,1,-6.225672,-77.848374,dashboard_acopio,1,0,1,0
RC0002587,L002587,F0080,2025-06-13,TEC12,No,-1,0,0,0,1,1,0,1,-6.26873,-77.912184,formulario_campo,1,0,0,0
RC0002588,L002588,F0091,2026-04-01,TEC07,No,-1,1,0,0,0,1,0,0,-6.21908,-77.876621,cola_kafka,1,1,0,0
RC0002589,L002589,F0051,2025-08-26,TEC09,Si,1,0,1,1,0,1,0,0,-6.226108,-77.931806,formulario_campo,2,0,1,0
RC0002590,L002590,F0087,2025-09-26,TEC05,No,-1,1,0,1,1,1,0,0,-6.208257,-77.797417,cola_kafka,3,1,0,0
RC0002591,L002591,F0114,2025-08-11,TEC02,Si,6,0,0,0,1,1,1,0,-6.301212,-77.849149,formulario_campo,1,0,1,0
RC0002592,L002592,F0008,2025-07-23,TEC06,Si,42,1,1,0,1,1,0,0,-6.280356,-77.904755,cola_kafka,3,1,1,0
RC0002593,L002593,F0089,2025-04-09,TEC10,Si,2,1,1,0,1,1,0,0,-6.213798,-77.848462,formulario_campo,3,1,1,0
RC0002594,L002594,F0017,2026-04-13,TEC12,Si,1,0,0,1,0,1,0,0,-6.271588,-77.855893,formulario_campo,1,0,1,0
RC0002595,L002595,F0093,2025-06-16,TEC01,Si,12,1,1,1,0,1,0,0,-6.244046,-77.905012,formulario_campo,3,1,1,0
RC0002596,L002596,F0111,2025-06-15,TEC12,No_se_sabe,-1,0,0,0,1,1,0,1,-6.236807,-77.857936,formulario_campo,1,0,0,1
RC0002597,L002597,F0108,2026-02-01,TEC12,Si,5,1,0,0,0,1,1,1,-6.215831,-77.819772,cola_kafka,1,0,1,0
RC0002598,L002598,F0076,2026-07-31,TEC09,Si,37,0,0,0,0,0,1,1,-6.314347,-77.906998,formulario_campo,0,0,1,0
RC0002599,L002599,F0010,2025-07-21,TEC02,Si,2,0,0,0,0,0,1,1,-6.259347,-77.875462,formulario_campo,0,0,1,0
RC0002600,L002600,F0003,2025-06-25,TEC06,Si,31,0,0,1,1,1,0,1,-6.215282,-77.820615,dashboard_acopio,2,0,1,0
RC0002601,L002601,F0055,2026-08-17,TEC01,No,-1,0,0,0,0,0,0,1,-6.243449,-77.880487,formulario_campo,0,0,0,0
RC0002602,L002602,F0049,2025-06-28,TEC02,Si,16,0,0,1,1,1,1,1,-6.194727,-77.915088,dashboard_acopio,2,0,1,0
RC0002603,L002603,F0085,2025-04-13,TEC08,No_se_sabe,-1,1,0,1,0,1,0,0,-6.275026,-77.854296,cola_kafka,2,1,0,1
RC0002604,L002604,F0044,2026-07-28,TEC12,No,-1,0,0,1,1,1,1,1,-6.317212,-77.890802,dashboard_acopio,2,0,0,0
RC0002605,L002605,F0098,2025-06-05,TEC06,Si,11,0,1,0,1,1,0,0,-6.21147,-77.898779,formulario_campo,2,0,1,0
RC0002606,L002606,F0071,2026-06-23,TEC11,Si,18,0,0,0,0,0,1,1,-6.237502,-77.870324,formulario_campo,0,0,1,0
RC0002607,L002607,F0019,2025-08-04,TEC11,No,-1,0,0,1,1,1,0,1,-6.227918,-77.860701,cola_kafka,2,0,0,0
RC0002608,L002608,F0060,2025-08-20,TEC10,No,-1,1,1,1,0,1,1,1,-6.302026,-77.829278,dashboard_acopio,3,0,0,0
RC0002609,L002609,F0087,2026-07-01,TEC08,Si,8,0,0,1,0,1,0,1,-6.208519,-77.799067,dashboard_acopio,1,0,1,0
RC0002610,L002610,F0013,2025-08-10,TEC02,Si,44,1,1,1,1,1,1,0,-6.150179,-77.808478,dashboard_acopio,4,0,1,0
RC0002611,L002611,F0069,2025-06-27,TEC12,Si,1,0,1,1,1,1,0,0,-6.318731,-77.83372,formulario_campo,3,0,1,0
RC0002612,L002612,F0086,2025-07-19,TEC10,No_se_sabe,-1,0,1,1,0,1,1,1,-6.218534,-77.925431,dashboard_acopio,2,0,0,1
RC0002613,L002613,F0119,2026-04-25,TEC02,Si,13,0,1,1,1,1,1,1,-6.220623,-77.900599,formulario_campo,3,0,1,0
RC0002614,L002614,F0056,2026-04-17,TEC11,Si,5,0,0,0,0,0,1,1,-6.207834,-77.902389,dashboard_acopio,0,0,1,0
RC0002615,L002615,F0116,2026-07-08,TEC01,Si,44,0,0,1,0,1,0,0,-6.225782,-77.848535,formulario_campo,1,0,1,0
RC0002616,L002616,F0012,2025-07-02,TEC01,No,-1,0,0,0,0,0,0,1,-6.228779,-77.89863,formulario_campo,0,0,0,0
RC0002617,L002617,F0076,2025-08-31,TEC01,Si,7,0,1,0,0,1,0,0,-6.314954,-77.908643,formulario_campo,1,0,1,0
RC0002618,L002618,F0046,2025-05-04,TEC11,No,-1,0,0,1,0,1,0,0,-6.280674,-77.880744,formulario_campo,1,0,0,0
RC0002619,L002619,F0099,2025-05-14,TEC03,Si,36,0,0,0,1,1,0,1,-6.175544,-77.805854,cola_kafka,1,0,1,0
RC0002620,L002620,F0038,2025-09-14,TEC02,Si,43,0,0,1,0,1,1,1,-6.242844,-77.855309,dashboard_acopio,1,0,1,0
RC0002621,L002621,F0033,2026-05-24,TEC12,Si,34,0,1,0,1,1,0,0,-6.206131,-77.893021,formulario_campo,2,0,1,0
RC0002622,L002622,F0022,2025-09-19,TEC03,No_se_sabe,-1,0,1,0,0,1,0,0,-6.253813,-77.858539,cola_kafka,1,0,0,1
RC0002623,L002623,F0006,2026-06-01,TEC01,No,-1,0,1,0,1,1,1,1,-6.231198,-77.791363,cola_kafka,2,0,0,0
RC0002624,L002624,F0021,2025-12-16,TEC06,No,-1,0,0,0,1,1,1,1,-6.289156,-77.863693,dashboard_acopio,1,0,0,0
RC0002625,L002625,F0120,2025-04-03,TEC06,No,-1,0,0,1,1,1,0,0,-6.222421,-77.875415,cola_kafka,2,0,0,0
RC0002626,L002626,F0004,2026-05-22,TEC02,No,-1,0,1,1,0,1,1,1,-6.261626,-77.963762,formulario_campo,2,0,0,0
RC0002627,L002627,F0085,2025-02-17,TEC08,No,-1,1,1,1,0,1,0,0,-6.275606,-77.85411,formulario_campo,3,1,0,0
RC0002628,L002628,F0074,2025-07-29,TEC07,No_se_sabe,-1,0,0,1,1,1,1,1,-6.272909,-77.868898,dashboard_acopio,2,0,0,1
RC0002629,L002629,F0056,2025-02-10,TEC01,Si,28,0,0,0,1,1,0,0,-6.208073,-77.902171,formulario_campo,1,0,1,0
RC0002630,L002630,F0088,2025-05-10,TEC03,Si,1,0,0,1,0,1,1,1,-6.277549,-77.845924,formulario_campo,1,0,1,0
RC0002631,L002631,F0047,2025-07-14,TEC02,No,-1,0,0,1,0,1,1,1,-6.18966,-77.798236,dashboard_acopio,1,0,0,0
RC0002632,L002632,F0022,2026-02-11,TEC11,No_se_sabe,-1,0,0,0,0,0,1,1,-6.253834,-77.858029,formulario_campo,0,0,0,1
RC0002633,L002633,F0022,2026-05-01,TEC01,Si,32,0,1,0,0,1,1,1,-6.253226,-77.858283,cola_kafka,1,0,1,0
RC0002634,L002634,F0111,2025-04-06,TEC02,Si,13,1,1,1,0,1,0,0,-6.237004,-77.857726,formulario_campo,3,1,1,0
RC0002635,L002635,F0047,2026-04-03,TEC03,No_se_sabe,-1,0,0,0,0,0,1,1,-6.189582,-77.797056,formulario_campo,0,0,0,1
RC0002636,L002636,F0060,2026-06-02,TEC11,Si,9,1,0,0,0,1,1,1,-6.300611,-77.828893,formulario_campo,1,0,1,0
RC0002637,L002637,F0085,2025-09-24,TEC10,No_se_sabe,-1,1,1,0,1,1,1,1,-6.275698,-77.853639,formulario_campo,3,0,0,1
RC0002638,L002638,F0038,2025-06-19,TEC07,No,-1,1,1,0,0,1,0,0,-6.241641,-77.855667,formulario_campo,2,1,0,0
RC0002639,L002639,F0118,2026-08-04,TEC07,No_se_sabe,-1,0,1,0,0,1,1,1,-6.277867,-77.833798,formulario_campo,1,0,0,1
RC0002640,L002640,F0017,2025-09-30,TEC07,Si,13,1,0,0,0,1,1,1,-6.272827,-77.856395,formulario_campo,1,0,1,0
RC0002641,L002641,F0009,2025-05-09,TEC06,No,-1,1,0,0,0,1,1,1,-6.27342,-77.826011,formulario_campo,1,0,0,0
RC0002642,L002642,F0059,2026-06-24,TEC06,No_se_sabe,-1,1,0,0,0,1,0,1,-6.248494,-77.974481,formulario_campo,1,1,0,1
RC0002643,L002643,F0025,2025-04-29,TEC08,Si,17,1,1,1,1,1,1,0,-6.23175,-77.955876,formulario_campo,4,0,1,0
RC0002644,L002644,F0113,2026-07-04,TEC04,No_se_sabe,-1,1,0,0,1,1,0,1,-6.2088,-77.889054,formulario_campo,2,1,0,1
RC0002645,L002645,F0060,2026-04-10,TEC06,Si,27,1,0,0,0,1,0,0,-6.300263,-77.829789,formulario_campo,1,1,1,0
RC0002646,L002646,F0091,2025-08-20,TEC08,No,-1,1,1,0,0,1,1,1,-6.220254,-77.875979,formulario_campo,2,0,0,0
RC0002647,L002647,F0002,2026-04-15,TEC01,Si,36,1,1,1,0,1,1,0,-6.219801,-77.931875,formulario_campo,3,0,1,0
RC0002648,L002648,F0017,2025-09-03,TEC07,No,-1,0,0,0,0,0,1,0,-6.270955,-77.856869,formulario_campo,0,0,0,0
RC0002649,L002649,F0050,2025-06-03,TEC11,No_se_sabe,-1,0,0,0,0,0,1,1,-6.300477,-77.91465,cola_kafka,0,0,0,1
RC0002650,L002650,F0104,2026-08-22,TEC03,No,-1,1,1,0,0,1,1,0,-6.210061,-77.862784,dashboard_acopio,2,0,0,0
RC0002651,L002651,F0116,2025-07-11,TEC08,No,-1,1,0,0,1,1,1,1,-6.225318,-77.849294,cola_kafka,2,0,0,0
RC0002652,L002652,F0109,2026-06-27,TEC02,Si,36,1,1,1,0,1,1,0,-6.251347,-77.891388,formulario_campo,3,0,1,0
RC0002653,L002653,F0016,2025-11-08,TEC11,No,-1,1,0,0,0,1,1,1,-6.24336,-77.875588,cola_kafka,1,0,0,0
RC0002654,L002654,F0019,2026-07-07,TEC11,Si,30,1,0,1,0,1,0,0,-6.228126,-77.861069,formulario_campo,2,1,1,0
RC0002655,L002655,F0103,2025-06-23,TEC01,No_se_sabe,-1,0,0,0,1,1,1,1,-6.177031,-77.917238,formulario_campo,1,0,0,1
RC0002656,L002656,F0085,2026-08-31,TEC06,No_se_sabe,-1,1,0,0,0,1,0,1,-6.276571,-77.854139,formulario_campo,1,1,0,1
RC0002657,L002657,F0024,2026-06-07,TEC01,Si,7,0,0,0,0,0,1,1,-6.335907,-77.802633,formulario_campo,0,0,1,0
RC0002658,L002658,F0029,2025-09-04,TEC09,No,-1,1,0,0,0,1,1,0,-6.193897,-77.843298,dashboard_acopio,1,0,0,0
RC0002659,L002659,F0103,2025-09-02,TEC09,Si,36,0,0,1,0,1,1,1,-6.178733,-77.916754,formulario_campo,1,0,1,0
RC0002660,L002660,F0004,2025-09-22,TEC01,No,-1,1,0,0,1,1,1,0,-6.260981,-77.963496,formulario_campo,2,0,0,0
RC0002661,L002661,F0069,2025-06-10,TEC07,Si,11,1,1,1,1,1,0,0,-6.317587,-77.832891,cola_kafka,4,1,1,0
RC0002662,L002662,F0012,2026-06-16,TEC04,Si,15,0,0,1,1,1,1,1,-6.229285,-77.897824,dashboard_acopio,2,0,1,0
RC0002663,L002663,F0006,2025-07-27,TEC01,No,-1,0,0,1,0,1,1,1,-6.232103,-77.79126,formulario_campo,1,0,0,0
RC0002664,L002664,F0118,2025-08-20,TEC06,Si,32,1,0,0,1,1,1,1,-6.276883,-77.833206,formulario_campo,2,0,1,0
RC0002665,L002665,F0034,2025-08-09,TEC03,Si,15,0,0,0,1,1,1,1,-6.210731,-77.883674,dashboard_acopio,1,0,1,0
RC0002666,L002666,F0047,2025-06-09,TEC09,Si,7,0,0,0,0,0,1,0,-6.189225,-77.797849,cola_kafka,0,0,1,0
RC0002667,L002667,F0043,2025-09-11,TEC09,No,-1,1,1,1,0,1,1,0,-6.171583,-77.944066,cola_kafka,3,0,0,0
RC0002668,L002668,F0033,2026-07-02,TEC10,No,-1,0,0,1,1,1,1,1,-6.206789,-77.894036,formulario_campo,2,0,0,0
RC0002669,L002669,F0111,2026-03-21,TEC08,No,-1,1,0,0,1,1,1,1,-6.236861,-77.857086,dashboard_acopio,2,0,0,0
RC0002670,L002670,F0108,2026-05-27,TEC10,Si,23,1,1,0,0,1,0,0,-6.216671,-77.820295,formulario_campo,2,1,1,0
RC0002671,L002671,F0105,2025-05-06,TEC08,Si,11,0,1,0,1,1,0,1,-6.236375,-77.88044,dashboard_acopio,2,0,1,0
RC0002672,L002672,F0110,2026-05-05,TEC11,Si,43,0,0,0,1,1,1,1,-6.27149,-77.878642,formulario_campo,1,0,1,0
RC0002673,L002673,F0029,2025-04-22,TEC09,No_se_sabe,-1,0,0,0,0,0,1,1,-6.193651,-77.844776,cola_kafka,0,0,0,1
RC0002674,L002674,F0106,2025-09-20,TEC01,Si,14,1,1,1,0,1,0,0,-6.252545,-77.83743,cola_kafka,3,1,1,0
RC0002675,L002675,F0085,2025-09-05,TEC09,Si,37,0,0,0,0,0,1,1,-6.276293,-77.853562,formulario_campo,0,0,1,0
RC0002676,L002676,F0116,2026-04-28,TEC11,Si,30,0,0,0,1,1,1,1,-6.227021,-77.84765,dashboard_acopio,1,0,1,0
RC0002677,L002677,F0002,2026-05-25,TEC08,No,-1,0,1,0,1,1,1,1,-6.218791,-77.932017,formulario_campo,2,0,0,0
RC0002678,L002678,F0002,2025-04-09,TEC04,No_se_sabe,-1,0,0,0,0,0,1,1,-6.218406,-77.932745,formulario_campo,0,0,0,1
RC0002679,L002679,F0118,2025-07-17,TEC03,No,-1,0,0,0,1,1,1,1,-6.276829,-77.833247,formulario_campo,1,0,0,0
RC0002680,L002680,F0086,2026-04-07,TEC03,Si,41,1,1,0,0,1,0,0,-6.218635,-77.926233,cola_kafka,2,1,1,0
RC0002681,L002681,F0098,2025-08-31,TEC09,Si,1,0,0,0,1,1,1,1,-6.211333,-77.898243,formulario_campo,1,0,1,0
RC0002682,L002682,F0023,2026-08-17,TEC09,No,-1,0,0,0,1,1,1,0,-6.160389,-77.836629,formulario_campo,1,0,0,0
RC0002683,L002683,F0095,2025-09-23,TEC08,No,-1,1,1,0,0,1,0,0,-6.27757,-77.861904,cola_kafka,2,1,0,0
RC0002684,L002684,F0006,2026-04-05,TEC11,No,-1,0,0,0,0,0,1,1,-6.232664,-77.791321,formulario_campo,0,0,0,0
RC0002685,L002685,F0054,2026-06-23,TEC03,No,-1,0,1,0,0,1,1,1,-6.1947,-77.866316,cola_kafka,1,0,0,0
RC0002686,L002686,F0038,2026-02-17,TEC05,No,-1,0,0,0,0,0,0,0,-6.24312,-77.854921,formulario_campo,0,0,0,0
RC0002687,L002687,F0037,2025-04-15,TEC05,No_se_sabe,-1,0,0,0,1,1,0,0,-6.202243,-77.860089,formulario_campo,1,0,0,1
RC0002688,L002688,F0044,2025-04-16,TEC05,No_se_sabe,-1,1,0,0,0,1,0,0,-6.316223,-77.889948,formulario_campo,1,1,0,1
RC0002689,L002689,F0002,2025-05-07,TEC06,No,-1,1,0,1,0,1,0,0,-6.218779,-77.931769,dashboard_acopio,2,1,0,0
RC0002690,L002690,F0037,2026-08-10,TEC01,Si,11,0,1,0,0,1,1,1,-6.202916,-77.860252,dashboard_acopio,1,0,1,0
RC0002691,L002691,F0054,2026-04-11,TEC04,No_se_sabe,-1,0,0,0,0,0,1,1,-6.194277,-77.865782,formulario_campo,0,0,0,1
RC0002692,L002692,F0045,2025-06-23,TEC05,Si,21,0,0,0,0,0,1,1,-6.249717,-77.829237,cola_kafka,0,0,1,0
RC0002693,L002693,F0003,2026-07-07,TEC10,No_se_sabe,-1,0,0,0,0,0,0,1,-6.214294,-77.819998,cola_kafka,0,0,0,1
RC0002694,L002694,F0002,2025-08-11,TEC11,No,-1,0,0,0,1,1,1,1,-6.219236,-77.930783,formulario_campo,1,0,0,0
RC0002695,L002695,F0076,2026-05-20,TEC08,Si,5,0,0,0,0,0,1,1,-6.315052,-77.908773,formulario_campo,0,0,1,0
RC0002696,L002696,F0070,2026-06-16,TEC01,No,-1,1,0,0,0,1,0,0,-6.190217,-77.846259,formulario_campo,1,1,0,0
RC0002697,L002697,F0007,2026-06-09,TEC04,No_se_sabe,-1,0,1,1,1,1,1,1,-6.197619,-77.904386,formulario_campo,3,0,0,1
RC0002698,L002698,F0081,2025-08-23,TEC12,No,-1,1,0,0,0,1,1,0,-6.149767,-77.94005,formulario_campo,1,0,0,0
RC0002699,L002699,F0044,2025-01-22,TEC09,No_se_sabe,-1,0,0,0,0,0,0,0,-6.315604,-77.890176,dashboard_acopio,0,0,0,1
RC0002700,L002700,F0025,2026-08-21,TEC03,No_se_sabe,-1,0,0,1,1,1,0,0,-6.232377,-77.956562,cola_kafka,2,0,0,1
RC0002701,L002701,F0028,2025-08-02,TEC12,No_se_sabe,-1,0,0,0,0,0,1,1,-6.23403,-77.853247,cola_kafka,0,0,0,1
RC0002702,L002702,F0083,2026-06-22,TEC11,No_se_sabe,-1,0,0,1,1,1,1,1,-6.167456,-77.892366,cola_kafka,2,0,0,1
RC0002703,L002703,F0055,2025-04-03,TEC02,Si,31,0,1,1,0,1,1,0,-6.241501,-77.879324,cola_kafka,2,0,1,0
RC0002704,L002704,F0066,2025-04-29,TEC02,Si,40,0,0,1,0,1,0,0,-6.261957,-77.810087,formulario_campo,1,0,1,0
RC0002705,L002705,F0006,2026-05-01,TEC09,No,-1,1,1,0,0,1,0,0,-6.230902,-77.789668,formulario_campo,2,1,0,0
RC0002706,L002706,F0025,2025-04-01,TEC10,Si,13,0,0,0,0,0,1,1,-6.230902,-77.955462,formulario_campo,0,0,1,0
RC0002707,L002707,F0085,2025-06-19,TEC08,No,-1,0,0,0,0,0,1,1,-6.27511,-77.854676,cola_kafka,0,0,0,0
RC0002708,L002708,F0023,2026-08-17,TEC12,No,-1,1,0,1,0,1,0,1,-6.161743,-77.837093,cola_kafka,2,1,0,0
RC0002709,L002709,F0003,2025-12-04,TEC02,No,-1,0,1,1,0,1,0,0,-6.214382,-77.820674,formulario_campo,2,0,0,0
RC0002710,L002710,F0067,2026-08-17,TEC06,Si,25,0,1,0,1,1,0,0,-6.268213,-77.76801,formulario_campo,2,0,1,0
RC0002711,L002711,F0119,2025-05-30,TEC02,Si,27,0,0,0,1,1,1,1,-6.220857,-77.901422,formulario_campo,1,0,1,0
RC0002712,L002712,F0099,2026-03-18,TEC07,Si,23,0,1,0,1,1,1,1,-6.175358,-77.805791,formulario_campo,2,0,1,0
RC0002713,L002713,F0103,2026-04-17,TEC09,Si,9,1,1,1,1,1,0,0,-6.177206,-77.916596,cola_kafka,4,1,1,0
RC0002714,L002714,F0008,2025-09-06,TEC03,No,-1,0,0,0,1,1,0,1,-6.281191,-77.904426,formulario_campo,1,0,0,0
RC0002715,L002715,F0080,2025-08-03,TEC12,No,-1,0,0,0,0,0,1,1,-6.2699,-77.911434,formulario_campo,0,0,0,0
RC0002716,L002716,F0102,2026-04-04,TEC11,Si,18,0,1,0,1,1,1,1,-6.276704,-77.942697,dashboard_acopio,2,0,1,0
RC0002717,L002717,F0075,2025-09-24,TEC04,Si,36,0,1,1,1,1,1,1,-6.229477,-77.936692,formulario_campo,3,0,1,0
RC0002718,L002718,F0086,2026-05-03,TEC09,Si,7,0,0,1,0,1,0,0,-6.218089,-77.925173,dashboard_acopio,1,0,1,0
RC0002719,L002719,F0043,2025-07-11,TEC06,Si,16,0,0,0,1,1,1,1,-6.172365,-77.945944,formulario_campo,1,0,1,0
RC0002720,L002720,F0104,2025-09-06,TEC09,No_se_sabe,-1,1,1,1,1,1,0,0,-6.211125,-77.861761,cola_kafka,4,1,0,1
RC0002721,L002721,F0060,2025-06-04,TEC02,Si,7,1,1,0,1,1,0,0,-6.300713,-77.830534,formulario_campo,3,1,1,0
RC0002722,L002722,F0078,2026-04-14,TEC09,No,-1,0,0,0,0,0,1,1,-6.260811,-77.819721,dashboard_acopio,0,0,0,0
RC0002723,L002723,F0043,2025-08-24,TEC05,Si,16,0,0,1,0,1,1,1,-6.17245,-77.944757,dashboard_acopio,1,0,1,0
RC0002724,L002724,F0038,2025-11-26,TEC02,Si,19,1,1,0,0,1,0,0,-6.241741,-77.855462,cola_kafka,2,1,1,0
RC0002725,L002725,F0008,2026-04-30,TEC08,No_se_sabe,-1,0,0,1,0,1,1,1,-6.280268,-77.904699,formulario_campo,1,0,0,1
RC0002726,L002726,F0025,2026-07-11,TEC01,Si,25,1,0,0,0,1,1,0,-6.232943,-77.956082,formulario_campo,1,0,1,0
RC0002727,L002727,F0085,2025-05-21,TEC04,Si,32,0,1,1,0,1,0,0,-6.274847,-77.854029,cola_kafka,2,0,1,0
RC0002728,L002728,F0007,2026-04-15,TEC01,No,-1,0,0,0,0,0,1,1,-6.196582,-77.902999,dashboard_acopio,0,0,0,0
RC0002729,L002729,F0091,2026-01-24,TEC09,No,-1,0,1,1,1,1,0,0,-6.220435,-77.87643,formulario_campo,3,0,0,0
RC0002730,L002730,F0064,2026-07-14,TEC05,No,-1,0,0,0,0,0,1,1,-6.274554,-77.803549,formulario_campo,0,0,0,0
RC0002731,L002731,F0114,2026-04-24,TEC12,Si,31,0,1,1,0,1,0,0,-6.302222,-77.849619,formulario_campo,2,0,1,0
RC0002732,L002732,F0029,2025-02-07,TEC10,No,-1,1,0,1,0,1,1,0,-6.193455,-77.844959,dashboard_acopio,2,0,0,0
RC0002733,L002733,F0034,2025-05-09,TEC05,No,-1,0,0,0,1,1,0,0,-6.211787,-77.884665,cola_kafka,1,0,0,0
RC0002734,L002734,F0005,2025-06-23,TEC01,No_se_sabe,-1,1,1,0,1,1,1,0,-6.203966,-77.897792,dashboard_acopio,3,0,0,1
RC0002735,L002735,F0114,2025-09-22,TEC08,No_se_sabe,-1,1,0,1,1,1,0,0,-6.30169,-77.84996,cola_kafka,3,1,0,1
RC0002736,L002736,F0013,2025-09-30,TEC02,Si,14,1,0,1,0,1,1,0,-6.149882,-77.80726,dashboard_acopio,2,0,1,0
RC0002737,L002737,F0067,2026-04-23,TEC10,No,-1,0,0,1,1,1,0,0,-6.267463,-77.768343,cola_kafka,2,0,0,0
RC0002738,L002738,F0021,2025-05-09,TEC09,No,-1,1,0,0,0,1,1,1,-6.287827,-77.862871,dashboard_acopio,1,0,0,0
RC0002739,L002739,F0020,2025-06-04,TEC08,No_se_sabe,-1,1,0,0,0,1,0,0,-6.202981,-77.890365,formulario_campo,1,1,0,1
RC0002740,L002740,F0098,2025-10-20,TEC08,No_se_sabe,-1,0,0,1,0,1,0,1,-6.210762,-77.899144,formulario_campo,1,0,0,1
RC0002741,L002741,F0031,2025-08-15,TEC05,No,-1,0,0,1,0,1,1,1,-6.245809,-77.931658,formulario_campo,1,0,0,0
RC0002742,L002742,F0073,2026-06-14,TEC03,No,-1,0,0,0,0,0,1,1,-6.195458,-77.917585,cola_kafka,0,0,0,0
RC0002743,L002743,F0051,2025-06-27,TEC10,No_se_sabe,-1,0,0,0,0,0,1,1,-6.225459,-77.931943,dashboard_acopio,0,0,0,1
RC0002744,L002744,F0033,2025-09-20,TEC07,No,-1,1,0,0,0,1,1,0,-6.20677,-77.892387,formulario_campo,1,0,0,0
RC0002745,L002745,F0098,2025-07-18,TEC10,No,-1,0,0,1,1,1,0,1,-6.210743,-77.899149,formulario_campo,2,0,0,0
RC0002746,L002746,F0072,2026-06-28,TEC09,No,-1,1,0,0,0,1,1,1,-6.084557,-77.827555,formulario_campo,1,0,0,0
RC0002747,L002747,F0063,2025-04-08,TEC09,No,-1,0,0,1,0,1,1,0,-6.242547,-77.958996,formulario_campo,1,0,0,0
RC0002748,L002748,F0108,2025-12-14,TEC01,Si,37,0,0,0,0,0,1,1,-6.217449,-77.818989,formulario_campo,0,0,1,0
RC0002749,L002749,F0045,2026-04-30,TEC07,No_se_sabe,-1,0,0,0,1,1,1,1,-6.24914,-77.828832,dashboard_acopio,1,0,0,1
RC0002750,L002750,F0018,2026-04-29,TEC08,No,-1,1,0,1,1,1,0,0,-6.224256,-77.90313,formulario_campo,3,1,0,0
RC0002751,L002751,F0021,2025-06-28,TEC11,Si,40,0,0,0,1,1,1,1,-6.289289,-77.863663,formulario_campo,1,0,1,0
RC0002752,L002752,F0026,2026-08-12,TEC03,No,-1,0,0,1,0,1,1,0,-6.235098,-77.771514,cola_kafka,1,0,0,0
RC0002753,L002753,F0087,2026-05-03,TEC10,No,-1,0,0,0,0,0,1,1,-6.208179,-77.798595,formulario_campo,0,0,0,0
RC0002754,L002754,F0093,2025-05-16,TEC06,No,-1,0,0,0,0,0,1,1,-6.24276,-77.905481,formulario_campo,0,0,0,0
RC0002755,L002755,F0110,2026-05-30,TEC11,No,-1,1,0,0,0,1,1,1,-6.27322,-77.879153,cola_kafka,1,0,0,0
RC0002756,L002756,F0005,2025-08-04,TEC12,No_se_sabe,-1,0,0,0,1,1,1,1,-6.205101,-77.89751,dashboard_acopio,1,0,0,1
RC0002757,L002757,F0086,2025-09-03,TEC09,No_se_sabe,-1,0,0,0,1,1,1,1,-6.219072,-77.924854,formulario_campo,1,0,0,1
RC0002758,L002758,F0061,2025-04-20,TEC03,No_se_sabe,-1,0,0,1,1,1,1,1,-6.242415,-77.863128,formulario_campo,2,0,0,1
RC0002759,L002759,F0072,2025-03-31,TEC03,No,-1,1,0,1,0,1,1,0,-6.083336,-77.827123,dashboard_acopio,2,0,0,0
RC0002760,L002760,F0050,2026-08-13,TEC02,Si,12,1,0,0,0,1,1,1,-6.300876,-77.914614,formulario_campo,1,0,1,0
RC0002761,L002761,F0040,2025-08-20,TEC12,Si,19,0,0,1,0,1,1,1,-6.172998,-77.909,cola_kafka,1,0,1,0
RC0002762,L002762,F0089,2026-05-17,TEC12,No,-1,0,0,0,0,0,1,1,-6.213333,-77.850011,dashboard_acopio,0,0,0,0
RC0002763,L002763,F0003,2025-04-05,TEC11,No_se_sabe,-1,1,0,0,1,1,0,0,-6.214678,-77.81941,dashboard_acopio,2,1,0,1
RC0002764,L002764,F0044,2025-08-05,TEC04,No,-1,0,0,1,0,1,1,1,-6.317107,-77.890083,formulario_campo,1,0,0,0
RC0002765,L002765,F0023,2026-07-23,TEC04,No,-1,0,0,0,1,1,1,1,-6.159749,-77.837244,dashboard_acopio,1,0,0,0
RC0002766,L002766,F0116,2025-04-12,TEC07,No,-1,0,0,0,1,1,1,1,-6.224315,-77.846652,formulario_campo,1,0,0,0
RC0002767,L002767,F0061,2026-07-17,TEC05,No,-1,1,0,1,0,1,1,0,-6.243082,-77.862312,dashboard_acopio,2,0,0,0
RC0002768,L002768,F0081,2025-06-03,TEC01,No_se_sabe,-1,1,0,0,0,1,0,0,-6.148804,-77.939977,formulario_campo,1,1,0,1
RC0002769,L002769,F0010,2025-10-07,TEC06,No,-1,1,1,1,0,1,1,0,-6.259023,-77.875377,dashboard_acopio,3,0,0,0
RC0002770,L002770,F0026,2026-05-18,TEC04,No_se_sabe,-1,0,0,0,0,0,1,1,-6.234522,-77.771288,formulario_campo,0,0,0,1
RC0002771,L002771,F0120,2025-04-01,TEC10,No,-1,0,1,0,1,1,1,0,-6.220925,-77.8742,formulario_campo,2,0,0,0
RC0002772,L002772,F0040,2026-05-23,TEC10,Si,27,1,0,1,1,1,0,0,-6.173399,-77.908584,formulario_campo,3,1,1,0
RC0002773,L002773,F0028,2025-08-04,TEC05,No_se_sabe,-1,0,0,1,0,1,1,1,-6.232023,-77.853783,formulario_campo,1,0,0,1
RC0002774,L002774,F0095,2026-04-05,TEC07,No,-1,1,0,0,1,1,0,0,-6.279068,-77.861217,formulario_campo,2,1,0,0
RC0002775,L002775,F0103,2026-03-23,TEC02,No_se_sabe,-1,0,0,1,1,1,0,1,-6.177988,-77.917324,formulario_campo,2,0,0,1
RC0002776,L002776,F0078,2025-07-14,TEC03,No_se_sabe,-1,0,0,1,1,1,1,1,-6.260348,-77.81908,cola_kafka,2,0,0,1
RC0002777,L002777,F0006,2026-06-11,TEC10,No,-1,0,1,0,0,1,0,0,-6.232333,-77.790972,cola_kafka,1,0,0,0
RC0002778,L002778,F0002,2025-06-13,TEC06,No,-1,0,0,0,0,0,1,0,-6.219076,-77.932836,formulario_campo,0,0,0,0
RC0002779,L002779,F0055,2026-04-12,TEC08,Si,24,1,1,1,0,1,0,0,-6.242964,-77.880392,formulario_campo,3,1,1,0
RC0002780,L002780,F0075,2025-09-21,TEC04,Si,41,0,0,0,0,0,1,1,-6.228621,-77.937126,formulario_campo,0,0,1,0
RC0002781,L002781,F0008,2025-09-27,TEC07,No,-1,0,0,0,0,0,1,1,-6.280607,-77.904497,formulario_campo,0,0,0,0
RC0002782,L002782,F0025,2026-08-27,TEC05,No_se_sabe,-1,0,0,1,0,1,1,1,-6.232246,-77.955642,formulario_campo,1,0,0,1
RC0002783,L002783,F0010,2026-05-19,TEC04,Si,32,0,0,0,0,0,1,1,-6.260369,-77.876177,formulario_campo,0,0,1,0
RC0002784,L002784,F0119,2025-07-21,TEC08,No,-1,1,0,0,0,1,1,1,-6.220181,-77.900746,dashboard_acopio,1,0,0,0
RC0002785,L002785,F0066,2026-07-27,TEC07,No_se_sabe,-1,0,1,0,1,1,1,1,-6.26199,-77.809948,formulario_campo,2,0,0,1
RC0002786,L002786,F0049,2025-04-21,TEC05,No,-1,1,0,0,1,1,0,0,-6.194592,-77.914049,formulario_campo,2,1,0,0
RC0002787,L002787,F0077,2025-04-07,TEC10,Si,39,0,1,0,0,1,0,0,-6.22742,-77.836092,dashboard_acopio,1,0,1,0
RC0002788,L002788,F0096,2026-06-23,TEC10,No,-1,1,0,1,0,1,1,0,-6.14619,-77.809632,cola_kafka,2,0,0,0
RC0002789,L002789,F0084,2025-09-15,TEC07,No,-1,1,0,1,1,1,1,1,-6.173196,-77.856587,cola_kafka,3,0,0,0
RC0002790,L002790,F0081,2025-04-14,TEC03,Si,37,1,0,0,1,1,0,1,-6.149971,-77.940835,formulario_campo,2,1,1,0
RC0002791,L002791,F0090,2025-05-17,TEC07,Si,5,0,0,1,1,1,1,1,-6.199023,-77.819035,formulario_campo,2,0,1,0
RC0002792,L002792,F0074,2026-04-17,TEC07,No,-1,0,1,1,1,1,1,0,-6.273366,-77.870585,dashboard_acopio,3,0,0,0
RC0002793,L002793,F0047,2026-07-29,TEC09,Si,5,0,0,1,0,1,1,0,-6.18903,-77.79774,formulario_campo,1,0,1,0
RC0002794,L002794,F0055,2025-03-14,TEC11,No,-1,0,0,0,0,0,1,1,-6.241885,-77.880458,formulario_campo,0,0,0,0
RC0002795,L002795,F0112,2025-05-26,TEC04,No_se_sabe,-1,1,1,0,0,1,0,0,-6.276659,-77.861457,formulario_campo,2,1,0,1
RC0002796,L002796,F0077,2026-08-07,TEC05,Si,35,0,0,0,1,1,1,1,-6.227566,-77.836388,dashboard_acopio,1,0,1,0
RC0002797,L002797,F0112,2026-07-16,TEC02,Si,5,0,0,1,0,1,1,1,-6.278195,-77.860796,dashboard_acopio,1,0,1,0
RC0002798,L002798,F0104,2025-05-02,TEC03,Si,34,0,0,0,1,1,1,1,-6.209445,-77.863016,formulario_campo,1,0,1,0
RC0002799,L002799,F0073,2026-06-17,TEC03,No_se_sabe,-1,0,0,0,0,0,1,1,-6.194835,-77.918265,dashboard_acopio,0,0,0,1
RC0002800,L002800,F0025,2025-06-01,TEC12,Si,32,0,0,0,1,1,1,1,-6.232473,-77.957252,dashboard_acopio,1,0,1,0
RC0002801,L002801,F0031,2025-05-11,TEC07,No_se_sabe,-1,1,1,0,0,1,1,1,-6.246156,-77.931054,formulario_campo,2,0,0,1
RC0002802,L002802,F0059,2025-06-11,TEC12,No,-1,0,0,0,1,1,1,1,-6.249157,-77.973476,formulario_campo,1,0,0,0
RC0002803,L002803,F0066,2026-04-22,TEC02,Si,35,0,1,0,0,1,0,1,-6.26191,-77.809342,dashboard_acopio,1,0,1,0
RC0002804,L002804,F0074,2025-05-27,TEC08,No,-1,0,0,1,0,1,0,0,-6.273081,-77.870353,formulario_campo,1,0,0,0
RC0002805,L002805,F0089,2026-06-28,TEC03,Si,16,1,1,0,0,1,0,0,-6.213736,-77.848866,dashboard_acopio,2,1,1,0
RC0002806,L002806,F0010,2025-05-29,TEC12,No_se_sabe,-1,0,0,0,0,0,0,1,-6.258933,-77.875308,formulario_campo,0,0,0,1
RC0002807,L002807,F0069,2025-05-23,TEC07,Si,23,1,0,0,0,1,1,1,-6.318352,-77.833795,formulario_campo,1,0,1,0
RC0002808,L002808,F0049,2025-08-17,TEC10,No_se_sabe,-1,0,0,0,0,0,1,1,-6.194666,-77.915267,dashboard_acopio,0,0,0,1
RC0002809,L002809,F0050,2026-06-23,TEC08,Si,28,0,0,0,0,0,1,1,-6.299532,-77.915092,formulario_campo,0,0,1,0
RC0002810,L002810,F0071,2026-07-11,TEC11,Si,5,0,0,0,1,1,1,0,-6.236177,-77.870666,formulario_campo,1,0,1,0
RC0002811,L002811,F0038,2026-08-25,TEC04,No,-1,0,1,1,0,1,1,0,-6.242408,-77.855367,dashboard_acopio,2,0,0,0
RC0002812,L002812,F0022,2026-05-05,TEC08,Si,22,0,1,0,1,1,1,0,-6.254299,-77.857222,dashboard_acopio,2,0,1,0
RC0002813,L002813,F0120,2026-05-15,TEC04,No,-1,0,0,0,0,0,1,1,-6.22101,-77.875464,dashboard_acopio,0,0,0,0
RC0002814,L002814,F0054,2026-08-12,TEC07,No_se_sabe,-1,0,0,0,0,0,1,1,-6.195446,-77.865182,cola_kafka,0,0,0,1
RC0002815,L002815,F0038,2026-08-17,TEC04,No,-1,0,0,1,0,1,1,1,-6.242789,-77.855803,formulario_campo,1,0,0,0
RC0002816,L002816,F0056,2025-04-05,TEC01,No_se_sabe,-1,0,1,0,0,1,1,1,-6.209265,-77.901216,dashboard_acopio,1,0,0,1
RC0002817,L002817,F0060,2026-06-26,TEC09,No,-1,0,0,0,1,1,0,0,-6.300602,-77.830839,cola_kafka,1,0,0,0
RC0002818,L002818,F0020,2025-01-14,TEC08,Si,6,1,0,0,0,1,1,1,-6.202191,-77.891117,formulario_campo,1,0,1,0
RC0002819,L002819,F0120,2025-01-09,TEC11,Si,18,1,1,1,0,1,0,0,-6.220846,-77.87588,formulario_campo,3,1,1,0
RC0002820,L002820,F0022,2025-11-08,TEC04,No,-1,0,0,1,1,1,0,1,-6.253466,-77.857695,formulario_campo,2,0,0,0
RC0002821,L002821,F0080,2025-09-10,TEC10,No,-1,0,0,0,0,0,1,1,-6.268314,-77.912379,formulario_campo,0,0,0,0
RC0002822,L002822,F0004,2026-04-25,TEC02,No,-1,1,0,1,1,1,1,1,-6.260801,-77.963494,formulario_campo,3,0,0,0
RC0002823,L002823,F0050,2025-09-22,TEC02,No_se_sabe,-1,1,1,1,0,1,0,0,-6.298525,-77.914745,cola_kafka,3,1,0,1
RC0002824,L002824,F0030,2026-03-01,TEC01,Si,7,0,0,0,0,0,1,1,-6.20835,-77.903532,formulario_campo,0,0,1,0
RC0002825,L002825,F0023,2025-05-30,TEC04,No,-1,0,0,0,0,0,1,1,-6.161025,-77.835749,dashboard_acopio,0,0,0,0
RC0002826,L002826,F0108,2026-07-27,TEC04,Si,4,1,0,1,0,1,0,0,-6.217003,-77.820773,dashboard_acopio,2,1,1,0
RC0002827,L002827,F0042,2025-08-04,TEC02,Si,27,0,0,0,1,1,1,0,-6.20738,-77.965333,formulario_campo,1,0,1,0
RC0002828,L002828,F0060,2026-04-28,TEC03,Si,36,0,1,1,0,1,1,1,-6.301408,-77.830277,formulario_campo,2,0,1,0
RC0002829,L002829,F0051,2026-07-18,TEC11,No_se_sabe,-1,1,1,1,0,1,0,0,-6.226809,-77.932211,formulario_campo,3,1,0,1
RC0002830,L002830,F0029,2025-09-26,TEC11,No_se_sabe,-1,0,0,0,0,0,1,0,-6.193815,-77.843729,formulario_campo,0,0,0,1
RC0002831,L002831,F0010,2026-08-23,TEC02,Si,37,0,0,0,0,0,0,0,-6.260325,-77.875826,formulario_campo,0,0,1,0
RC0002832,L002832,F0093,2025-04-02,TEC09,No_se_sabe,-1,0,0,1,1,1,1,0,-6.244194,-77.90443,cola_kafka,2,0,0,1
RC0002833,L002833,F0120,2025-05-28,TEC09,Si,7,0,0,0,1,1,1,1,-6.220472,-77.875522,cola_kafka,1,0,1,0
RC0002834,L002834,F0021,2026-08-22,TEC03,Si,31,0,0,1,1,1,0,0,-6.29005,-77.863324,cola_kafka,2,0,1,0
RC0002835,L002835,F0020,2025-05-03,TEC03,Si,13,1,1,1,0,1,1,0,-6.202673,-77.890795,dashboard_acopio,3,0,1,0
RC0002836,L002836,F0069,2025-09-07,TEC09,No_se_sabe,-1,1,0,1,1,1,0,0,-6.319029,-77.833526,cola_kafka,3,1,0,1
RC0002837,L002837,F0090,2026-07-17,TEC10,Si,40,0,0,1,0,1,1,1,-6.198211,-77.81802,dashboard_acopio,1,0,1,0
RC0002838,L002838,F0004,2025-06-17,TEC02,No,-1,0,0,0,0,0,1,1,-6.260195,-77.962062,dashboard_acopio,0,0,0,0
RC0002839,L002839,F0091,2026-05-26,TEC11,No_se_sabe,-1,0,0,1,0,1,1,1,-6.219727,-77.876851,formulario_campo,1,0,0,1
RC0002840,L002840,F0020,2025-07-08,TEC12,No,-1,1,0,0,1,1,1,0,-6.202348,-77.891587,formulario_campo,2,0,0,0
RC0002841,L002841,F0063,2026-04-22,TEC01,No_se_sabe,-1,0,1,1,0,1,1,1,-6.242456,-77.958578,formulario_campo,2,0,0,1
RC0002842,L002842,F0056,2025-04-02,TEC08,Si,38,0,0,1,1,1,1,1,-6.20802,-77.902565,cola_kafka,2,0,1,0
RC0002843,L002843,F0091,2026-08-01,TEC02,Si,37,1,0,0,0,1,0,0,-6.21938,-77.876888,formulario_campo,1,1,1,0
RC0002844,L002844,F0087,2025-05-20,TEC04,No,-1,0,0,1,0,1,0,0,-6.208956,-77.797824,dashboard_acopio,1,0,0,0
RC0002845,L002845,F0039,2026-04-24,TEC04,No_se_sabe,-1,0,0,0,1,1,0,1,-6.221713,-77.782823,dashboard_acopio,1,0,0,1
RC0002846,L002846,F0026,2026-05-24,TEC09,No,-1,0,0,1,1,1,1,1,-6.234551,-77.771152,formulario_campo,2,0,0,0
RC0002847,L002847,F0069,2025-12-22,TEC12,No_se_sabe,-1,0,1,0,0,1,1,0,-6.3161,-77.833962,formulario_campo,1,0,0,1
RC0002848,L002848,F0024,2026-06-08,TEC04,Si,19,0,0,0,1,1,0,1,-6.335524,-77.8022,dashboard_acopio,1,0,1,0
RC0002849,L002849,F0003,2025-12-10,TEC01,Si,19,1,1,1,0,1,1,0,-6.21488,-77.820354,cola_kafka,3,0,1,0
RC0002850,L002850,F0049,2025-08-27,TEC03,No_se_sabe,-1,0,0,0,0,0,1,1,-6.194901,-77.914651,formulario_campo,0,0,0,1
RC0002851,L002851,F0087,2026-06-26,TEC10,No,-1,0,0,1,0,1,1,1,-6.208566,-77.798673,formulario_campo,1,0,0,0
RC0002852,L002852,F0064,2025-04-09,TEC12,Si,17,0,1,0,0,1,0,1,-6.273586,-77.803122,dashboard_acopio,1,0,1,0
RC0002853,L002853,F0116,2025-09-24,TEC02,No_se_sabe,-1,0,1,0,0,1,1,0,-6.225764,-77.847969,cola_kafka,1,0,0,1
RC0002854,L002854,F0061,2025-04-24,TEC06,No,-1,0,0,1,0,1,0,1,-6.24387,-77.863739,dashboard_acopio,1,0,0,0
RC0002855,L002855,F0029,2025-07-25,TEC09,Si,8,0,0,0,1,1,1,0,-6.194329,-77.844111,dashboard_acopio,1,0,1,0
RC0002856,L002856,F0023,2025-06-29,TEC05,No,-1,1,1,0,0,1,0,0,-6.162005,-77.836882,cola_kafka,2,1,0,0
RC0002857,L002857,F0003,2025-06-11,TEC12,Si,41,1,1,0,0,1,1,1,-6.214891,-77.820815,formulario_campo,2,0,1,0
RC0002858,L002858,F0089,2026-06-05,TEC07,No,-1,0,0,0,0,0,1,1,-6.213211,-77.848549,formulario_campo,0,0,0,0
RC0002859,L002859,F0083,2026-08-19,TEC01,No,-1,1,0,1,0,1,0,1,-6.168098,-77.892962,dashboard_acopio,2,1,0,0
RC0002860,L002860,F0120,2025-06-09,TEC05,No_se_sabe,-1,0,0,1,0,1,0,1,-6.220076,-77.874322,cola_kafka,1,0,0,1
RC0002861,L002861,F0072,2026-08-15,TEC12,No,-1,0,0,1,0,1,0,0,-6.083393,-77.826874,formulario_campo,1,0,0,0
RC0002862,L002862,F0004,2025-07-22,TEC10,Si,23,0,0,0,0,0,1,1,-6.259884,-77.963525,cola_kafka,0,0,1,0
RC0002863,L002863,F0051,2025-08-07,TEC05,No_se_sabe,-1,0,0,0,0,0,1,1,-6.226074,-77.931075,dashboard_acopio,0,0,0,1
RC0002864,L002864,F0067,2025-07-02,TEC05,Si,35,0,0,1,0,1,1,1,-6.268455,-77.767396,formulario_campo,1,0,1,0
RC0002865,L002865,F0005,2026-07-06,TEC08,No_se_sabe,-1,1,0,0,1,1,1,0,-6.204521,-77.898543,formulario_campo,2,0,0,1
RC0002866,L002866,F0039,2026-05-16,TEC07,No_se_sabe,-1,1,1,1,0,1,0,0,-6.218935,-77.783308,formulario_campo,3,1,0,1
RC0002867,L002867,F0110,2025-05-26,TEC09,No,-1,0,0,0,1,1,0,1,-6.270839,-77.87904,formulario_campo,1,0,0,0
RC0002868,L002868,F0029,2026-02-26,TEC02,Si,16,1,0,1,0,1,1,0,-6.193991,-77.844243,formulario_campo,2,0,1,0
RC0002869,L002869,F0072,2025-09-06,TEC10,No_se_sabe,-1,0,0,0,0,0,0,1,-6.082831,-77.827397,formulario_campo,0,0,0,1
RC0002870,L002870,F0029,2025-07-17,TEC04,No_se_sabe,-1,1,1,1,0,1,1,0,-6.194539,-77.844776,cola_kafka,3,0,0,1
RC0002871,L002871,F0020,2025-08-10,TEC08,No,-1,1,1,0,1,1,0,0,-6.203349,-77.89262,dashboard_acopio,3,1,0,0
RC0002872,L002872,F0009,2025-06-17,TEC10,Si,25,1,1,0,1,1,1,0,-6.272435,-77.825626,dashboard_acopio,3,0,1,0
RC0002873,L002873,F0074,2025-09-10,TEC03,No,-1,1,0,1,0,1,0,0,-6.272095,-77.870091,cola_kafka,2,1,0,0
RC0002874,L002874,F0082,2026-06-03,TEC04,Si,34,0,1,0,1,1,1,0,-6.194246,-77.869542,formulario_campo,2,0,1,0
RC0002875,L002875,F0112,2026-04-03,TEC10,Si,22,1,1,0,0,1,0,1,-6.277382,-77.861773,formulario_campo,2,1,1,0
RC0002876,L002876,F0083,2025-08-20,TEC08,Si,39,1,0,1,0,1,0,0,-6.168187,-77.891971,cola_kafka,2,1,1,0
RC0002877,L002877,F0071,2026-06-05,TEC10,Si,23,1,1,1,0,1,0,0,-6.2359,-77.869599,formulario_campo,3,1,1,0
RC0002878,L002878,F0073,2026-03-03,TEC08,No_se_sabe,-1,0,1,0,0,1,1,1,-6.196672,-77.917548,cola_kafka,1,0,0,1
RC0002879,L002879,F0007,2026-07-26,TEC07,No,-1,0,0,0,0,0,1,1,-6.196705,-77.905877,formulario_campo,0,0,0,0
RC0002880,L002880,F0054,2025-06-16,TEC05,Si,20,1,0,1,0,1,0,1,-6.193941,-77.865772,formulario_campo,2,1,1,0
RC0002881,L002881,F0006,2025-11-07,TEC12,No,-1,0,1,1,0,1,0,0,-6.232551,-77.790924,formulario_campo,2,0,0,0
RC0002882,L002882,F0043,2025-01-19,TEC02,No,-1,1,0,1,0,1,1,1,-6.172264,-77.944204,formulario_campo,2,0,0,0
RC0002883,L002883,F0120,2025-07-06,TEC04,No,-1,0,0,0,0,0,0,0,-6.221127,-77.875472,dashboard_acopio,0,0,0,0
RC0002884,L002884,F0116,2026-04-28,TEC01,No_se_sabe,-1,0,0,0,0,0,1,1,-6.225493,-77.846574,dashboard_acopio,0,0,0,1
RC0002885,L002885,F0088,2025-06-24,TEC11,Si,29,0,1,0,0,1,1,1,-6.276427,-77.843981,dashboard_acopio,1,0,1,0
RC0002886,L002886,F0045,2026-01-28,TEC09,No,-1,1,0,0,1,1,1,1,-6.250613,-77.829746,cola_kafka,2,0,0,0
RC0002887,L002887,F0003,2025-09-19,TEC07,No_se_sabe,-1,0,1,0,1,1,1,1,-6.214659,-77.820959,formulario_campo,2,0,0,1
RC0002888,L002888,F0039,2025-09-29,TEC12,Si,18,1,1,0,1,1,1,0,-6.220429,-77.783842,formulario_campo,3,0,1,0
RC0002889,L002889,F0008,2026-08-09,TEC06,No_se_sabe,-1,1,1,0,0,1,1,0,-6.280183,-77.904391,formulario_campo,2,0,0,1
RC0002890,L002890,F0034,2026-05-21,TEC07,No,-1,0,0,1,0,1,1,1,-6.210764,-77.884542,cola_kafka,1,0,0,0
RC0002891,L002891,F0002,2026-03-13,TEC04,No_se_sabe,-1,0,0,1,1,1,0,0,-6.218865,-77.932375,formulario_campo,2,0,0,1
RC0002892,L002892,F0028,2025-04-21,TEC12,Si,20,1,0,1,0,1,0,0,-6.231833,-77.852098,cola_kafka,2,1,1,0
RC0002893,L002893,F0049,2025-08-04,TEC05,No,-1,1,0,1,1,1,1,1,-6.19611,-77.914495,formulario_campo,3,0,0,0
RC0002894,L002894,F0010,2026-07-10,TEC12,No,-1,0,0,0,1,1,1,1,-6.259056,-77.876167,cola_kafka,1,0,0,0
RC0002895,L002895,F0045,2025-08-19,TEC02,No_se_sabe,-1,0,0,1,0,1,1,1,-6.250067,-77.829483,formulario_campo,1,0,0,1
RC0002896,L002896,F0022,2025-08-08,TEC04,No_se_sabe,-1,0,0,0,1,1,1,1,-6.253056,-77.858883,dashboard_acopio,1,0,0,1
RC0002897,L002897,F0004,2025-04-23,TEC05,No,-1,0,1,1,1,1,0,1,-6.261854,-77.964126,cola_kafka,3,0,0,0
RC0002898,L002898,F0091,2025-04-07,TEC11,No,-1,0,0,0,0,0,0,0,-6.219693,-77.876011,dashboard_acopio,0,0,0,0
RC0002899,L002899,F0029,2025-07-21,TEC06,No_se_sabe,-1,1,1,1,0,1,1,0,-6.193273,-77.844401,cola_kafka,3,0,0,1
RC0002900,L002900,F0073,2026-06-16,TEC06,Si,41,1,0,1,1,1,1,1,-6.195503,-77.917273,formulario_campo,3,0,1,0
RC0002901,L002901,F0051,2025-09-10,TEC12,No_se_sabe,-1,0,0,0,0,0,1,1,-6.226479,-77.932495,cola_kafka,0,0,0,1
RC0002902,L002902,F0018,2025-06-04,TEC01,Si,13,0,1,0,0,1,0,1,-6.22342,-77.902253,formulario_campo,1,0,1,0
RC0002903,L002903,F0074,2026-06-18,TEC07,No,-1,1,0,0,1,1,1,1,-6.273802,-77.869849,formulario_campo,2,0,0,0
RC0002904,L002904,F0096,2026-02-21,TEC05,Si,10,1,1,0,0,1,0,0,-6.146698,-77.809212,formulario_campo,2,1,1,0
RC0002905,L002905,F0056,2026-05-24,TEC12,No,-1,0,1,0,1,1,0,0,-6.208164,-77.901694,formulario_campo,2,0,0,0
RC0002906,L002906,F0104,2026-07-25,TEC08,Si,28,0,1,0,0,1,0,1,-6.20991,-77.860586,formulario_campo,1,0,1,0
RC0002907,L002907,F0083,2026-05-08,TEC12,No,-1,0,0,1,1,1,1,1,-6.167962,-77.892619,formulario_campo,2,0,0,0
RC0002908,L002908,F0001,2026-04-26,TEC04,No,-1,0,0,0,1,1,1,1,-6.236543,-77.779627,cola_kafka,1,0,0,0
RC0002909,L002909,F0067,2025-05-08,TEC03,No,-1,0,1,1,0,1,1,1,-6.267257,-77.76762,dashboard_acopio,2,0,0,0
RC0002910,L002910,F0099,2026-04-15,TEC05,Si,36,0,1,0,1,1,0,0,-6.175414,-77.805078,formulario_campo,2,0,1,0
RC0002911,L002911,F0119,2026-05-11,TEC01,No,-1,1,0,0,0,1,0,1,-6.221122,-77.900413,formulario_campo,1,1,0,0
RC0002912,L002912,F0070,2025-02-02,TEC07,No,-1,1,0,0,0,1,0,0,-6.190264,-77.845898,formulario_campo,1,1,0,0
RC0002913,L002913,F0024,2026-05-13,TEC06,No,-1,1,0,0,0,1,0,0,-6.334682,-77.802862,formulario_campo,1,1,0,0
RC0002914,L002914,F0026,2026-05-14,TEC06,No,-1,0,1,1,0,1,1,0,-6.234691,-77.771909,dashboard_acopio,2,0,0,0
RC0002915,L002915,F0072,2026-07-22,TEC10,No,-1,0,0,0,0,0,0,0,-6.082331,-77.826972,cola_kafka,0,0,0,0
RC0002916,L002916,F0069,2026-04-03,TEC09,Si,3,0,1,0,0,1,1,1,-6.317384,-77.833752,formulario_campo,1,0,1,0
RC0002917,L002917,F0077,2026-08-30,TEC10,No,-1,1,0,0,0,1,1,1,-6.225745,-77.836108,cola_kafka,1,0,0,0
RC0002918,L002918,F0004,2026-05-30,TEC02,No,-1,1,0,1,1,1,0,0,-6.261371,-77.964696,dashboard_acopio,3,1,0,0
RC0002919,L002919,F0050,2026-05-30,TEC12,Si,1,0,0,0,0,0,0,1,-6.299096,-77.915663,dashboard_acopio,0,0,1,0
RC0002920,L002920,F0061,2025-09-05,TEC01,No_se_sabe,-1,0,0,0,0,0,1,1,-6.243306,-77.862587,formulario_campo,0,0,0,1
RC0002921,L002921,F0106,2026-05-18,TEC12,No_se_sabe,-1,0,1,0,0,1,1,1,-6.252933,-77.837874,formulario_campo,1,0,0,1
RC0002922,L002922,F0111,2025-12-27,TEC06,No,-1,1,0,1,0,1,0,1,-6.237335,-77.859455,formulario_campo,2,1,0,0
RC0002923,L002923,F0111,2026-06-14,TEC12,No,-1,1,0,0,0,1,0,0,-6.236995,-77.856988,cola_kafka,1,1,0,0
RC0002924,L002924,F0053,2026-05-04,TEC07,No,-1,1,1,1,0,1,1,1,-6.258666,-77.903432,cola_kafka,3,0,0,0
RC0002925,L002925,F0101,2025-08-19,TEC10,No,-1,0,0,1,0,1,0,0,-6.334862,-77.858816,formulario_campo,1,0,0,0
RC0002926,L002926,F0001,2025-04-26,TEC09,No_se_sabe,-1,1,1,1,0,1,0,0,-6.236313,-77.780526,formulario_campo,3,1,0,1
RC0002927,L002927,F0095,2025-05-23,TEC11,No_se_sabe,-1,0,0,0,1,1,1,1,-6.277548,-77.861075,dashboard_acopio,1,0,0,1
RC0002928,L002928,F0005,2026-06-04,TEC06,No,-1,0,0,0,0,0,1,1,-6.204661,-77.897814,formulario_campo,0,0,0,0
RC0002929,L002929,F0118,2026-08-20,TEC11,No_se_sabe,-1,1,1,1,0,1,0,0,-6.276799,-77.834515,formulario_campo,3,1,0,1
RC0002930,L002930,F0025,2025-11-10,TEC04,No_se_sabe,-1,1,1,1,1,1,1,0,-6.231867,-77.956056,formulario_campo,4,0,0,1
RC0002931,L002931,F0012,2025-03-03,TEC05,No_se_sabe,-1,1,1,1,1,1,1,1,-6.229147,-77.89844,formulario_campo,4,0,0,1
RC0002932,L002932,F0080,2025-02-16,TEC12,Si,3,0,1,0,0,1,1,1,-6.268891,-77.910818,formulario_campo,1,0,1,0
RC0002933,L002933,F0085,2026-07-07,TEC11,Si,25,1,0,0,1,1,0,0,-6.275298,-77.854079,dashboard_acopio,2,1,1,0
RC0002934,L002934,F0013,2025-09-11,TEC10,No,-1,0,1,0,1,1,1,0,-6.149805,-77.809553,dashboard_acopio,2,0,0,0
RC0002935,L002935,F0064,2025-07-18,TEC03,No,-1,1,0,0,0,1,1,0,-6.27318,-77.804247,formulario_campo,1,0,0,0
RC0002936,L002936,F0022,2026-08-20,TEC02,Si,18,1,0,0,0,1,0,0,-6.252743,-77.858206,formulario_campo,1,1,1,0
RC0002937,L002937,F0009,2025-06-08,TEC11,Si,3,1,0,1,1,1,0,0,-6.274142,-77.825363,cola_kafka,3,1,1,0
RC0002938,L002938,F0118,2025-07-10,TEC09,No,-1,0,0,0,0,0,1,1,-6.277342,-77.832084,dashboard_acopio,0,0,0,0
RC0002939,L002939,F0018,2026-05-29,TEC06,No,-1,1,1,1,1,1,0,0,-6.224517,-77.902828,cola_kafka,4,1,0,0
RC0002940,L002940,F0096,2026-05-23,TEC11,No,-1,0,1,0,1,1,0,0,-6.146928,-77.80999,cola_kafka,2,0,0,0
RC0002941,L002941,F0086,2026-07-27,TEC11,No_se_sabe,-1,0,0,0,0,0,1,1,-6.219504,-77.924772,formulario_campo,0,0,0,1
RC0002942,L002942,F0012,2026-03-25,TEC07,No,-1,0,0,0,1,1,1,1,-6.229126,-77.898882,dashboard_acopio,1,0,0,0
RC0002943,L002943,F0061,2026-08-16,TEC04,No_se_sabe,-1,0,1,1,0,1,1,1,-6.243716,-77.863248,dashboard_acopio,2,0,0,1
RC0002944,L002944,F0044,2025-06-03,TEC09,No_se_sabe,-1,0,0,1,1,1,1,0,-6.317125,-77.891042,formulario_campo,2,0,0,1
RC0002945,L002945,F0078,2025-09-25,TEC02,Si,10,1,1,0,0,1,0,0,-6.261568,-77.819699,formulario_campo,2,1,1,0
RC0002946,L002946,F0078,2026-05-09,TEC01,No_se_sabe,-1,0,0,0,0,0,0,0,-6.261773,-77.819086,cola_kafka,0,0,0,1
RC0002947,L002947,F0038,2025-06-01,TEC03,No_se_sabe,-1,0,0,0,0,0,0,0,-6.242262,-77.854967,formulario_campo,0,0,0,1
RC0002948,L002948,F0049,2026-07-08,TEC05,No,-1,1,0,1,0,1,0,0,-6.194391,-77.916546,formulario_campo,2,1,0,0
RC0002949,L002949,F0004,2025-04-01,TEC12,No,-1,1,1,1,1,1,0,0,-6.260297,-77.963224,dashboard_acopio,4,1,0,0
RC0002950,L002950,F0016,2025-08-02,TEC02,No,-1,0,1,0,1,1,0,0,-6.243218,-77.87547,formulario_campo,2,0,0,0
RC0002951,L002951,F0114,2026-05-19,TEC02,No,-1,1,0,1,0,1,1,0,-6.301652,-77.850821,formulario_campo,2,0,0,0
RC0002952,L002952,F0054,2026-04-11,TEC04,No,-1,1,1,1,1,1,0,0,-6.195003,-77.865,dashboard_acopio,4,1,0,0
RC0002953,L002953,F0031,2026-05-08,TEC08,No,-1,0,0,1,1,1,1,1,-6.245784,-77.930532,formulario_campo,2,0,0,0
RC0002954,L002954,F0062,2026-06-05,TEC04,Si,9,0,0,0,1,1,1,1,-6.196169,-77.845153,formulario_campo,1,0,1,0
RC0002955,L002955,F0111,2026-08-29,TEC02,No,-1,0,0,1,1,1,1,1,-6.236062,-77.858797,formulario_campo,2,0,0,0
RC0002956,L002956,F0049,2026-04-16,TEC08,No,-1,0,0,0,1,1,0,1,-6.196557,-77.915513,dashboard_acopio,1,0,0,0
RC0002957,L002957,F0063,2026-05-14,TEC12,No,-1,0,1,1,1,1,0,1,-6.242572,-77.958209,dashboard_acopio,3,0,0,0
RC0002958,L002958,F0010,2025-07-12,TEC07,Si,12,0,1,0,0,1,1,1,-6.259697,-77.876803,cola_kafka,1,0,1,0
RC0002959,L002959,F0066,2025-04-28,TEC08,No,-1,0,1,1,0,1,1,0,-6.263592,-77.809298,formulario_campo,2,0,0,0
RC0002960,L002960,F0005,2025-05-13,TEC03,No_se_sabe,-1,1,1,0,0,1,0,0,-6.204888,-77.896545,formulario_campo,2,1,0,1
RC0002961,L002961,F0001,2025-07-18,TEC01,No,-1,1,1,0,0,1,1,1,-6.237731,-77.779793,cola_kafka,2,0,0,0
RC0002962,L002962,F0070,2026-07-14,TEC03,Si,39,0,0,1,0,1,1,0,-6.190026,-77.846478,cola_kafka,1,0,1,0
RC0002963,L002963,F0039,2025-08-14,TEC01,No_se_sabe,-1,1,1,0,0,1,0,0,-6.220223,-77.782509,cola_kafka,2,1,0,1
RC0002964,L002964,F0022,2025-02-03,TEC08,No_se_sabe,-1,1,1,0,0,1,0,0,-6.253169,-77.858584,dashboard_acopio,2,1,0,1
RC0002965,L002965,F0023,2026-01-21,TEC03,No,-1,0,0,0,1,1,0,1,-6.162556,-77.836934,cola_kafka,1,0,0,0
RC0002966,L002966,F0062,2025-04-12,TEC07,No,-1,0,1,1,0,1,0,0,-6.195529,-77.845737,formulario_campo,2,0,0,0
RC0002967,L002967,F0020,2026-08-01,TEC12,No_se_sabe,-1,0,0,1,0,1,0,0,-6.203045,-77.891818,dashboard_acopio,1,0,0,1
RC0002968,L002968,F0083,2025-09-19,TEC09,No,-1,1,1,0,1,1,0,0,-6.167743,-77.893063,dashboard_acopio,3,1,0,0
RC0002969,L002969,F0119,2025-08-20,TEC09,Si,33,1,0,0,1,1,1,0,-6.220383,-77.901371,formulario_campo,2,0,1,0
RC0002970,L002970,F0078,2026-07-20,TEC11,Si,33,0,1,1,0,1,1,0,-6.261162,-77.818921,formulario_campo,2,0,1,0
RC0002971,L002971,F0053,2026-04-20,TEC04,Si,30,1,0,0,0,1,1,1,-6.258901,-77.903014,formulario_campo,1,0,1,0
RC0002972,L002972,F0094,2025-07-18,TEC06,No_se_sabe,-1,1,0,1,0,1,1,1,-6.268448,-77.941355,formulario_campo,2,0,0,1
RC0002973,L002973,F0054,2025-07-29,TEC10,No,-1,0,0,0,1,1,0,1,-6.194816,-77.864345,dashboard_acopio,1,0,0,0
RC0002974,L002974,F0095,2026-05-12,TEC11,Si,34,0,0,0,0,0,1,1,-6.278863,-77.861867,formulario_campo,0,0,1,0
RC0002975,L002975,F0006,2026-04-11,TEC08,Si,27,1,0,0,0,1,1,1,-6.232152,-77.791293,formulario_campo,1,0,1,0
RC0002976,L002976,F0072,2025-08-21,TEC11,No_se_sabe,-1,1,0,0,1,1,1,1,-6.083378,-77.827596,dashboard_acopio,2,0,0,1
RC0002977,L002977,F0096,2025-07-27,TEC09,No_se_sabe,-1,0,0,0,1,1,0,0,-6.148257,-77.80762,cola_kafka,1,0,0,1
RC0002978,L002978,F0093,2025-04-15,TEC07,No_se_sabe,-1,0,0,0,0,0,1,1,-6.244252,-77.904368,formulario_campo,0,0,0,1
RC0002979,L002979,F0026,2026-06-18,TEC06,Si,37,1,0,0,0,1,1,1,-6.233713,-77.77118,formulario_campo,1,0,1,0
RC0002980,L002980,F0056,2026-06-23,TEC03,No,-1,0,0,0,0,0,0,1,-6.207767,-77.901681,dashboard_acopio,0,0,0,0
RC0002981,L002981,F0038,2026-02-19,TEC02,Si,15,0,0,0,0,0,1,1,-6.243551,-77.85504,dashboard_acopio,0,0,1,0
RC0002982,L002982,F0056,2025-05-07,TEC01,Si,10,0,0,1,0,1,1,1,-6.207128,-77.901614,formulario_campo,1,0,1,0
RC0002983,L002983,F0098,2026-04-22,TEC12,No,-1,0,0,0,0,0,1,1,-6.21188,-77.899939,formulario_campo,0,0,0,0
RC0002984,L002984,F0023,2026-06-23,TEC04,No_se_sabe,-1,1,0,0,0,1,1,1,-6.161632,-77.836244,formulario_campo,1,0,0,1
RC0002985,L002985,F0104,2025-08-26,TEC02,No_se_sabe,-1,0,0,1,0,1,1,0,-6.210381,-77.86308,formulario_campo,1,0,0,1
RC0002986,L002986,F0082,2026-07-03,TEC12,Si,18,0,0,0,1,1,1,1,-6.194594,-77.868927,formulario_campo,1,0,1,0
RC0002987,L002987,F0099,2026-07-29,TEC01,No_se_sabe,-1,0,0,0,1,1,1,1,-6.176706,-77.807866,formulario_campo,1,0,0,1
RC0002988,L002988,F0071,2025-07-30,TEC06,No_se_sabe,-1,1,0,1,0,1,1,0,-6.237338,-77.870006,formulario_campo,2,0,0,1
RC0002989,L002989,F0114,2025-09-05,TEC04,No_se_sabe,-1,0,0,0,1,1,1,1,-6.301345,-77.850299,formulario_campo,1,0,0,1
RC0002990,L002990,F0070,2026-04-07,TEC04,Si,34,0,0,0,0,0,1,1,-6.190097,-77.846927,dashboard_acopio,0,0,1,0
RC0002991,L002991,F0107,2025-07-02,TEC10,No_se_sabe,-1,1,0,0,0,1,1,0,-6.227573,-77.903591,dashboard_acopio,1,0,0,1
RC0002992,L002992,F0017,2026-05-04,TEC10,Si,24,0,0,0,1,1,1,1,-6.272443,-77.856098,cola_kafka,1,0,1,0
RC0002993,L002993,F0033,2025-06-04,TEC03,No_se_sabe,-1,0,0,1,1,1,1,1,-6.206381,-77.893526,formulario_campo,2,0,0,1
RC0002994,L002994,F0070,2026-01-08,TEC12,Si,19,0,0,0,0,0,1,1,-6.190844,-77.847567,dashboard_acopio,0,0,1,0
RC0002995,L002995,F0098,2025-03-30,TEC06,No_se_sabe,-1,0,0,1,0,1,1,0,-6.211333,-77.899073,cola_kafka,1,0,0,1
RC0002996,L002996,F0087,2025-04-20,TEC09,Si,5,0,1,1,1,1,1,0,-6.208942,-77.798324,dashboard_acopio,3,0,1,0
RC0002997,L002997,F0021,2025-05-20,TEC02,No,-1,1,0,0,0,1,1,0,-6.290459,-77.864448,formulario_campo,1,0,0,0
RC0002998,L002998,F0068,2025-11-30,TEC08,No,-1,0,0,0,0,0,1,1,-6.153074,-77.879933,formulario_campo,0,0,0,0
RC0002999,L002999,F0071,2025-08-21,TEC02,Si,8,0,0,1,0,1,0,0,-6.236417,-77.870809,formulario_campo,1,0,1,0
RC0003000,L003000,F0072,2026-08-31,TEC12,No,-1,1,0,1,0,1,1,0,-6.083407,-77.827292,formulario_campo,2,0,0,0
RC0003001,L003001,F0096,2026-05-29,TEC05,No,-1,0,1,1,0,1,0,0,-6.146929,-77.80892,formulario_campo,2,0,0,0
RC0003002,L003002,F0051,2025-05-12,TEC07,No,-1,0,1,0,1,1,0,1,-6.226117,-77.932509,dashboard_acopio,2,0,0,0
RC0003003,L003003,F0114,2025-08-26,TEC09,No,-1,1,0,1,0,1,0,0,-6.302171,-77.85042,formulario_campo,2,1,0,0
RC0003004,L003004,F0004,2026-04-02,TEC12,No,-1,0,0,0,0,0,1,1,-6.260452,-77.963796,formulario_campo,0,0,0,0
RC0003005,L003005,F0006,2025-10-14,TEC11,Si,37,0,0,0,1,1,1,1,-6.232283,-77.790511,cola_kafka,1,0,1,0
RC0003006,L003006,F0067,2025-04-17,TEC04,Si,16,0,0,1,0,1,1,1,-6.267257,-77.768066,formulario_campo,1,0,1,0
RC0003007,L003007,F0074,2025-05-01,TEC11,No_se_sabe,-1,0,0,0,0,0,1,1,-6.273374,-77.8698,formulario_campo,0,0,0,1
RC0003008,L003008,F0069,2026-06-29,TEC08,Si,30,0,0,0,0,0,1,1,-6.317663,-77.833998,cola_kafka,0,0,1,0
RC0003009,L003009,F0033,2026-03-01,TEC06,No,-1,1,0,0,0,1,1,0,-6.207875,-77.893673,formulario_campo,1,0,0,0
RC0003010,L003010,F0040,2025-06-29,TEC11,Si,22,0,1,0,0,1,0,0,-6.174418,-77.908454,formulario_campo,1,0,1,0
RC0003011,L003011,F0084,2025-04-02,TEC10,Si,26,1,0,0,0,1,1,0,-6.171375,-77.858171,cola_kafka,1,0,1,0
RC0003012,L003012,F0027,2025-08-31,TEC05,No_se_sabe,-1,1,0,0,1,1,1,1,-6.278577,-77.792314,cola_kafka,2,0,0,1
RC0003013,L003013,F0044,2025-09-24,TEC12,No_se_sabe,-1,0,1,1,1,1,1,0,-6.317202,-77.890967,dashboard_acopio,3,0,0,1
RC0003014,L003014,F0002,2026-07-13,TEC12,Si,10,0,1,0,1,1,1,1,-6.219344,-77.931369,formulario_campo,2,0,1,0
RC0003015,L003015,F0110,2025-04-09,TEC12,No,-1,0,1,1,0,1,0,0,-6.272189,-77.878679,formulario_campo,2,0,0,0
RC0003016,L003016,F0094,2026-04-11,TEC11,No,-1,0,0,0,0,0,1,1,-6.268952,-77.941234,formulario_campo,0,0,0,0
RC0003017,L003017,F0022,2026-06-14,TEC04,No,-1,1,0,0,0,1,0,0,-6.253722,-77.858805,formulario_campo,1,1,0,0
RC0003018,L003018,F0019,2025-04-27,TEC08,No,-1,0,1,0,0,1,1,0,-6.227639,-77.858961,dashboard_acopio,1,0,0,0
RC0003019,L003019,F0095,2026-01-31,TEC10,No,-1,0,0,0,1,1,1,1,-6.279416,-77.860491,cola_kafka,1,0,0,0
RC0003020,L003020,F0076,2026-06-17,TEC12,No,-1,0,0,0,0,0,1,1,-6.313645,-77.908036,formulario_campo,0,0,0,0
RC0003021,L003021,F0071,2026-07-30,TEC08,Si,8,0,0,1,0,1,1,1,-6.237271,-77.870443,cola_kafka,1,0,1,0
RC0003022,L003022,F0062,2025-06-18,TEC02,Si,6,0,0,1,0,1,1,1,-6.196138,-77.84529,cola_kafka,1,0,1,0
RC0003023,L003023,F0040,2026-08-01,TEC06,Si,18,0,0,0,1,1,0,1,-6.17391,-77.9087,cola_kafka,1,0,1,0
RC0003024,L003024,F0119,2026-05-16,TEC01,No_se_sabe,-1,1,0,1,0,1,0,0,-6.220058,-77.900007,cola_kafka,2,1,0,1
RC0003025,L003025,F0017,2025-07-13,TEC05,Si,9,0,0,0,0,0,1,1,-6.272231,-77.855352,dashboard_acopio,0,0,1,0
RC0003026,L003026,F0054,2026-01-26,TEC11,No_se_sabe,-1,0,0,0,0,0,1,1,-6.195147,-77.864186,formulario_campo,0,0,0,1
RC0003027,L003027,F0002,2025-07-30,TEC07,Si,15,0,0,0,1,1,0,0,-6.21986,-77.931734,dashboard_acopio,1,0,1,0
RC0003028,L003028,F0050,2026-08-30,TEC01,No_se_sabe,-1,0,0,0,0,0,1,1,-6.299902,-77.914787,cola_kafka,0,0,0,1
RC0003029,L003029,F0063,2025-09-20,TEC11,Si,17,1,1,0,1,1,1,0,-6.242238,-77.959232,cola_kafka,3,0,1,0
RC0003030,L003030,F0018,2025-06-08,TEC12,No_se_sabe,-1,1,1,1,0,1,1,0,-6.223641,-77.901669,dashboard_acopio,3,0,0,1
RC0003031,L003031,F0017,2025-04-27,TEC12,Si,44,1,0,0,1,1,1,1,-6.272401,-77.857403,formulario_campo,2,0,1,0
RC0003032,L003032,F0066,2025-11-18,TEC08,No_se_sabe,-1,0,0,0,1,1,1,1,-6.262329,-77.809454,cola_kafka,1,0,0,1
RC0003033,L003033,F0037,2026-04-27,TEC06,Si,37,0,0,0,1,1,1,1,-6.20312,-77.860224,formulario_campo,1,0,1,0
RC0003034,L003034,F0053,2025-08-10,TEC03,No,-1,1,0,0,1,1,0,0,-6.258988,-77.904115,formulario_campo,2,1,0,0
RC0003035,L003035,F0072,2025-06-07,TEC12,No,-1,0,1,1,0,1,1,0,-6.084657,-77.828704,dashboard_acopio,2,0,0,0
RC0003036,L003036,F0078,2025-06-20,TEC04,No,-1,1,0,1,1,1,0,0,-6.26033,-77.818059,cola_kafka,3,1,0,0
RC0003037,L003037,F0067,2026-08-23,TEC01,Si,38,1,1,0,1,1,1,1,-6.267133,-77.768355,cola_kafka,3,0,1,0
RC0003038,L003038,F0018,2025-07-30,TEC01,No_se_sabe,-1,0,0,1,1,1,1,1,-6.223154,-77.903487,dashboard_acopio,2,0,0,1
RC0003039,L003039,F0045,2025-07-06,TEC06,No,-1,0,0,0,0,0,1,1,-6.251533,-77.828567,dashboard_acopio,0,0,0,0
RC0003040,L003040,F0074,2025-07-07,TEC06,No,-1,1,0,1,0,1,0,0,-6.274003,-77.868961,formulario_campo,2,1,0,0
RC0003041,L003041,F0055,2025-10-17,TEC02,Si,13,1,0,0,1,1,0,0,-6.242041,-77.879618,cola_kafka,2,1,1,0
RC0003042,L003042,F0002,2026-04-02,TEC01,No,-1,0,0,1,1,1,0,0,-6.219451,-77.931359,cola_kafka,2,0,0,0
RC0003043,L003043,F0110,2025-05-02,TEC08,Si,33,1,1,1,1,1,1,0,-6.272282,-77.879827,formulario_campo,4,0,1,0
RC0003044,L003044,F0071,2026-04-12,TEC09,Si,24,0,0,1,0,1,1,1,-6.236478,-77.869638,dashboard_acopio,1,0,1,0
RC0003045,L003045,F0083,2025-11-16,TEC09,No,-1,0,1,0,1,1,1,0,-6.167506,-77.891291,dashboard_acopio,2,0,0,0
RC0003046,L003046,F0055,2026-08-30,TEC09,Si,29,1,1,0,1,1,1,0,-6.242243,-77.880238,cola_kafka,3,0,1,0
RC0003047,L003047,F0070,2026-06-09,TEC07,No,-1,0,0,0,1,1,1,1,-6.189288,-77.846479,dashboard_acopio,1,0,0,0
RC0003048,L003048,F0098,2025-04-20,TEC12,Si,9,0,0,1,0,1,1,1,-6.210447,-77.898757,formulario_campo,1,0,1,0
RC0003049,L003049,F0102,2026-05-05,TEC10,No_se_sabe,-1,0,1,0,1,1,1,0,-6.278157,-77.943673,dashboard_acopio,2,0,0,1
RC0003050,L003050,F0053,2025-05-16,TEC11,No,-1,1,1,1,0,1,1,0,-6.259526,-77.904003,formulario_campo,3,0,0,0
RC0003051,L003051,F0044,2025-09-20,TEC07,No,-1,0,0,0,1,1,0,1,-6.31611,-77.890096,dashboard_acopio,1,0,0,0
RC0003052,L003052,F0030,2026-06-03,TEC11,No,-1,0,0,1,0,1,1,1,-6.209167,-77.90386,formulario_campo,1,0,0,0
RC0003053,L003053,F0113,2026-01-10,TEC04,No,-1,0,0,0,1,1,0,0,-6.209886,-77.888634,dashboard_acopio,1,0,0,0
RC0003054,L003054,F0104,2026-05-26,TEC07,No_se_sabe,-1,1,0,1,0,1,1,1,-6.209649,-77.863433,cola_kafka,2,0,0,1
RC0003055,L003055,F0034,2026-06-14,TEC09,No,-1,0,1,1,0,1,1,0,-6.210832,-77.883878,formulario_campo,2,0,0,0
RC0003056,L003056,F0072,2025-07-07,TEC01,No,-1,0,0,1,0,1,0,1,-6.08377,-77.82708,dashboard_acopio,1,0,0,0
RC0003057,L003057,F0003,2026-08-19,TEC05,No,-1,0,0,0,1,1,1,1,-6.215152,-77.820304,formulario_campo,1,0,0,0
RC0003058,L003058,F0060,2026-04-25,TEC07,No,-1,1,0,0,1,1,0,0,-6.300449,-77.829538,cola_kafka,2,1,0,0
RC0003059,L003059,F0081,2025-08-28,TEC11,No,-1,0,0,1,0,1,1,0,-6.149425,-77.940798,dashboard_acopio,1,0,0,0
RC0003060,L003060,F0062,2025-04-11,TEC08,No_se_sabe,-1,1,1,0,0,1,1,0,-6.194738,-77.845713,formulario_campo,2,0,0,1
RC0003061,L003061,F0071,2026-06-01,TEC10,No_se_sabe,-1,0,0,0,0,0,1,1,-6.236749,-77.871363,formulario_campo,0,0,0,1
RC0003062,L003062,F0040,2025-07-30,TEC02,No_se_sabe,-1,1,1,0,1,1,0,0,-6.174498,-77.909343,cola_kafka,3,1,0,1
RC0003063,L003063,F0046,2026-04-28,TEC03,Si,23,1,1,0,0,1,0,0,-6.278931,-77.880897,dashboard_acopio,2,1,1,0
RC0003064,L003064,F0108,2025-07-08,TEC11,No,-1,0,0,0,1,1,1,1,-6.21688,-77.819608,formulario_campo,1,0,0,0
RC0003065,L003065,F0044,2025-09-06,TEC03,No,-1,0,1,0,0,1,1,1,-6.316615,-77.889802,dashboard_acopio,1,0,0,0
RC0003066,L003066,F0033,2025-04-02,TEC07,No_se_sabe,-1,1,1,1,0,1,1,0,-6.206871,-77.892754,formulario_campo,3,0,0,1
RC0003067,L003067,F0109,2025-06-28,TEC10,No,-1,0,0,0,0,0,0,0,-6.251551,-77.890061,formulario_campo,0,0,0,0
RC0003068,L003068,F0056,2025-05-30,TEC09,Si,40,0,0,0,0,0,1,1,-6.208549,-77.902282,formulario_campo,0,0,1,0
RC0003069,L003069,F0018,2025-05-21,TEC03,Si,4,0,0,0,1,1,0,0,-6.223168,-77.902878,formulario_campo,1,0,1,0
RC0003070,L003070,F0067,2025-06-19,TEC06,Si,12,0,0,0,1,1,1,1,-6.267134,-77.767626,formulario_campo,1,0,1,0
RC0003071,L003071,F0043,2025-02-27,TEC07,Si,35,0,1,0,1,1,1,0,-6.17073,-77.945564,dashboard_acopio,2,0,1,0
RC0003072,L003072,F0096,2025-05-20,TEC03,No_se_sabe,-1,0,0,0,1,1,0,1,-6.146314,-77.810245,formulario_campo,1,0,0,1
RC0003073,L003073,F0002,2025-08-22,TEC05,Si,25,0,1,1,0,1,0,0,-6.219939,-77.931233,dashboard_acopio,2,0,1,0
RC0003074,L003074,F0004,2025-04-11,TEC01,No_se_sabe,-1,0,1,1,1,1,1,1,-6.261164,-77.963474,formulario_campo,3,0,0,1
RC0003075,L003075,F0055,2026-08-09,TEC08,No,-1,0,0,1,1,1,1,1,-6.241836,-77.880932,dashboard_acopio,2,0,0,0
RC0003076,L003076,F0039,2025-07-13,TEC08,Si,44,0,0,1,0,1,1,0,-6.220512,-77.782646,dashboard_acopio,1,0,1,0
RC0003077,L003077,F0118,2025-04-30,TEC07,Si,13,0,0,1,0,1,0,0,-6.278108,-77.832492,cola_kafka,1,0,1,0
RC0003078,L003078,F0051,2025-12-20,TEC09,Si,30,1,0,1,0,1,1,1,-6.227151,-77.930203,dashboard_acopio,2,0,1,0
RC0003079,L003079,F0061,2025-04-22,TEC07,Si,33,1,1,0,1,1,1,0,-6.242994,-77.863032,cola_kafka,3,0,1,0
RC0003080,L003080,F0069,2025-04-27,TEC10,Si,12,0,0,0,0,0,1,1,-6.318099,-77.833861,formulario_campo,0,0,1,0
RC0003081,L003081,F0018,2025-06-21,TEC01,No,-1,1,0,1,1,1,0,0,-6.223098,-77.903208,dashboard_acopio,3,1,0,0
RC0003082,L003082,F0026,2025-04-18,TEC04,No,-1,0,0,0,1,1,0,1,-6.234301,-77.772131,cola_kafka,1,0,0,0
RC0003083,L003083,F0053,2026-07-12,TEC06,Si,23,1,0,1,0,1,0,0,-6.258591,-77.904497,formulario_campo,2,1,1,0
RC0003084,L003084,F0112,2026-08-22,TEC11,No_se_sabe,-1,0,1,1,0,1,1,0,-6.277019,-77.861143,formulario_campo,2,0,0,1
RC0003085,L003085,F0008,2025-07-22,TEC10,No_se_sabe,-1,0,1,1,0,1,1,0,-6.279391,-77.90446,formulario_campo,2,0,0,1
RC0003086,L003086,F0068,2025-08-24,TEC08,No,-1,0,0,1,0,1,1,0,-6.153143,-77.880167,dashboard_acopio,1,0,0,0
RC0003087,L003087,F0086,2026-08-03,TEC05,Si,15,1,0,0,0,1,0,0,-6.21865,-77.924724,dashboard_acopio,1,1,1,0
RC0003088,L003088,F0026,2026-07-10,TEC12,No,-1,0,0,0,1,1,1,1,-6.234373,-77.772491,formulario_campo,1,0,0,0
RC0003089,L003089,F0081,2026-05-16,TEC10,No_se_sabe,-1,0,1,0,1,1,0,0,-6.149328,-77.941539,formulario_campo,2,0,0,1
RC0003090,L003090,F0009,2025-06-29,TEC09,No_se_sabe,-1,1,0,0,1,1,1,1,-6.273926,-77.827102,formulario_campo,2,0,0,1
RC0003091,L003091,F0093,2026-07-23,TEC02,No_se_sabe,-1,1,0,1,0,1,0,0,-6.243603,-77.905459,formulario_campo,2,1,0,1
RC0003092,L003092,F0070,2025-07-17,TEC10,No,-1,0,1,0,0,1,1,1,-6.190269,-77.845504,cola_kafka,1,0,0,0
RC0003093,L003093,F0099,2025-04-18,TEC06,Si,20,0,0,0,0,0,1,1,-6.174457,-77.806245,cola_kafka,0,0,1,0
RC0003094,L003094,F0020,2026-07-08,TEC06,No,-1,0,0,0,0,0,1,0,-6.202784,-77.891508,formulario_campo,0,0,0,0
RC0003095,L003095,F0066,2025-09-22,TEC05,Si,15,0,0,0,0,0,0,0,-6.262277,-77.808861,formulario_campo,0,0,1,0
RC0003096,L003096,F0021,2025-06-18,TEC02,No_se_sabe,-1,1,0,1,0,1,0,0,-6.289407,-77.863242,cola_kafka,2,1,0,1
RC0003097,L003097,F0002,2025-04-09,TEC04,Si,27,1,1,0,1,1,1,1,-6.218788,-77.931119,formulario_campo,3,0,1,0
RC0003098,L003098,F0005,2026-04-17,TEC06,Si,31,1,0,0,1,1,0,0,-6.204566,-77.897508,cola_kafka,2,1,1,0
RC0003099,L003099,F0004,2025-08-08,TEC09,No,-1,1,0,0,1,1,0,1,-6.262644,-77.963203,cola_kafka,2,1,0,0
RC0003100,L003100,F0029,2025-08-25,TEC04,Si,42,0,0,1,0,1,1,0,-6.195123,-77.844309,dashboard_acopio,1,0,1,0
RC0003101,L003101,F0008,2025-09-03,TEC03,Si,42,0,0,0,1,1,1,1,-6.281043,-77.903893,formulario_campo,1,0,1,0
RC0003102,L003102,F0029,2026-08-27,TEC05,Si,43,1,1,1,0,1,1,0,-6.194438,-77.844222,dashboard_acopio,3,0,1,0
RC0003103,L003103,F0012,2026-05-26,TEC06,Si,2,0,0,0,0,0,0,0,-6.229408,-77.899373,dashboard_acopio,0,0,1,0
RC0003104,L003104,F0062,2025-07-25,TEC10,No,-1,0,0,0,1,1,1,1,-6.195992,-77.845833,cola_kafka,1,0,0,0
RC0003105,L003105,F0106,2026-01-28,TEC07,Si,8,0,0,1,0,1,1,1,-6.253935,-77.837854,formulario_campo,1,0,1,0
RC0003106,L003106,F0089,2026-06-15,TEC04,No_se_sabe,-1,1,0,0,1,1,0,0,-6.213143,-77.848905,dashboard_acopio,2,1,0,1
RC0003107,L003107,F0055,2026-04-17,TEC01,Si,41,1,0,0,0,1,0,0,-6.240901,-77.879648,formulario_campo,1,1,1,0
RC0003108,L003108,F0087,2025-04-19,TEC05,Si,2,1,0,0,1,1,1,1,-6.20852,-77.798795,dashboard_acopio,2,0,1,0
RC0003109,L003109,F0038,2025-08-06,TEC10,No,-1,0,0,0,0,0,1,1,-6.242756,-77.854814,formulario_campo,0,0,0,0
RC0003110,L003110,F0033,2026-04-19,TEC03,Si,33,0,1,0,1,1,1,1,-6.206011,-77.893833,cola_kafka,2,0,1,0
RC0003111,L003111,F0064,2026-05-19,TEC11,No,-1,0,1,1,0,1,0,0,-6.273152,-77.803634,formulario_campo,2,0,0,0
RC0003112,L003112,F0042,2025-04-08,TEC05,No,-1,0,1,0,0,1,1,0,-6.208203,-77.965278,cola_kafka,1,0,0,0
RC0003113,L003113,F0074,2026-07-12,TEC02,No,-1,0,0,0,1,1,0,1,-6.272764,-77.870135,formulario_campo,1,0,0,0
RC0003114,L003114,F0061,2025-08-02,TEC09,Si,31,0,0,0,1,1,1,1,-6.244183,-77.863274,formulario_campo,1,0,1,0
RC0003115,L003115,F0039,2025-07-08,TEC05,Si,17,0,1,0,0,1,0,0,-6.221832,-77.782851,formulario_campo,1,0,1,0
RC0003116,L003116,F0006,2025-05-16,TEC02,Si,33,0,0,0,0,0,1,1,-6.231648,-77.791117,formulario_campo,0,0,1,0
RC0003117,L003117,F0030,2026-06-06,TEC08,No,-1,1,1,1,0,1,0,0,-6.208529,-77.904018,formulario_campo,3,1,0,0
RC0003118,L003118,F0067,2026-06-11,TEC08,No_se_sabe,-1,0,0,0,1,1,1,1,-6.26752,-77.767947,cola_kafka,1,0,0,1
RC0003119,L003119,F0039,2026-05-11,TEC11,No,-1,1,1,1,1,1,1,1,-6.219705,-77.782384,cola_kafka,4,0,0,0
RC0003120,L003120,F0012,2026-08-21,TEC07,No_se_sabe,-1,0,0,0,0,0,0,1,-6.229471,-77.899122,formulario_campo,0,0,0,1
RC0003121,L003121,F0083,2025-04-23,TEC04,No,-1,0,0,0,0,0,0,1,-6.167655,-77.892255,formulario_campo,0,0,0,0
RC0003122,L003122,F0005,2025-06-23,TEC09,No,-1,1,1,0,0,1,1,0,-6.203763,-77.898832,formulario_campo,2,0,0,0
RC0003123,L003123,F0051,2025-05-13,TEC06,No,-1,0,1,0,0,1,1,1,-6.225402,-77.931657,dashboard_acopio,1,0,0,0
RC0003124,L003124,F0094,2025-09-03,TEC03,No_se_sabe,-1,1,0,0,0,1,0,0,-6.268793,-77.941418,formulario_campo,1,1,0,1
RC0003125,L003125,F0025,2026-05-25,TEC08,Si,23,0,0,1,1,1,1,1,-6.231478,-77.956557,formulario_campo,2,0,1,0
RC0003126,L003126,F0055,2026-07-07,TEC10,No_se_sabe,-1,0,0,1,0,1,1,1,-6.241112,-77.880241,dashboard_acopio,1,0,0,1
RC0003127,L003127,F0106,2025-06-05,TEC03,No_se_sabe,-1,0,0,1,1,1,0,0,-6.253647,-77.837944,formulario_campo,2,0,0,1
RC0003128,L003128,F0111,2026-08-30,TEC02,Si,31,0,1,0,0,1,1,0,-6.235877,-77.857314,formulario_campo,1,0,1,0
RC0003129,L003129,F0113,2025-06-24,TEC01,No,-1,0,1,1,0,1,0,0,-6.209242,-77.889417,formulario_campo,2,0,0,0
RC0003130,L003130,F0112,2025-04-10,TEC11,No,-1,1,0,1,0,1,1,0,-6.27516,-77.862498,formulario_campo,2,0,0,0
RC0003131,L003131,F0029,2026-04-20,TEC05,Si,25,1,0,1,1,1,1,1,-6.194235,-77.84327,dashboard_acopio,3,0,1,0
RC0003132,L003132,F0012,2026-06-27,TEC01,No_se_sabe,-1,0,1,1,1,1,1,0,-6.229053,-77.897427,dashboard_acopio,3,0,0,1
RC0003133,L003133,F0109,2025-07-17,TEC05,No,-1,0,1,0,0,1,1,0,-6.25129,-77.890964,dashboard_acopio,1,0,0,0
RC0003134,L003134,F0098,2025-07-16,TEC02,Si,14,0,0,1,1,1,0,0,-6.21135,-77.89801,formulario_campo,2,0,1,0
RC0003135,L003135,F0047,2026-04-12,TEC07,No,-1,0,0,0,0,0,0,0,-6.188609,-77.797214,formulario_campo,0,0,0,0
RC0003136,L003136,F0106,2025-06-13,TEC10,Si,42,0,0,0,1,1,0,1,-6.253745,-77.838103,formulario_campo,1,0,1,0
RC0003137,L003137,F0080,2025-09-20,TEC02,Si,37,0,0,0,1,1,1,1,-6.267917,-77.912568,formulario_campo,1,0,1,0
RC0003138,L003138,F0033,2025-09-26,TEC10,No,-1,1,0,1,0,1,0,0,-6.206589,-77.894641,dashboard_acopio,2,1,0,0
RC0003139,L003139,F0074,2025-09-30,TEC09,No_se_sabe,-1,0,0,0,1,1,1,1,-6.273016,-77.869876,dashboard_acopio,1,0,0,1
RC0003140,L003140,F0064,2026-06-28,TEC06,Si,15,1,0,0,1,1,1,0,-6.272328,-77.803552,dashboard_acopio,2,0,1,0
RC0003141,L003141,F0001,2026-05-02,TEC04,No,-1,0,1,0,1,1,0,0,-6.237855,-77.780302,formulario_campo,2,0,0,0
RC0003142,L003142,F0093,2025-01-19,TEC10,No,-1,0,0,0,1,1,1,1,-6.244916,-77.905381,cola_kafka,1,0,0,0
RC0003143,L003143,F0045,2025-04-20,TEC05,No,-1,1,0,0,1,1,0,0,-6.251001,-77.829518,formulario_campo,2,1,0,0
RC0003144,L003144,F0074,2025-05-18,TEC02,No_se_sabe,-1,1,0,0,0,1,0,0,-6.273929,-77.869434,formulario_campo,1,1,0,1
RC0003145,L003145,F0040,2026-07-03,TEC07,Si,16,0,0,0,0,0,1,1,-6.174292,-77.908467,dashboard_acopio,0,0,1,0
RC0003146,L003146,F0019,2026-07-03,TEC03,No,-1,0,0,0,1,1,0,1,-6.227464,-77.860749,formulario_campo,1,0,0,0
RC0003147,L003147,F0109,2026-02-11,TEC08,Si,8,0,1,1,1,1,1,0,-6.252442,-77.891921,dashboard_acopio,3,0,1,0
RC0003148,L003148,F0013,2026-05-28,TEC01,No,-1,1,1,1,0,1,1,0,-6.148943,-77.808909,formulario_campo,3,0,0,0
RC0003149,L003149,F0007,2025-06-25,TEC08,Si,32,1,1,1,1,1,0,0,-6.195748,-77.904537,dashboard_acopio,4,1,1,0
RC0003150,L003150,F0081,2025-09-21,TEC12,Si,30,1,1,0,1,1,1,0,-6.149052,-77.941108,dashboard_acopio,3,0,1,0
RC0003151,L003151,F0044,2025-05-23,TEC03,Si,8,1,0,0,1,1,1,0,-6.317024,-77.890632,formulario_campo,2,0,1,0
RC0003152,L003152,F0049,2026-04-03,TEC02,No_se_sabe,-1,1,1,1,0,1,1,0,-6.194862,-77.91477,cola_kafka,3,0,0,1
RC0003153,L003153,F0108,2026-05-23,TEC11,Si,25,0,0,0,0,0,1,1,-6.216484,-77.820778,cola_kafka,0,0,1,0
RC0003154,L003154,F0060,2026-06-21,TEC06,Si,24,1,0,1,0,1,0,0,-6.300398,-77.830038,cola_kafka,2,1,1,0
RC0003155,L003155,F0075,2026-04-13,TEC02,No,-1,1,0,0,0,1,1,1,-6.228918,-77.938244,formulario_campo,1,0,0,0
RC0003156,L003156,F0019,2025-08-11,TEC02,No,-1,0,1,1,0,1,1,1,-6.228194,-77.860156,dashboard_acopio,2,0,0,0
RC0003157,L003157,F0031,2026-04-08,TEC06,No,-1,0,1,0,1,1,1,1,-6.245462,-77.930001,cola_kafka,2,0,0,0
RC0003158,L003158,F0098,2026-07-18,TEC05,Si,43,0,0,0,1,1,1,1,-6.211729,-77.898929,cola_kafka,1,0,1,0
RC0003159,L003159,F0107,2026-06-17,TEC03,No,-1,0,0,0,1,1,0,1,-6.22743,-77.903664,cola_kafka,1,0,0,0
RC0003160,L003160,F0043,2025-06-23,TEC05,No,-1,1,1,0,0,1,0,0,-6.172146,-77.944574,formulario_campo,2,1,0,0
RC0003161,L003161,F0095,2026-07-06,TEC09,No_se_sabe,-1,0,0,0,0,0,1,1,-6.278576,-77.860898,cola_kafka,0,0,0,1
RC0003162,L003162,F0091,2025-12-23,TEC06,No,-1,1,0,1,1,1,1,0,-6.220481,-77.876459,formulario_campo,3,0,0,0
RC0003163,L003163,F0033,2026-04-04,TEC12,No_se_sabe,-1,1,1,1,1,1,1,0,-6.207801,-77.893016,dashboard_acopio,4,0,0,1
RC0003164,L003164,F0071,2026-06-10,TEC05,Si,41,0,0,1,0,1,0,0,-6.236402,-77.870549,formulario_campo,1,0,1,0
RC0003165,L003165,F0062,2025-06-17,TEC07,No_se_sabe,-1,0,0,0,1,1,1,1,-6.19546,-77.847107,formulario_campo,1,0,0,1
RC0003166,L003166,F0070,2025-04-01,TEC04,Si,11,0,0,1,0,1,1,1,-6.19088,-77.846937,formulario_campo,1,0,1,0
RC0003167,L003167,F0027,2025-07-18,TEC07,No,-1,1,1,1,1,1,1,0,-6.277652,-77.79333,dashboard_acopio,4,0,0,0
RC0003168,L003168,F0076,2026-08-22,TEC01,Si,12,0,1,1,0,1,0,0,-6.315208,-77.909072,formulario_campo,2,0,1,0
RC0003169,L003169,F0102,2025-09-01,TEC08,Si,6,0,1,0,0,1,0,0,-6.276053,-77.943277,dashboard_acopio,1,0,1,0
RC0003170,L003170,F0095,2026-04-01,TEC07,No,-1,1,0,1,1,1,0,0,-6.278311,-77.861223,formulario_campo,3,1,0,0
RC0003171,L003171,F0093,2026-02-09,TEC11,No_se_sabe,-1,1,1,1,1,1,0,0,-6.245722,-77.905246,formulario_campo,4,1,0,1
RC0003172,L003172,F0042,2025-08-05,TEC12,No,-1,0,1,0,0,1,1,1,-6.209194,-77.965327,formulario_campo,1,0,0,0
RC0003173,L003173,F0099,2025-12-24,TEC04,No_se_sabe,-1,1,1,0,1,1,0,0,-6.176302,-77.805669,cola_kafka,3,1,0,1
RC0003174,L003174,F0031,2026-06-07,TEC08,No_se_sabe,-1,0,1,0,0,1,0,0,-6.246506,-77.930416,dashboard_acopio,1,0,0,1
RC0003175,L003175,F0061,2025-09-08,TEC01,Si,30,1,1,1,1,1,1,0,-6.2432,-77.86327,formulario_campo,4,0,1,0
RC0003176,L003176,F0116,2026-04-12,TEC05,Si,35,1,1,1,0,1,0,0,-6.226009,-77.847722,formulario_campo,3,1,1,0
RC0003177,L003177,F0086,2025-07-31,TEC05,No_se_sabe,-1,0,0,1,0,1,1,1,-6.217958,-77.925793,dashboard_acopio,1,0,0,1
RC0003178,L003178,F0053,2026-05-28,TEC03,No,-1,1,1,0,1,1,1,0,-6.259742,-77.90436,cola_kafka,3,0,0,0
RC0003179,L003179,F0050,2025-07-21,TEC02,No_se_sabe,-1,1,1,0,1,1,1,0,-6.299492,-77.915667,dashboard_acopio,3,0,0,1
RC0003180,L003180,F0039,2026-08-18,TEC09,Si,37,0,1,1,1,1,0,0,-6.220333,-77.782265,formulario_campo,3,0,1,0
RC0003181,L003181,F0106,2026-05-13,TEC05,Si,26,0,0,0,1,1,1,1,-6.254133,-77.839024,formulario_campo,1,0,1,0
RC0003182,L003182,F0026,2026-03-15,TEC01,No,-1,0,0,1,0,1,1,1,-6.234424,-77.771432,formulario_campo,1,0,0,0
RC0003183,L003183,F0044,2025-07-12,TEC10,No_se_sabe,-1,0,0,0,0,0,1,1,-6.316157,-77.889042,formulario_campo,0,0,0,1
RC0003184,L003184,F0073,2026-08-24,TEC08,No,-1,1,1,0,0,1,0,0,-6.19629,-77.917961,cola_kafka,2,1,0,0
RC0003185,L003185,F0037,2025-07-06,TEC02,No_se_sabe,-1,0,0,1,0,1,1,1,-6.202587,-77.859572,formulario_campo,1,0,0,1
RC0003186,L003186,F0098,2025-02-16,TEC07,No,-1,1,0,0,1,1,1,0,-6.211363,-77.89932,formulario_campo,2,0,0,0
RC0003187,L003187,F0095,2025-08-06,TEC05,Si,6,0,0,1,0,1,1,0,-6.278961,-77.861564,cola_kafka,1,0,1,0
RC0003188,L003188,F0104,2026-04-06,TEC05,Si,42,1,1,1,1,1,0,0,-6.209634,-77.863168,formulario_campo,4,1,1,0
RC0003189,L003189,F0038,2026-07-19,TEC12,Si,26,1,0,0,0,1,1,1,-6.242787,-77.855367,cola_kafka,1,0,1,0
RC0003190,L003190,F0025,2025-07-18,TEC09,No_se_sabe,-1,1,0,1,0,1,0,0,-6.231735,-77.956492,cola_kafka,2,1,0,1
RC0003191,L003191,F0104,2025-09-19,TEC12,Si,32,1,0,0,0,1,1,0,-6.209203,-77.861974,formulario_campo,1,0,1,0
RC0003192,L003192,F0076,2026-05-23,TEC06,Si,33,0,0,0,0,0,1,1,-6.315165,-77.908583,cola_kafka,0,0,1,0
RC0003193,L003193,F0099,2025-08-03,TEC11,Si,24,0,1,0,1,1,1,1,-6.175114,-77.806494,formulario_campo,2,0,1,0
RC0003194,L003194,F0111,2026-06-12,TEC04,No,-1,0,1,0,1,1,1,1,-6.236562,-77.857841,dashboard_acopio,2,0,0,0
RC0003195,L003195,F0039,2026-06-04,TEC01,Si,28,0,1,0,0,1,0,0,-6.220455,-77.782071,formulario_campo,1,0,1,0
RC0003196,L003196,F0072,2026-07-16,TEC11,No,-1,0,0,0,1,1,1,1,-6.083425,-77.826713,dashboard_acopio,1,0,0,0
RC0003197,L003197,F0119,2025-06-20,TEC12,Si,4,0,1,1,1,1,1,1,-6.220603,-77.901396,dashboard_acopio,3,0,1,0
RC0003198,L003198,F0038,2025-05-31,TEC04,No,-1,1,0,1,1,1,0,0,-6.242206,-77.854807,formulario_campo,3,1,0,0
RC0003199,L003199,F0104,2026-04-27,TEC11,No,-1,1,1,0,0,1,0,0,-6.209961,-77.862339,formulario_campo,2,1,0,0
RC0003200,L003200,F0086,2025-08-16,TEC12,Si,27,0,0,0,0,0,1,1,-6.219136,-77.925269,formulario_campo,0,0,1,0
RC0003201,L003201,F0038,2025-07-14,TEC06,No,-1,1,1,0,0,1,0,0,-6.242183,-77.855184,formulario_campo,2,1,0,0
RC0003202,L003202,F0043,2026-04-19,TEC05,Si,14,0,0,1,1,1,1,1,-6.172793,-77.945413,formulario_campo,2,0,1,0
RC0003203,L003203,F0096,2025-06-19,TEC07,No,-1,0,0,0,0,0,1,1,-6.14708,-77.80915,formulario_campo,0,0,0,0
RC0003204,L003204,F0043,2025-03-07,TEC04,No,-1,0,1,1,1,1,0,0,-6.172871,-77.945978,dashboard_acopio,3,0,0,0
RC0003205,L003205,F0096,2026-06-26,TEC06,Si,38,0,0,0,1,1,1,1,-6.147098,-77.808846,formulario_campo,1,0,1,0
RC0003206,L003206,F0029,2026-08-17,TEC11,Si,3,1,0,1,0,1,1,1,-6.194191,-77.843652,dashboard_acopio,2,0,1,0
RC0003207,L003207,F0008,2026-03-26,TEC11,No_se_sabe,-1,0,0,0,1,1,0,0,-6.280366,-77.904167,cola_kafka,1,0,0,1
RC0003208,L003208,F0066,2025-01-25,TEC07,No,-1,0,1,0,1,1,1,0,-6.262286,-77.809279,formulario_campo,2,0,0,0
RC0003209,L003209,F0021,2026-05-26,TEC03,No_se_sabe,-1,1,0,1,0,1,1,1,-6.28917,-77.863733,dashboard_acopio,2,0,0,1
RC0003210,L003210,F0016,2026-08-01,TEC02,Si,35,1,0,1,0,1,1,0,-6.242991,-77.874891,formulario_campo,2,0,1,0
RC0003211,L003211,F0119,2025-09-17,TEC09,Si,35,0,1,1,1,1,0,0,-6.219997,-77.900408,cola_kafka,3,0,1,0
RC0003212,L003212,F0049,2025-05-17,TEC04,Si,32,0,0,0,0,0,1,1,-6.195322,-77.915097,formulario_campo,0,0,1,0
RC0003213,L003213,F0098,2025-05-05,TEC11,Si,28,1,0,1,1,1,1,1,-6.211934,-77.899048,dashboard_acopio,3,0,1,0
RC0003214,L003214,F0008,2026-08-09,TEC07,No_se_sabe,-1,0,0,1,1,1,1,0,-6.279965,-77.90399,formulario_campo,2,0,0,1
RC0003215,L003215,F0068,2026-06-12,TEC05,Si,18,1,0,0,1,1,1,1,-6.153186,-77.879946,dashboard_acopio,2,0,1,0
RC0003216,L003216,F0078,2025-05-18,TEC07,No,-1,0,0,0,0,0,1,1,-6.261375,-77.818807,dashboard_acopio,0,0,0,0
RC0003217,L003217,F0040,2026-06-21,TEC03,Si,29,0,0,0,0,0,1,1,-6.173904,-77.90884,cola_kafka,0,0,1,0
RC0003218,L003218,F0072,2025-07-19,TEC10,No,-1,1,0,0,0,1,1,1,-6.082795,-77.827699,formulario_campo,1,0,0,0
RC0003219,L003219,F0099,2025-07-24,TEC06,No,-1,1,0,0,0,1,1,1,-6.175509,-77.805748,cola_kafka,1,0,0,0
RC0003220,L003220,F0068,2026-07-22,TEC11,Si,34,1,1,0,1,1,1,0,-6.15357,-77.880305,dashboard_acopio,3,0,1,0
RC0003221,L003221,F0118,2025-08-14,TEC04,No,-1,1,1,0,1,1,0,0,-6.277048,-77.833503,formulario_campo,3,1,0,0
RC0003222,L003222,F0003,2026-05-25,TEC11,Si,16,1,0,0,0,1,1,1,-6.21412,-77.820674,formulario_campo,1,0,1,0
RC0003223,L003223,F0031,2025-06-26,TEC03,No,-1,1,0,1,0,1,1,1,-6.246664,-77.930029,dashboard_acopio,2,0,0,0
RC0003224,L003224,F0119,2025-06-18,TEC08,No,-1,0,0,1,0,1,0,0,-6.220314,-77.901228,cola_kafka,1,0,0,0
RC0003225,L003225,F0047,2025-01-25,TEC02,Si,41,1,0,0,0,1,1,1,-6.189266,-77.797844,dashboard_acopio,1,0,1,0
RC0003226,L003226,F0063,2025-09-21,TEC06,No_se_sabe,-1,0,0,0,0,0,1,1,-6.243166,-77.958135,formulario_campo,0,0,0,1
RC0003227,L003227,F0001,2025-05-04,TEC01,No,-1,0,0,0,0,0,0,0,-6.237388,-77.781527,dashboard_acopio,0,0,0,0
RC0003228,L003228,F0106,2025-07-12,TEC04,No,-1,1,1,1,1,1,1,0,-6.252949,-77.840083,formulario_campo,4,0,0,0
RC0003229,L003229,F0069,2026-04-21,TEC05,Si,4,0,0,0,0,0,1,1,-6.318009,-77.83444,formulario_campo,0,0,1,0
RC0003230,L003230,F0016,2025-09-26,TEC12,No,-1,1,0,0,0,1,1,0,-6.24398,-77.876101,formulario_campo,1,0,0,0
RC0003231,L003231,F0010,2026-05-30,TEC05,Si,29,1,1,1,1,1,0,0,-6.259239,-77.875097,formulario_campo,4,1,1,0
RC0003232,L003232,F0044,2026-05-17,TEC03,Si,11,0,1,0,1,1,0,0,-6.316425,-77.889928,cola_kafka,2,0,1,0
RC0003233,L003233,F0099,2026-08-21,TEC01,Si,6,1,0,1,1,1,0,0,-6.176061,-77.80649,formulario_campo,3,1,1,0
RC0003234,L003234,F0064,2025-07-27,TEC11,No_se_sabe,-1,1,0,0,0,1,1,1,-6.272482,-77.803483,formulario_campo,1,0,0,1
RC0003235,L003235,F0009,2025-06-05,TEC12,Si,31,0,0,0,0,0,1,1,-6.273037,-77.825739,formulario_campo,0,0,1,0
RC0003236,L003236,F0014,2026-08-28,TEC11,No_se_sabe,-1,1,1,1,1,1,0,0,-6.252776,-77.799264,formulario_campo,4,1,0,1
RC0003237,L003237,F0068,2025-07-25,TEC08,Si,18,1,1,0,0,1,1,1,-6.152401,-77.879991,dashboard_acopio,2,0,1,0
RC0003238,L003238,F0025,2025-11-04,TEC05,No,-1,0,0,1,1,1,1,1,-6.231414,-77.955373,cola_kafka,2,0,0,0
RC0003239,L003239,F0010,2025-04-24,TEC08,Si,40,0,1,0,0,1,1,0,-6.260239,-77.876553,dashboard_acopio,1,0,1,0
RC0003240,L003240,F0116,2025-06-19,TEC07,Si,22,1,1,0,0,1,1,0,-6.225742,-77.847346,formulario_campo,2,0,1,0
RC0003241,L003241,F0025,2025-05-27,TEC03,Si,38,0,0,0,0,0,0,1,-6.232533,-77.956916,formulario_campo,0,0,1,0
RC0003242,L003242,F0025,2026-08-20,TEC09,No,-1,1,1,1,1,1,1,1,-6.231742,-77.955997,formulario_campo,4,0,0,0
RC0003243,L003243,F0010,2025-05-24,TEC08,No_se_sabe,-1,0,0,0,0,0,1,0,-6.259188,-77.876746,formulario_campo,0,0,0,1
RC0003244,L003244,F0024,2025-05-19,TEC12,No_se_sabe,-1,0,0,0,0,0,0,0,-6.335678,-77.803149,cola_kafka,0,0,0,1
RC0003245,L003245,F0080,2026-06-16,TEC05,No_se_sabe,-1,1,0,1,1,1,0,0,-6.267879,-77.912087,formulario_campo,3,1,0,1
RC0003246,L003246,F0006,2025-06-13,TEC06,No,-1,0,1,0,0,1,1,0,-6.232213,-77.79068,cola_kafka,1,0,0,0
RC0003247,L003247,F0012,2025-07-08,TEC03,Si,9,1,1,0,0,1,0,0,-6.228357,-77.898432,formulario_campo,2,1,1,0
RC0003248,L003248,F0101,2025-06-04,TEC01,No,-1,1,0,0,1,1,0,1,-6.335609,-77.859564,dashboard_acopio,2,1,0,0
RC0003249,L003249,F0088,2025-08-04,TEC06,No_se_sabe,-1,0,0,0,0,0,1,0,-6.277265,-77.843545,formulario_campo,0,0,0,1
RC0003250,L003250,F0105,2026-04-06,TEC12,No,-1,0,0,0,0,0,1,1,-6.23691,-77.880318,dashboard_acopio,0,0,0,0
RC0003251,L003251,F0060,2025-08-20,TEC02,No_se_sabe,-1,1,0,0,0,1,1,1,-6.299564,-77.82989,cola_kafka,1,0,0,1
RC0003252,L003252,F0019,2026-04-04,TEC09,No,-1,1,0,1,0,1,1,1,-6.228299,-77.859574,dashboard_acopio,2,0,0,0
RC0003253,L003253,F0105,2025-02-25,TEC06,No,-1,0,1,0,1,1,0,1,-6.235864,-77.879667,formulario_campo,2,0,0,0
RC0003254,L003254,F0025,2025-05-01,TEC05,No_se_sabe,-1,0,0,0,0,0,1,0,-6.231869,-77.955745,formulario_campo,0,0,0,1
RC0003255,L003255,F0045,2025-07-01,TEC05,Si,1,1,0,1,1,1,0,0,-6.250114,-77.829282,cola_kafka,3,1,1,0
RC0003256,L003256,F0013,2025-06-24,TEC09,Si,36,1,0,0,1,1,0,0,-6.148335,-77.807877,formulario_campo,2,1,1,0
RC0003257,L003257,F0095,2025-06-04,TEC02,Si,16,1,0,0,1,1,1,1,-6.278745,-77.860507,formulario_campo,2,0,1,0
RC0003258,L003258,F0029,2025-07-01,TEC12,No,-1,1,0,0,1,1,1,0,-6.194526,-77.843412,formulario_campo,2,0,0,0
RC0003259,L003259,F0084,2026-08-13,TEC01,No_se_sabe,-1,0,0,0,0,0,1,1,-6.171822,-77.857799,cola_kafka,0,0,0,1
RC0003260,L003260,F0090,2026-08-14,TEC10,No,-1,0,1,0,0,1,1,1,-6.198851,-77.818117,dashboard_acopio,1,0,0,0
RC0003261,L003261,F0067,2025-08-30,TEC03,No,-1,1,0,1,0,1,0,0,-6.266891,-77.767875,formulario_campo,2,1,0,0
RC0003262,L003262,F0060,2025-09-16,TEC10,Si,18,0,1,0,0,1,1,0,-6.299696,-77.829156,formulario_campo,1,0,1,0
RC0003263,L003263,F0106,2026-02-10,TEC02,No_se_sabe,-1,0,0,0,1,1,1,1,-6.253187,-77.838409,formulario_campo,1,0,0,1
RC0003264,L003264,F0113,2026-06-23,TEC08,No_se_sabe,-1,0,0,1,0,1,0,0,-6.209358,-77.889235,formulario_campo,1,0,0,1
RC0003265,L003265,F0029,2025-11-04,TEC05,Si,16,1,1,1,1,1,1,0,-6.1933,-77.843632,formulario_campo,4,0,1,0
RC0003266,L003266,F0055,2025-05-24,TEC08,No_se_sabe,-1,1,1,1,0,1,0,0,-6.242629,-77.880272,cola_kafka,3,1,0,1
RC0003267,L003267,F0108,2025-09-10,TEC07,No_se_sabe,-1,0,1,0,1,1,1,0,-6.216477,-77.818341,dashboard_acopio,2,0,0,1
RC0003268,L003268,F0076,2026-05-06,TEC06,No,-1,0,0,0,0,0,1,1,-6.313482,-77.909037,cola_kafka,0,0,0,0
RC0003269,L003269,F0080,2025-08-28,TEC04,No_se_sabe,-1,0,0,0,0,0,1,1,-6.26816,-77.911116,dashboard_acopio,0,0,0,1
RC0003270,L003270,F0040,2025-06-07,TEC09,Si,19,1,0,0,1,1,1,1,-6.174165,-77.909319,formulario_campo,2,0,1,0
RC0003271,L003271,F0019,2025-06-09,TEC05,No_se_sabe,-1,0,0,1,0,1,1,0,-6.227104,-77.859791,cola_kafka,1,0,0,1
RC0003272,L003272,F0010,2025-09-03,TEC10,No_se_sabe,-1,0,0,0,0,0,1,1,-6.259835,-77.875939,formulario_campo,0,0,0,1
RC0003273,L003273,F0099,2026-05-31,TEC05,No,-1,1,0,0,1,1,1,1,-6.175374,-77.805504,cola_kafka,2,0,0,0
RC0003274,L003274,F0081,2025-04-04,TEC08,No_se_sabe,-1,0,0,0,0,0,1,1,-6.149064,-77.940268,formulario_campo,0,0,0,1
RC0003275,L003275,F0056,2026-08-01,TEC05,Si,40,0,0,0,0,0,0,0,-6.20733,-77.901514,cola_kafka,0,0,1,0
RC0003276,L003276,F0008,2025-07-26,TEC02,No,-1,1,1,0,0,1,0,0,-6.279842,-77.903416,dashboard_acopio,2,1,0,0
RC0003277,L003277,F0090,2026-08-13,TEC12,Si,30,0,0,1,0,1,1,1,-6.198121,-77.818246,cola_kafka,1,0,1,0
RC0003278,L003278,F0072,2025-10-27,TEC03,No_se_sabe,-1,1,0,1,0,1,0,0,-6.083483,-77.828444,formulario_campo,2,1,0,1
RC0003279,L003279,F0086,2025-04-12,TEC03,Si,10,1,1,1,0,1,0,0,-6.217455,-77.925872,formulario_campo,3,1,1,0
RC0003280,L003280,F0068,2026-04-26,TEC05,No_se_sabe,-1,0,0,1,0,1,1,1,-6.153547,-77.879721,cola_kafka,1,0,0,1
RC0003281,L003281,F0029,2025-06-07,TEC07,No_se_sabe,-1,0,1,1,0,1,1,1,-6.193939,-77.843762,cola_kafka,2,0,0,1
RC0003282,L003282,F0004,2026-06-06,TEC03,No,-1,1,0,1,1,1,1,0,-6.261133,-77.964429,formulario_campo,3,0,0,0
RC0003283,L003283,F0102,2025-09-30,TEC02,No_se_sabe,-1,0,1,1,1,1,1,1,-6.276704,-77.942169,formulario_campo,3,0,0,1
RC0003284,L003284,F0094,2025-08-01,TEC02,Si,37,0,0,0,0,0,1,1,-6.268748,-77.940916,dashboard_acopio,0,0,1,0
RC0003285,L003285,F0012,2025-08-22,TEC05,No_se_sabe,-1,0,1,1,1,1,1,0,-6.229573,-77.8989,formulario_campo,3,0,0,1
RC0003286,L003286,F0107,2025-08-20,TEC03,No_se_sabe,-1,1,1,0,0,1,1,1,-6.227114,-77.903437,cola_kafka,2,0,0,1
RC0003287,L003287,F0003,2025-10-14,TEC01,Si,3,1,1,1,0,1,0,0,-6.214784,-77.819543,formulario_campo,3,1,1,0
RC0003288,L003288,F0043,2025-07-18,TEC04,Si,16,0,0,0,1,1,1,1,-6.173124,-77.94489,cola_kafka,1,0,1,0
RC0003289,L003289,F0017,2026-06-06,TEC05,Si,42,0,0,1,0,1,1,0,-6.271588,-77.855832,formulario_campo,1,0,1,0
RC0003290,L003290,F0067,2026-01-08,TEC01,No,-1,0,0,0,0,0,0,0,-6.268115,-77.767304,formulario_campo,0,0,0,0
RC0003291,L003291,F0105,2026-05-31,TEC09,No_se_sabe,-1,0,0,1,1,1,1,1,-6.237107,-77.880354,cola_kafka,2,0,0,1
RC0003292,L003292,F0082,2026-04-04,TEC08,No,-1,1,1,0,1,1,0,0,-6.195669,-77.869067,cola_kafka,3,1,0,0
RC0003293,L003293,F0099,2025-03-24,TEC09,Si,25,0,0,0,1,1,0,1,-6.175314,-77.806212,formulario_campo,1,0,1,0
RC0003294,L003294,F0059,2026-06-29,TEC10,Si,16,0,0,0,0,0,1,1,-6.249156,-77.974001,formulario_campo,0,0,1,0
RC0003295,L003295,F0072,2026-04-17,TEC05,No,-1,1,0,0,0,1,1,0,-6.083115,-77.827983,dashboard_acopio,1,0,0,0
RC0003296,L003296,F0073,2025-08-12,TEC12,Si,20,0,0,0,0,0,1,1,-6.195717,-77.917805,cola_kafka,0,0,1,0
RC0003297,L003297,F0046,2026-04-19,TEC04,Si,32,1,0,1,0,1,0,0,-6.280547,-77.880727,formulario_campo,2,1,1,0
RC0003298,L003298,F0039,2025-07-08,TEC09,Si,33,0,0,0,0,0,1,1,-6.219658,-77.783186,cola_kafka,0,0,1,0
RC0003299,L003299,F0021,2026-07-26,TEC01,Si,22,0,0,0,1,1,1,1,-6.289215,-77.863107,cola_kafka,1,0,1,0
RC0003300,L003300,F0010,2026-04-11,TEC06,No,-1,1,1,0,0,1,0,0,-6.258837,-77.876583,formulario_campo,2,1,0,0
RC0003301,L003301,F0017,2026-05-05,TEC08,No,-1,1,0,1,1,1,1,1,-6.271199,-77.856809,cola_kafka,3,0,0,0
RC0003302,L003302,F0120,2025-04-27,TEC12,No,-1,0,0,1,1,1,1,1,-6.220067,-77.875732,formulario_campo,2,0,0,0
RC0003303,L003303,F0018,2025-09-29,TEC08,No_se_sabe,-1,1,0,0,0,1,1,1,-6.224134,-77.901796,formulario_campo,1,0,0,1
RC0003304,L003304,F0107,2026-01-26,TEC08,No_se_sabe,-1,1,0,0,0,1,1,1,-6.22745,-77.903461,formulario_campo,1,0,0,1
RC0003305,L003305,F0061,2025-05-29,TEC12,No,-1,1,1,0,1,1,1,0,-6.24276,-77.862019,formulario_campo,3,0,0,0
RC0003306,L003306,F0031,2025-05-24,TEC01,No,-1,1,0,1,1,1,0,1,-6.245788,-77.930875,cola_kafka,3,1,0,0
RC0003307,L003307,F0034,2025-10-29,TEC04,No,-1,1,0,1,0,1,0,0,-6.210861,-77.885177,formulario_campo,2,1,0,0
RC0003308,L003308,F0040,2025-09-18,TEC12,Si,3,0,1,1,0,1,1,0,-6.173658,-77.908129,cola_kafka,2,0,1,0
RC0003309,L003309,F0073,2026-05-24,TEC11,Si,12,0,1,1,1,1,1,1,-6.195544,-77.917746,cola_kafka,3,0,1,0
RC0003310,L003310,F0101,2025-05-02,TEC01,No,-1,0,1,0,0,1,0,0,-6.335987,-77.859076,formulario_campo,1,0,0,0
RC0003311,L003311,F0093,2026-04-27,TEC02,No,-1,1,0,1,1,1,0,1,-6.2445,-77.904466,formulario_campo,3,1,0,0
RC0003312,L003312,F0049,2026-07-13,TEC02,No,-1,1,1,1,0,1,0,0,-6.195526,-77.915078,formulario_campo,3,1,0,0
RC0003313,L003313,F0029,2025-04-18,TEC01,No_se_sabe,-1,1,0,0,0,1,1,0,-6.193729,-77.843675,formulario_campo,1,0,0,1
RC0003314,L003314,F0042,2026-03-19,TEC01,No_se_sabe,-1,1,0,0,1,1,1,1,-6.208025,-77.965405,formulario_campo,2,0,0,1
RC0003315,L003315,F0085,2025-01-17,TEC10,No,-1,1,0,0,0,1,1,1,-6.27646,-77.853865,cola_kafka,1,0,0,0
RC0003316,L003316,F0076,2026-07-08,TEC12,Si,4,1,1,0,0,1,1,1,-6.314938,-77.909887,formulario_campo,2,0,1,0
RC0003317,L003317,F0033,2025-06-08,TEC03,Si,26,0,0,0,0,0,1,1,-6.206604,-77.893236,cola_kafka,0,0,1,0
RC0003318,L003318,F0104,2026-08-30,TEC12,Si,38,0,0,0,1,1,0,0,-6.209706,-77.861703,formulario_campo,1,0,1,0
RC0003319,L003319,F0012,2026-08-05,TEC08,No_se_sabe,-1,1,0,1,1,1,0,0,-6.228319,-77.897953,formulario_campo,3,1,0,1
RC0003320,L003320,F0038,2026-04-18,TEC02,No,-1,0,0,0,1,1,1,1,-6.242437,-77.854587,dashboard_acopio,1,0,0,0
RC0003321,L003321,F0010,2025-05-16,TEC07,Si,32,0,0,0,0,0,1,1,-6.260745,-77.874502,dashboard_acopio,0,0,1,0
RC0003322,L003322,F0061,2026-05-03,TEC09,Si,43,0,0,1,0,1,1,1,-6.243432,-77.862418,formulario_campo,1,0,1,0
RC0003323,L003323,F0007,2026-08-29,TEC09,No,-1,1,0,0,1,1,1,1,-6.196524,-77.904169,formulario_campo,2,0,0,0
RC0003324,L003324,F0090,2026-06-28,TEC09,No,-1,0,1,0,0,1,1,0,-6.198793,-77.81895,formulario_campo,1,0,0,0
RC0003325,L003325,F0023,2025-01-21,TEC02,No_se_sabe,-1,1,1,1,0,1,0,0,-6.160463,-77.837131,formulario_campo,3,1,0,1
RC0003326,L003326,F0055,2026-04-03,TEC09,No_se_sabe,-1,0,1,1,1,1,1,0,-6.242501,-77.880231,dashboard_acopio,3,0,0,1
RC0003327,L003327,F0024,2025-04-19,TEC09,No,-1,1,0,0,1,1,1,0,-6.335638,-77.803225,formulario_campo,2,0,0,0
RC0003328,L003328,F0072,2025-05-13,TEC12,No,-1,0,0,0,1,1,1,1,-6.084021,-77.827418,dashboard_acopio,1,0,0,0
RC0003329,L003329,F0043,2025-06-17,TEC08,No,-1,0,0,0,1,1,1,1,-6.172409,-77.945625,dashboard_acopio,1,0,0,0
RC0003330,L003330,F0093,2026-07-14,TEC06,No,-1,1,1,1,0,1,1,0,-6.244741,-77.904983,dashboard_acopio,3,0,0,0
RC0003331,L003331,F0003,2025-01-25,TEC05,Si,3,0,0,1,0,1,1,1,-6.214551,-77.820837,formulario_campo,1,0,1,0
RC0003332,L003332,F0066,2025-06-11,TEC03,No_se_sabe,-1,0,1,0,0,1,0,0,-6.261945,-77.809099,formulario_campo,1,0,0,1
RC0003333,L003333,F0084,2026-06-26,TEC10,No,-1,1,1,0,1,1,1,0,-6.172159,-77.856734,cola_kafka,3,0,0,0
RC0003334,L003334,F0118,2025-07-15,TEC09,No,-1,1,0,0,0,1,0,0,-6.27691,-77.833204,formulario_campo,1,1,0,0
RC0003335,L003335,F0014,2025-04-23,TEC02,No_se_sabe,-1,0,0,0,1,1,1,1,-6.252212,-77.799383,formulario_campo,1,0,0,1
RC0003336,L003336,F0060,2026-08-12,TEC01,Si,7,1,1,1,0,1,1,0,-6.300089,-77.829697,formulario_campo,3,0,1,0
RC0003337,L003337,F0026,2025-06-22,TEC02,No,-1,0,0,1,1,1,0,1,-6.234826,-77.770877,formulario_campo,2,0,0,0
RC0003338,L003338,F0054,2026-07-20,TEC07,No,-1,1,0,1,1,1,1,1,-6.195824,-77.865495,cola_kafka,3,0,0,0
RC0003339,L003339,F0039,2026-08-16,TEC12,No_se_sabe,-1,0,1,0,1,1,0,0,-6.220182,-77.783431,formulario_campo,2,0,0,1
RC0003340,L003340,F0003,2025-06-23,TEC12,Si,16,0,0,0,1,1,1,1,-6.215707,-77.819408,formulario_campo,1,0,1,0
RC0003341,L003341,F0027,2025-12-13,TEC11,Si,30,0,1,1,1,1,1,1,-6.277631,-77.793231,formulario_campo,3,0,1,0
RC0003342,L003342,F0102,2025-06-16,TEC04,Si,3,0,0,0,1,1,1,1,-6.277067,-77.943713,cola_kafka,1,0,1,0
RC0003343,L003343,F0047,2026-08-07,TEC07,No_se_sabe,-1,1,1,0,0,1,0,0,-6.188721,-77.79759,formulario_campo,2,1,0,1
RC0003344,L003344,F0070,2026-04-08,TEC05,No,-1,1,0,1,0,1,0,0,-6.189912,-77.846138,formulario_campo,2,1,0,0
RC0003345,L003345,F0008,2025-07-22,TEC06,Si,34,0,0,0,0,0,1,1,-6.280604,-77.903433,formulario_campo,0,0,1,0
RC0003346,L003346,F0027,2026-06-15,TEC05,Si,33,1,0,1,1,1,0,0,-6.277794,-77.793308,dashboard_acopio,3,1,1,0
RC0003347,L003347,F0120,2025-04-29,TEC08,No,-1,0,0,0,1,1,1,1,-6.221207,-77.875053,dashboard_acopio,1,0,0,0
RC0003348,L003348,F0054,2025-07-07,TEC01,No_se_sabe,-1,0,1,1,1,1,1,0,-6.194962,-77.865733,cola_kafka,3,0,0,1
RC0003349,L003349,F0088,2025-06-24,TEC03,No_se_sabe,-1,0,0,0,1,1,1,1,-6.278398,-77.844592,formulario_campo,1,0,0,1
RC0003350,L003350,F0118,2026-03-21,TEC10,No,-1,0,1,0,0,1,0,0,-6.277323,-77.831506,formulario_campo,1,0,0,0
RC0003351,L003351,F0016,2026-08-11,TEC03,No,-1,1,0,1,0,1,1,0,-6.244248,-77.874947,formulario_campo,2,0,0,0
RC0003352,L003352,F0020,2026-04-20,TEC11,Si,8,0,0,1,0,1,0,0,-6.203464,-77.891293,formulario_campo,1,0,1,0
RC0003353,L003353,F0020,2025-06-25,TEC02,Si,32,0,0,0,1,1,1,1,-6.203833,-77.890415,formulario_campo,1,0,1,0
RC0003354,L003354,F0016,2025-07-27,TEC09,No_se_sabe,-1,1,0,0,0,1,1,0,-6.243811,-77.87507,cola_kafka,1,0,0,1
RC0003355,L003355,F0025,2026-03-29,TEC07,Si,27,1,0,0,1,1,0,0,-6.231829,-77.956533,formulario_campo,2,1,1,0
RC0003356,L003356,F0003,2025-04-11,TEC11,No,-1,0,0,1,1,1,0,0,-6.21452,-77.820086,dashboard_acopio,2,0,0,0
RC0003357,L003357,F0002,2025-09-03,TEC09,Si,25,1,1,1,0,1,1,0,-6.21888,-77.931966,cola_kafka,3,0,1,0
RC0003358,L003358,F0053,2025-05-07,TEC08,No,-1,0,0,1,1,1,1,1,-6.259247,-77.903448,cola_kafka,2,0,0,0
RC0003359,L003359,F0045,2026-07-01,TEC02,Si,25,0,0,0,0,0,1,1,-6.251399,-77.829958,formulario_campo,0,0,1,0
RC0003360,L003360,F0113,2025-08-02,TEC05,No,-1,0,1,0,1,1,1,1,-6.209333,-77.888854,cola_kafka,2,0,0,0
RC0003361,L003361,F0084,2026-07-14,TEC09,Si,34,0,0,0,0,0,0,0,-6.172284,-77.858452,dashboard_acopio,0,0,1,0
RC0003362,L003362,F0012,2026-08-03,TEC02,No,-1,0,0,0,1,1,1,1,-6.229696,-77.898946,formulario_campo,1,0,0,0
RC0003363,L003363,F0024,2026-05-05,TEC01,No,-1,0,1,0,1,1,0,0,-6.336065,-77.802257,formulario_campo,2,0,0,0
RC0003364,L003364,F0028,2026-04-21,TEC05,Si,6,1,0,0,1,1,0,0,-6.232908,-77.853746,formulario_campo,2,1,1,0
RC0003365,L003365,F0119,2025-04-09,TEC05,No,-1,0,1,1,0,1,1,0,-6.220306,-77.900515,formulario_campo,2,0,0,0
RC0003366,L003366,F0001,2026-04-18,TEC01,No,-1,0,1,1,1,1,1,1,-6.236438,-77.779874,formulario_campo,3,0,0,0
RC0003367,L003367,F0061,2026-08-30,TEC06,Si,3,0,0,1,0,1,1,1,-6.243096,-77.862687,formulario_campo,1,0,1,0
RC0003368,L003368,F0112,2025-05-30,TEC02,Si,7,0,1,0,0,1,0,0,-6.275873,-77.861715,dashboard_acopio,1,0,1,0
RC0003369,L003369,F0043,2025-08-22,TEC11,No,-1,0,0,1,0,1,1,0,-6.173008,-77.946003,dashboard_acopio,1,0,0,0
RC0003370,L003370,F0064,2025-04-14,TEC05,Si,25,1,0,0,1,1,1,0,-6.272621,-77.802931,dashboard_acopio,2,0,1,0
RC0003371,L003371,F0108,2026-02-23,TEC10,Si,29,1,0,0,0,1,1,1,-6.216087,-77.820618,formulario_campo,1,0,1,0
RC0003372,L003372,F0105,2026-07-26,TEC10,Si,40,1,0,0,0,1,1,1,-6.235608,-77.879983,formulario_campo,1,0,1,0
RC0003373,L003373,F0118,2026-06-30,TEC03,Si,32,1,1,1,0,1,1,1,-6.27714,-77.833983,formulario_campo,3,0,1,0
RC0003374,L003374,F0120,2025-06-06,TEC05,No,-1,0,0,0,0,0,1,1,-6.220067,-77.874615,formulario_campo,0,0,0,0
RC0003375,L003375,F0002,2026-08-13,TEC08,Si,28,1,0,1,0,1,1,0,-6.219281,-77.932293,formulario_campo,2,0,1,0
RC0003376,L003376,F0116,2025-05-14,TEC12,Si,3,1,0,0,0,1,1,0,-6.225521,-77.847679,formulario_campo,1,0,1,0
RC0003377,L003377,F0039,2025-05-30,TEC01,No_se_sabe,-1,1,0,0,0,1,0,0,-6.220404,-77.782699,formulario_campo,1,1,0,1
RC0003378,L003378,F0114,2026-02-11,TEC04,No,-1,1,0,0,1,1,0,0,-6.301815,-77.849918,formulario_campo,2,1,0,0
RC0003379,L003379,F0039,2025-09-15,TEC03,No_se_sabe,-1,0,1,1,0,1,1,0,-6.220742,-77.782089,formulario_campo,2,0,0,1
RC0003380,L003380,F0075,2025-07-27,TEC11,No_se_sabe,-1,1,0,1,0,1,0,0,-6.228233,-77.937777,formulario_campo,2,1,0,1
RC0003381,L003381,F0050,2025-09-14,TEC11,No,-1,0,0,0,0,0,1,1,-6.300395,-77.914799,formulario_campo,0,0,0,0
RC0003382,L003382,F0068,2026-06-28,TEC04,Si,19,1,1,0,1,1,0,0,-6.153629,-77.880781,cola_kafka,3,1,1,0
RC0003383,L003383,F0061,2026-07-10,TEC03,Si,43,0,0,0,1,1,1,1,-6.242929,-77.863334,dashboard_acopio,1,0,1,0
RC0003384,L003384,F0017,2025-08-28,TEC05,No_se_sabe,-1,1,0,0,0,1,0,0,-6.272144,-77.855556,formulario_campo,1,1,0,1
RC0003385,L003385,F0071,2025-05-04,TEC07,Si,32,0,1,0,1,1,0,0,-6.236693,-77.87079,formulario_campo,2,0,1,0
RC0003386,L003386,F0060,2025-08-24,TEC09,Si,19,0,0,1,1,1,1,0,-6.301324,-77.828908,formulario_campo,2,0,1,0
RC0003387,L003387,F0109,2026-07-28,TEC02,Si,24,1,1,1,1,1,1,0,-6.251187,-77.891607,dashboard_acopio,4,0,1,0
RC0003388,L003388,F0054,2025-08-08,TEC11,No,-1,1,0,0,1,1,0,0,-6.194065,-77.865073,formulario_campo,2,1,0,0
RC0003389,L003389,F0040,2026-06-17,TEC09,Si,35,1,0,0,0,1,0,1,-6.174086,-77.908748,formulario_campo,1,1,1,0
RC0003390,L003390,F0073,2025-10-06,TEC04,No,-1,0,0,0,0,0,1,1,-6.196079,-77.917851,formulario_campo,0,0,0,0
RC0003391,L003391,F0101,2026-07-24,TEC03,Si,30,0,0,0,0,0,1,1,-6.335318,-77.859036,formulario_campo,0,0,1,0
RC0003392,L003392,F0093,2025-09-15,TEC09,No,-1,0,1,0,0,1,1,1,-6.243887,-77.90606,cola_kafka,1,0,0,0
RC0003393,L003393,F0069,2025-05-26,TEC04,Si,41,0,0,0,0,0,1,1,-6.317443,-77.834735,formulario_campo,0,0,1,0
RC0003394,L003394,F0101,2026-04-30,TEC02,No,-1,1,1,0,0,1,1,0,-6.335852,-77.859593,formulario_campo,2,0,0,0
RC0003395,L003395,F0054,2025-09-14,TEC11,No,-1,0,1,0,1,1,1,1,-6.195316,-77.864531,cola_kafka,2,0,0,0
RC0003396,L003396,F0066,2025-04-01,TEC07,Si,12,0,0,0,1,1,1,0,-6.262797,-77.809781,dashboard_acopio,1,0,1,0
RC0003397,L003397,F0070,2026-04-11,TEC10,No,-1,1,1,1,1,1,1,0,-6.189725,-77.846747,dashboard_acopio,4,0,0,0
RC0003398,L003398,F0116,2026-06-29,TEC03,Si,44,0,1,1,0,1,0,0,-6.226692,-77.84822,formulario_campo,2,0,1,0
RC0003399,L003399,F0101,2026-06-01,TEC09,Si,17,1,0,1,0,1,0,0,-6.335725,-77.86036,dashboard_acopio,2,1,1,0
RC0003400,L003400,F0020,2026-03-15,TEC09,No_se_sabe,-1,1,0,0,0,1,1,1,-6.202555,-77.892151,formulario_campo,1,0,0,1
RC0003401,L003401,F0051,2026-07-20,TEC09,Si,18,0,0,0,0,0,1,0,-6.225853,-77.932079,dashboard_acopio,0,0,1,0
RC0003402,L003402,F0111,2026-04-04,TEC04,No_se_sabe,-1,0,0,0,1,1,1,1,-6.237416,-77.858047,cola_kafka,1,0,0,1
RC0003403,L003403,F0116,2025-07-31,TEC02,Si,41,0,0,0,0,0,1,1,-6.226661,-77.848569,formulario_campo,0,0,1,0
RC0003404,L003404,F0091,2026-04-22,TEC07,Si,32,0,0,0,0,0,0,0,-6.219675,-77.876316,dashboard_acopio,0,0,1,0
RC0003405,L003405,F0110,2026-08-04,TEC12,No_se_sabe,-1,0,0,1,1,1,1,1,-6.272102,-77.879374,dashboard_acopio,2,0,0,1
RC0003406,L003406,F0004,2025-07-23,TEC04,No,-1,0,0,0,0,0,1,1,-6.261382,-77.96466,cola_kafka,0,0,0,0
RC0003407,L003407,F0102,2025-05-11,TEC08,No_se_sabe,-1,0,0,1,0,1,1,1,-6.277639,-77.942386,formulario_campo,1,0,0,1
RC0003408,L003408,F0060,2025-09-20,TEC08,Si,31,0,0,0,0,0,0,1,-6.299559,-77.830577,formulario_campo,0,0,1,0
RC0003409,L003409,F0012,2025-09-08,TEC01,Si,23,0,0,0,1,1,1,1,-6.230121,-77.898961,formulario_campo,1,0,1,0
RC0003410,L003410,F0051,2025-05-21,TEC08,Si,38,1,0,0,0,1,0,0,-6.226093,-77.931176,formulario_campo,1,1,1,0
RC0003411,L003411,F0010,2025-07-06,TEC07,No,-1,0,0,0,1,1,1,1,-6.260035,-77.875457,formulario_campo,1,0,0,0
RC0003412,L003412,F0047,2025-09-10,TEC06,Si,5,0,0,1,0,1,1,0,-6.189491,-77.798077,formulario_campo,1,0,1,0
RC0003413,L003413,F0072,2025-07-17,TEC04,No,-1,0,0,0,0,0,0,1,-6.083467,-77.827726,cola_kafka,0,0,0,0
RC0003414,L003414,F0012,2026-05-14,TEC04,Si,24,0,0,0,1,1,1,1,-6.229495,-77.898652,formulario_campo,1,0,1,0
RC0003415,L003415,F0044,2026-05-04,TEC08,Si,10,0,0,1,0,1,0,0,-6.316133,-77.890018,dashboard_acopio,1,0,1,0
RC0003416,L003416,F0114,2025-01-26,TEC08,Si,11,1,1,1,1,1,1,0,-6.302249,-77.849535,dashboard_acopio,4,0,1,0
RC0003417,L003417,F0085,2025-02-06,TEC05,Si,41,0,0,0,0,0,1,1,-6.275679,-77.854419,formulario_campo,0,0,1,0
RC0003418,L003418,F0002,2026-04-24,TEC09,Si,10,0,0,0,0,0,1,1,-6.219296,-77.931929,formulario_campo,0,0,1,0
RC0003419,L003419,F0088,2025-06-10,TEC03,No_se_sabe,-1,1,0,1,0,1,0,0,-6.277224,-77.844531,formulario_campo,2,1,0,1
RC0003420,L003420,F0008,2026-05-14,TEC11,No,-1,0,1,0,0,1,0,0,-6.279334,-77.904213,dashboard_acopio,1,0,0,0
RC0003421,L003421,F0080,2025-06-06,TEC11,Si,18,0,0,0,0,0,1,1,-6.268448,-77.91191,cola_kafka,0,0,1,0
RC0003422,L003422,F0037,2025-05-29,TEC09,No,-1,0,0,0,1,1,0,0,-6.2025,-77.860805,cola_kafka,1,0,0,0
RC0003423,L003423,F0053,2026-02-06,TEC09,No,-1,1,1,1,1,1,1,1,-6.258137,-77.902078,cola_kafka,4,0,0,0
RC0003424,L003424,F0004,2026-08-12,TEC06,No,-1,1,0,0,0,1,0,0,-6.261501,-77.964262,formulario_campo,1,1,0,0
RC0003425,L003425,F0002,2025-07-10,TEC12,No,-1,0,1,0,0,1,1,0,-6.219554,-77.932249,cola_kafka,1,0,0,0
RC0003426,L003426,F0099,2026-07-14,TEC05,Si,30,0,1,0,1,1,0,0,-6.176392,-77.805331,formulario_campo,2,0,1,0
RC0003427,L003427,F0116,2026-07-12,TEC09,Si,35,0,0,1,0,1,0,0,-6.225192,-77.847282,formulario_campo,1,0,1,0
RC0003428,L003428,F0074,2025-09-23,TEC02,No,-1,1,0,0,0,1,1,1,-6.272832,-77.870333,formulario_campo,1,0,0,0
RC0003429,L003429,F0110,2025-07-13,TEC12,No,-1,0,1,0,0,1,0,0,-6.272329,-77.878487,cola_kafka,1,0,0,0
RC0003430,L003430,F0061,2026-04-02,TEC02,No,-1,1,0,1,1,1,1,1,-6.243324,-77.863462,cola_kafka,3,0,0,0
RC0003431,L003431,F0077,2026-07-23,TEC09,No,-1,0,0,1,1,1,0,0,-6.226348,-77.837978,formulario_campo,2,0,0,0
RC0003432,L003432,F0085,2026-08-27,TEC01,No_se_sabe,-1,0,0,0,0,0,1,1,-6.275063,-77.85412,cola_kafka,0,0,0,1
RC0003433,L003433,F0009,2026-07-05,TEC04,Si,30,0,0,0,0,0,0,0,-6.273295,-77.825871,dashboard_acopio,0,0,1,0
RC0003434,L003434,F0114,2026-07-20,TEC01,Si,3,0,0,0,1,1,1,1,-6.301616,-77.849726,formulario_campo,1,0,1,0
RC0003435,L003435,F0113,2025-08-25,TEC11,Si,28,0,0,0,0,0,1,1,-6.209595,-77.888941,dashboard_acopio,0,0,1,0
RC0003436,L003436,F0063,2025-09-12,TEC06,No,-1,0,0,0,1,1,1,1,-6.242583,-77.958001,cola_kafka,1,0,0,0
RC0003437,L003437,F0043,2026-04-02,TEC07,No_se_sabe,-1,0,0,0,0,0,1,1,-6.173071,-77.944611,dashboard_acopio,0,0,0,1
RC0003438,L003438,F0026,2026-04-25,TEC12,Si,30,1,0,0,0,1,0,0,-6.234165,-77.77077,cola_kafka,1,1,1,0
RC0003439,L003439,F0050,2025-02-28,TEC06,Si,11,1,1,1,0,1,0,0,-6.299039,-77.914522,formulario_campo,3,1,1,0
RC0003440,L003440,F0095,2025-06-26,TEC04,No_se_sabe,-1,1,1,0,0,1,1,0,-6.279083,-77.860925,formulario_campo,2,0,0,1
RC0003441,L003441,F0006,2025-08-31,TEC06,Si,40,1,1,0,0,1,1,0,-6.231389,-77.79089,dashboard_acopio,2,0,1,0
RC0003442,L003442,F0109,2025-07-17,TEC11,No_se_sabe,-1,1,1,1,0,1,0,0,-6.252406,-77.891978,formulario_campo,3,1,0,1
RC0003443,L003443,F0024,2025-05-28,TEC03,Si,32,1,0,0,1,1,1,1,-6.334955,-77.80291,cola_kafka,2,0,1,0
RC0003444,L003444,F0073,2025-07-03,TEC02,No_se_sabe,-1,1,1,1,0,1,0,0,-6.195652,-77.916893,formulario_campo,3,1,0,1
RC0003445,L003445,F0040,2025-07-12,TEC12,Si,25,1,0,1,0,1,0,0,-6.174241,-77.909109,formulario_campo,2,1,1,0
RC0003446,L003446,F0105,2026-05-19,TEC06,Si,41,1,0,0,0,1,1,1,-6.236671,-77.87838,cola_kafka,1,0,1,0
RC0003447,L003447,F0039,2025-06-03,TEC06,No,-1,0,0,0,0,0,0,0,-6.220104,-77.783114,cola_kafka,0,0,0,0
RC0003448,L003448,F0042,2025-07-23,TEC07,No,-1,0,1,1,0,1,0,0,-6.206826,-77.965053,cola_kafka,2,0,0,0
RC0003449,L003449,F0025,2025-08-05,TEC04,Si,42,0,0,1,1,1,1,1,-6.232628,-77.955909,formulario_campo,2,0,1,0
RC0003450,L003450,F0118,2025-03-21,TEC04,No_se_sabe,-1,0,1,0,1,1,1,0,-6.277087,-77.833949,cola_kafka,2,0,0,1
RC0003451,L003451,F0108,2026-03-15,TEC08,No,-1,0,0,1,0,1,0,0,-6.216882,-77.819541,dashboard_acopio,1,0,0,0
RC0003452,L003452,F0043,2026-08-01,TEC09,No_se_sabe,-1,1,1,1,0,1,0,0,-6.173292,-77.944721,formulario_campo,3,1,0,1
RC0003453,L003453,F0110,2025-04-29,TEC07,Si,9,0,0,0,1,1,0,1,-6.273143,-77.87877,formulario_campo,1,0,1,0
RC0003454,L003454,F0037,2025-08-07,TEC08,No,-1,1,1,1,0,1,1,0,-6.203093,-77.860658,cola_kafka,3,0,0,0
RC0003455,L003455,F0034,2025-07-03,TEC01,No,-1,1,1,1,0,1,1,1,-6.210795,-77.884222,formulario_campo,3,0,0,0
RC0003456,L003456,F0013,2025-09-13,TEC11,No,-1,0,0,1,0,1,1,1,-6.148987,-77.80883,cola_kafka,1,0,0,0
RC0003457,L003457,F0027,2026-05-12,TEC01,Si,1,1,0,0,0,1,0,1,-6.277516,-77.792443,formulario_campo,1,1,1,0
RC0003458,L003458,F0042,2026-04-22,TEC03,No,-1,0,1,1,1,1,1,1,-6.208124,-77.966073,cola_kafka,3,0,0,0
RC0003459,L003459,F0106,2025-11-05,TEC03,No,-1,0,0,0,0,0,1,1,-6.252654,-77.837784,dashboard_acopio,0,0,0,0
RC0003460,L003460,F0112,2026-08-09,TEC05,No,-1,0,1,1,0,1,0,0,-6.276285,-77.861062,dashboard_acopio,2,0,0,0
RC0003461,L003461,F0030,2026-05-26,TEC05,No_se_sabe,-1,0,0,0,1,1,0,1,-6.208699,-77.903419,formulario_campo,1,0,0,1
RC0003462,L003462,F0104,2026-05-30,TEC02,No,-1,0,0,1,0,1,1,1,-6.20886,-77.86212,cola_kafka,1,0,0,0
RC0003463,L003463,F0102,2025-02-22,TEC03,Si,14,1,0,1,0,1,0,0,-6.276973,-77.942743,formulario_campo,2,1,1,0
RC0003464,L003464,F0076,2025-05-07,TEC11,Si,15,1,0,0,0,1,1,1,-6.315655,-77.908592,formulario_campo,1,0,1,0
RC0003465,L003465,F0082,2025-08-01,TEC03,No_se_sabe,-1,0,1,0,1,1,1,1,-6.195795,-77.870426,formulario_campo,2,0,0,1
RC0003466,L003466,F0099,2025-06-22,TEC06,Si,40,1,0,0,0,1,0,0,-6.175304,-77.806583,cola_kafka,1,1,1,0
RC0003467,L003467,F0106,2025-07-12,TEC02,Si,34,0,1,1,0,1,0,0,-6.254131,-77.838495,cola_kafka,2,0,1,0
RC0003468,L003468,F0102,2026-06-30,TEC09,No_se_sabe,-1,1,1,0,1,1,0,0,-6.276753,-77.943653,cola_kafka,3,1,0,1
RC0003469,L003469,F0104,2025-09-24,TEC05,Si,10,0,1,0,1,1,1,1,-6.209886,-77.861619,formulario_campo,2,0,1,0
RC0003470,L003470,F0038,2025-06-09,TEC09,No,-1,1,0,0,0,1,0,0,-6.243439,-77.855266,formulario_campo,1,1,0,0
RC0003471,L003471,F0023,2025-04-27,TEC11,No_se_sabe,-1,1,1,0,0,1,0,0,-6.161505,-77.837379,formulario_campo,2,1,0,1
RC0003472,L003472,F0069,2025-08-27,TEC12,Si,31,1,0,1,1,1,1,0,-6.31834,-77.833467,formulario_campo,3,0,1,0
RC0003473,L003473,F0002,2026-07-18,TEC06,Si,32,1,0,0,1,1,0,0,-6.219763,-77.932018,formulario_campo,2,1,1,0
RC0003474,L003474,F0022,2026-04-08,TEC04,No_se_sabe,-1,0,0,0,1,1,1,0,-6.253948,-77.856991,formulario_campo,1,0,0,1
RC0003475,L003475,F0087,2026-05-26,TEC01,No_se_sabe,-1,1,0,0,1,1,1,1,-6.207945,-77.7981,formulario_campo,2,0,0,1
RC0003476,L003476,F0082,2026-04-30,TEC03,No_se_sabe,-1,1,0,0,0,1,1,1,-6.194727,-77.87041,dashboard_acopio,1,0,0,1
RC0003477,L003477,F0109,2025-08-15,TEC09,Si,22,0,1,0,1,1,0,0,-6.251843,-77.891373,cola_kafka,2,0,1,0
RC0003478,L003478,F0083,2026-01-08,TEC04,No_se_sabe,-1,0,0,0,1,1,1,1,-6.167615,-77.891927,formulario_campo,1,0,0,1
RC0003479,L003479,F0091,2025-10-10,TEC04,No,-1,0,0,0,1,1,1,1,-6.21914,-77.87755,cola_kafka,1,0,0,0
RC0003480,L003480,F0016,2025-04-14,TEC03,No_se_sabe,-1,0,0,1,0,1,1,0,-6.24294,-77.875089,dashboard_acopio,1,0,0,1
RC0003481,L003481,F0084,2025-09-11,TEC11,Si,28,0,1,0,1,1,1,0,-6.173,-77.857711,dashboard_acopio,2,0,1,0
RC0003482,L003482,F0051,2025-05-03,TEC12,Si,29,1,1,1,0,1,1,0,-6.225675,-77.931971,formulario_campo,3,0,1,0
RC0003483,L003483,F0070,2025-08-31,TEC11,No_se_sabe,-1,0,0,0,0,0,1,1,-6.190334,-77.84652,formulario_campo,0,0,0,1
RC0003484,L003484,F0087,2026-05-03,TEC12,No_se_sabe,-1,0,1,1,0,1,0,0,-6.209119,-77.798208,formulario_campo,2,0,0,1
RC0003485,L003485,F0072,2025-05-11,TEC01,No,-1,0,0,1,0,1,1,1,-6.082166,-77.828791,formulario_campo,1,0,0,0
RC0003486,L003486,F0020,2025-08-13,TEC01,No,-1,1,0,0,1,1,1,1,-6.203327,-77.891871,cola_kafka,2,0,0,0
RC0003487,L003487,F0016,2025-05-31,TEC10,Si,22,0,1,0,0,1,1,0,-6.243297,-77.874195,formulario_campo,1,0,1,0
RC0003488,L003488,F0118,2025-07-14,TEC01,No,-1,0,1,1,1,1,0,0,-6.278104,-77.833988,dashboard_acopio,3,0,0,0
RC0003489,L003489,F0093,2025-05-06,TEC06,No,-1,1,0,1,0,1,0,0,-6.245121,-77.906306,formulario_campo,2,1,0,0
RC0003490,L003490,F0030,2026-06-24,TEC08,Si,15,0,1,1,0,1,1,0,-6.208645,-77.903684,formulario_campo,2,0,1,0
RC0003491,L003491,F0016,2025-08-20,TEC03,Si,14,1,1,0,1,1,0,0,-6.242877,-77.875479,cola_kafka,3,1,1,0
RC0003492,L003492,F0110,2025-08-07,TEC02,No_se_sabe,-1,0,1,1,0,1,1,0,-6.272544,-77.878941,formulario_campo,2,0,0,1
RC0003493,L003493,F0098,2026-07-15,TEC04,Si,32,1,1,1,0,1,1,0,-6.211047,-77.898807,formulario_campo,3,0,1,0
RC0003494,L003494,F0045,2025-05-02,TEC03,No_se_sabe,-1,0,0,0,0,0,0,0,-6.250152,-77.830697,dashboard_acopio,0,0,0,1
RC0003495,L003495,F0081,2026-06-18,TEC10,Si,5,0,0,1,0,1,1,1,-6.149587,-77.94027,dashboard_acopio,1,0,1,0
RC0003496,L003496,F0111,2026-05-20,TEC04,No_se_sabe,-1,0,0,0,0,0,0,1,-6.235649,-77.857826,cola_kafka,0,0,0,1
RC0003497,L003497,F0098,2025-08-14,TEC09,No,-1,0,0,0,1,1,1,1,-6.212601,-77.897174,formulario_campo,1,0,0,0
RC0003498,L003498,F0116,2025-05-18,TEC07,No_se_sabe,-1,0,0,0,0,0,0,1,-6.225784,-77.84813,formulario_campo,0,0,0,1
RC0003499,L003499,F0034,2025-01-12,TEC07,Si,14,0,0,0,1,1,1,1,-6.21105,-77.885232,dashboard_acopio,1,0,1,0
RC0003500,L003500,F0082,2026-08-06,TEC02,Si,19,0,0,0,1,1,1,1,-6.194517,-77.869587,cola_kafka,1,0,1,0
RC0003501,L003501,F0007,2026-07-10,TEC12,No_se_sabe,-1,0,0,0,0,0,1,1,-6.196775,-77.90327,cola_kafka,0,0,0,1
RC0003502,L003502,F0014,2025-09-04,TEC10,No_se_sabe,-1,0,0,1,0,1,0,0,-6.250797,-77.799589,cola_kafka,1,0,0,1
RC0003503,L003503,F0113,2026-06-16,TEC03,Si,17,0,1,1,0,1,1,1,-6.209606,-77.888863,formulario_campo,2,0,1,0
RC0003504,L003504,F0055,2025-07-05,TEC01,Si,44,0,0,1,0,1,0,0,-6.243407,-77.880377,formulario_campo,1,0,1,0
RC0003505,L003505,F0059,2025-07-06,TEC03,No,-1,0,0,0,1,1,1,1,-6.249466,-77.97424,dashboard_acopio,1,0,0,0
RC0003506,L003506,F0081,2025-06-17,TEC09,Si,44,0,0,0,0,0,0,1,-6.150046,-77.941357,dashboard_acopio,0,0,1,0
RC0003507,L003507,F0033,2025-06-28,TEC08,Si,7,1,0,1,0,1,1,0,-6.206882,-77.894343,dashboard_acopio,2,0,1,0
RC0003508,L003508,F0067,2026-06-27,TEC01,Si,42,0,0,0,1,1,1,1,-6.265761,-77.767671,dashboard_acopio,1,0,1,0
RC0003509,L003509,F0045,2026-05-10,TEC12,No_se_sabe,-1,1,0,0,0,1,0,0,-6.250065,-77.828752,dashboard_acopio,1,1,0,1
RC0003510,L003510,F0037,2025-05-23,TEC05,Si,22,1,0,0,0,1,1,0,-6.202458,-77.860559,formulario_campo,1,0,1,0
RC0003511,L003511,F0004,2026-03-05,TEC06,No,-1,0,1,0,0,1,0,0,-6.261021,-77.964183,formulario_campo,1,0,0,0
RC0003512,L003512,F0106,2025-09-07,TEC07,No_se_sabe,-1,1,0,0,0,1,1,1,-6.253599,-77.839196,dashboard_acopio,1,0,0,1
RC0003513,L003513,F0080,2026-07-02,TEC12,Si,8,0,0,0,1,1,1,1,-6.267496,-77.911844,formulario_campo,1,0,1,0
RC0003514,L003514,F0067,2026-05-14,TEC08,Si,24,0,0,0,0,0,1,1,-6.266543,-77.767122,cola_kafka,0,0,1,0
RC0003515,L003515,F0076,2026-01-15,TEC07,Si,25,0,1,1,1,1,1,0,-6.315429,-77.908733,formulario_campo,3,0,1,0
RC0003516,L003516,F0061,2026-08-07,TEC11,No,-1,0,0,0,1,1,1,1,-6.242515,-77.86243,formulario_campo,1,0,0,0
RC0003517,L003517,F0010,2026-07-05,TEC01,No,-1,0,0,1,0,1,0,0,-6.25976,-77.876346,cola_kafka,1,0,0,0
RC0003518,L003518,F0076,2025-08-30,TEC03,No_se_sabe,-1,0,1,0,1,1,1,0,-6.314237,-77.909226,cola_kafka,2,0,0,1
RC0003519,L003519,F0080,2025-02-19,TEC06,Si,42,1,0,0,0,1,1,1,-6.268782,-77.911581,formulario_campo,1,0,1,0
RC0003520,L003520,F0018,2026-08-08,TEC07,No,-1,0,0,0,0,0,1,1,-6.224082,-77.90243,cola_kafka,0,0,0,0
RC0003521,L003521,F0056,2025-06-03,TEC03,Si,42,0,0,1,0,1,0,0,-6.208612,-77.902473,formulario_campo,1,0,1,0
RC0003522,L003522,F0109,2026-05-28,TEC07,Si,36,0,0,1,0,1,0,0,-6.250708,-77.891979,formulario_campo,1,0,1,0
RC0003523,L003523,F0037,2025-06-18,TEC03,Si,11,0,0,0,0,0,0,0,-6.201754,-77.860426,cola_kafka,0,0,1,0
RC0003524,L003524,F0008,2025-05-08,TEC11,No_se_sabe,-1,0,0,0,0,0,1,1,-6.279998,-77.903951,formulario_campo,0,0,0,1
RC0003525,L003525,F0004,2026-07-29,TEC09,No_se_sabe,-1,0,0,1,1,1,0,1,-6.262134,-77.964173,formulario_campo,2,0,0,1
RC0003526,L003526,F0012,2025-05-10,TEC03,Si,43,0,1,1,0,1,1,1,-6.229502,-77.898153,dashboard_acopio,2,0,1,0
RC0003527,L003527,F0042,2026-08-19,TEC07,No,-1,1,0,1,0,1,0,0,-6.208784,-77.965243,dashboard_acopio,2,1,0,0
RC0003528,L003528,F0047,2025-04-01,TEC09,Si,25,0,0,1,1,1,1,1,-6.190554,-77.796764,dashboard_acopio,2,0,1,0
RC0003529,L003529,F0054,2025-08-05,TEC09,No,-1,0,0,0,0,0,0,0,-6.194847,-77.865464,dashboard_acopio,0,0,0,0
RC0003530,L003530,F0103,2026-04-15,TEC06,No_se_sabe,-1,1,0,0,0,1,1,1,-6.17934,-77.917253,formulario_campo,1,0,0,1
RC0003531,L003531,F0072,2026-06-07,TEC10,No,-1,1,1,0,0,1,0,0,-6.082451,-77.827816,formulario_campo,2,1,0,0
RC0003532,L003532,F0050,2026-07-18,TEC01,Si,10,0,1,0,0,1,0,1,-6.299391,-77.915836,formulario_campo,1,0,1,0
RC0003533,L003533,F0102,2025-05-03,TEC09,Si,25,0,0,0,1,1,1,1,-6.275926,-77.944524,formulario_campo,1,0,1,0
RC0003534,L003534,F0090,2026-07-11,TEC11,Si,35,0,0,0,1,1,1,1,-6.19887,-77.817942,formulario_campo,1,0,1,0
RC0003535,L003535,F0066,2026-02-20,TEC06,Si,31,0,1,1,0,1,0,0,-6.26216,-77.809498,formulario_campo,2,0,1,0
RC0003536,L003536,F0059,2025-08-06,TEC04,Si,37,0,0,1,1,1,1,0,-6.248831,-77.973411,formulario_campo,2,0,1,0
RC0003537,L003537,F0099,2026-08-12,TEC07,No,-1,0,0,0,1,1,1,1,-6.175487,-77.806617,formulario_campo,1,0,0,0
RC0003538,L003538,F0108,2026-08-03,TEC03,Si,19,0,0,0,0,0,1,1,-6.216531,-77.81965,dashboard_acopio,0,0,1,0
RC0003539,L003539,F0017,2026-01-17,TEC03,Si,15,0,0,0,1,1,1,0,-6.272144,-77.855501,dashboard_acopio,1,0,1,0
RC0003540,L003540,F0038,2026-04-19,TEC01,No,-1,1,0,1,1,1,0,0,-6.242103,-77.856538,dashboard_acopio,3,1,0,0
RC0003541,L003541,F0094,2025-05-03,TEC11,Si,37,0,1,0,1,1,1,1,-6.26839,-77.940965,cola_kafka,2,0,1,0
RC0003542,L003542,F0010,2025-05-26,TEC02,No_se_sabe,-1,0,0,0,0,0,1,1,-6.259592,-77.874882,formulario_campo,0,0,0,1
RC0003543,L003543,F0009,2026-06-15,TEC12,Si,38,0,0,0,0,0,0,1,-6.273919,-77.826041,formulario_campo,0,0,1,0
RC0003544,L003544,F0017,2025-09-29,TEC07,Si,7,0,0,1,0,1,1,1,-6.271535,-77.856012,formulario_campo,1,0,1,0
RC0003545,L003545,F0014,2026-06-11,TEC07,No_se_sabe,-1,0,0,0,0,0,1,1,-6.252762,-77.799209,formulario_campo,0,0,0,1
RC0003546,L003546,F0002,2026-07-28,TEC08,No,-1,0,1,0,0,1,0,0,-6.219151,-77.932385,formulario_campo,1,0,0,0
RC0003547,L003547,F0003,2026-04-24,TEC06,Si,30,1,1,0,0,1,1,0,-6.215797,-77.820811,formulario_campo,2,0,1,0
RC0003548,L003548,F0116,2026-03-01,TEC06,No,-1,1,0,1,1,1,0,0,-6.226007,-77.84703,dashboard_acopio,3,1,0,0
RC0003549,L003549,F0042,2026-05-31,TEC12,Si,35,0,0,1,1,1,1,0,-6.207223,-77.9642,dashboard_acopio,2,0,1,0
RC0003550,L003550,F0119,2026-06-18,TEC05,No,-1,1,0,1,0,1,0,1,-6.220111,-77.901731,dashboard_acopio,2,1,0,0
RC0003551,L003551,F0002,2025-03-13,TEC09,Si,23,1,0,0,1,1,0,1,-6.217897,-77.931191,dashboard_acopio,2,1,1,0
RC0003552,L003552,F0113,2026-05-26,TEC01,No,-1,0,0,0,0,0,1,1,-6.209068,-77.88926,cola_kafka,0,0,0,0
RC0003553,L003553,F0101,2025-06-18,TEC03,No_se_sabe,-1,0,0,0,1,1,1,1,-6.335228,-77.85969,formulario_campo,1,0,0,1
RC0003554,L003554,F0019,2025-05-13,TEC06,Si,42,1,0,0,0,1,1,1,-6.227155,-77.860912,formulario_campo,1,0,1,0
RC0003555,L003555,F0069,2025-10-03,TEC05,No,-1,0,0,0,1,1,1,1,-6.317222,-77.834304,formulario_campo,1,0,0,0
RC0003556,L003556,F0119,2026-03-23,TEC03,No,-1,0,0,1,0,1,0,1,-6.22198,-77.901057,formulario_campo,1,0,0,0
RC0003557,L003557,F0008,2026-02-09,TEC04,No,-1,1,0,1,0,1,1,0,-6.279734,-77.904263,formulario_campo,2,0,0,0
RC0003558,L003558,F0004,2026-06-21,TEC03,No_se_sabe,-1,0,0,0,0,0,1,0,-6.261266,-77.963418,cola_kafka,0,0,0,1
RC0003559,L003559,F0066,2026-05-08,TEC04,Si,12,1,1,0,1,1,0,0,-6.261865,-77.809708,formulario_campo,3,1,1,0
RC0003560,L003560,F0028,2026-04-25,TEC04,Si,4,0,0,0,0,0,0,0,-6.233362,-77.852713,formulario_campo,0,0,1,0
RC0003561,L003561,F0053,2026-04-08,TEC09,Si,4,0,1,0,0,1,0,0,-6.259092,-77.902919,formulario_campo,1,0,1,0
RC0003562,L003562,F0017,2026-08-25,TEC04,Si,7,0,0,0,0,0,1,0,-6.270941,-77.855784,formulario_campo,0,0,1,0
RC0003563,L003563,F0017,2026-07-12,TEC11,Si,39,1,1,1,1,1,1,0,-6.271823,-77.857236,cola_kafka,4,0,1,0
RC0003564,L003564,F0034,2026-01-05,TEC03,Si,35,0,0,0,1,1,1,1,-6.211017,-77.883768,cola_kafka,1,0,1,0
RC0003565,L003565,F0002,2025-09-13,TEC07,No,-1,0,0,0,0,0,1,1,-6.219918,-77.93185,formulario_campo,0,0,0,0
RC0003566,L003566,F0090,2026-06-14,TEC08,No_se_sabe,-1,0,0,0,1,1,1,1,-6.199598,-77.817438,formulario_campo,1,0,0,1
RC0003567,L003567,F0047,2025-10-23,TEC03,Si,36,1,1,0,0,1,0,1,-6.189184,-77.79746,dashboard_acopio,2,1,1,0
RC0003568,L003568,F0118,2025-05-24,TEC09,Si,10,0,0,0,0,0,0,0,-6.277423,-77.833403,formulario_campo,0,0,1,0
RC0003569,L003569,F0013,2026-03-23,TEC07,No,-1,1,0,0,1,1,1,1,-6.148591,-77.808889,formulario_campo,2,0,0,0
RC0003570,L003570,F0071,2026-05-25,TEC08,No,-1,0,0,1,0,1,1,0,-6.237002,-77.869766,formulario_campo,1,0,0,0
RC0003571,L003571,F0088,2025-01-19,TEC07,No_se_sabe,-1,1,1,1,0,1,0,0,-6.277073,-77.844197,dashboard_acopio,3,1,0,1
RC0003572,L003572,F0091,2026-06-03,TEC01,No,-1,1,0,1,0,1,0,0,-6.22026,-77.876623,formulario_campo,2,1,0,0
RC0003573,L003573,F0010,2026-02-12,TEC04,No_se_sabe,-1,0,0,1,1,1,1,0,-6.259424,-77.876444,formulario_campo,2,0,0,1
RC0003574,L003574,F0040,2025-05-19,TEC12,Si,33,1,0,0,0,1,1,1,-6.173949,-77.909315,formulario_campo,1,0,1,0
RC0003575,L003575,F0083,2025-06-16,TEC01,No,-1,0,1,0,0,1,1,1,-6.167128,-77.892424,formulario_campo,1,0,0,0
RC0003576,L003576,F0088,2025-07-22,TEC06,No,-1,1,0,0,0,1,0,0,-6.277274,-77.844004,formulario_campo,1,1,0,0
RC0003577,L003577,F0095,2025-09-09,TEC10,No,-1,1,0,1,1,1,0,1,-6.278321,-77.862325,dashboard_acopio,3,1,0,0
RC0003578,L003578,F0006,2026-01-13,TEC09,No_se_sabe,-1,0,1,1,1,1,0,0,-6.232219,-77.791037,formulario_campo,3,0,0,1
RC0003579,L003579,F0043,2026-07-17,TEC12,No_se_sabe,-1,1,0,0,0,1,1,1,-6.171999,-77.944512,cola_kafka,1,0,0,1
RC0003580,L003580,F0101,2025-06-04,TEC03,No_se_sabe,-1,0,0,0,0,0,0,1,-6.334976,-77.860337,cola_kafka,0,0,0,1
RC0003581,L003581,F0008,2025-07-20,TEC07,No_se_sabe,-1,0,1,1,1,1,0,0,-6.279276,-77.90386,formulario_campo,3,0,0,1
RC0003582,L003582,F0120,2025-09-08,TEC08,No,-1,0,0,0,0,0,1,1,-6.221445,-77.875173,cola_kafka,0,0,0,0
RC0003583,L003583,F0007,2025-07-31,TEC10,No_se_sabe,-1,0,0,0,0,0,1,1,-6.197149,-77.904954,dashboard_acopio,0,0,0,1
RC0003584,L003584,F0081,2026-05-06,TEC06,No,-1,0,1,0,0,1,1,0,-6.149015,-77.940261,formulario_campo,1,0,0,0
RC0003585,L003585,F0043,2026-06-03,TEC09,No_se_sabe,-1,1,1,1,0,1,0,0,-6.171016,-77.944655,dashboard_acopio,3,1,0,1
RC0003586,L003586,F0044,2026-04-02,TEC02,No,-1,0,0,0,0,0,0,0,-6.316734,-77.890845,dashboard_acopio,0,0,0,0
RC0003587,L003587,F0022,2026-05-07,TEC12,No,-1,0,0,1,1,1,1,1,-6.253541,-77.85815,cola_kafka,2,0,0,0
RC0003588,L003588,F0056,2025-07-19,TEC07,Si,7,0,0,0,0,0,1,1,-6.208571,-77.901869,formulario_campo,0,0,1,0
RC0003589,L003589,F0095,2026-05-06,TEC09,Si,28,0,0,0,0,0,1,1,-6.278715,-77.862025,dashboard_acopio,0,0,1,0
RC0003590,L003590,F0014,2026-08-31,TEC10,No_se_sabe,-1,0,0,0,1,1,1,1,-6.252223,-77.799331,dashboard_acopio,1,0,0,1
RC0003591,L003591,F0045,2026-04-08,TEC09,Si,35,1,0,1,0,1,0,0,-6.25101,-77.829173,cola_kafka,2,1,1,0
RC0003592,L003592,F0102,2026-08-29,TEC12,No_se_sabe,-1,0,0,1,0,1,1,1,-6.277092,-77.942055,formulario_campo,1,0,0,1
RC0003593,L003593,F0098,2025-09-20,TEC09,No_se_sabe,-1,1,1,1,1,1,0,0,-6.211285,-77.899398,dashboard_acopio,4,1,0,1
RC0003594,L003594,F0018,2025-03-09,TEC04,No,-1,1,1,1,0,1,0,0,-6.224405,-77.901602,formulario_campo,3,1,0,0
RC0003595,L003595,F0087,2025-04-26,TEC06,Si,41,1,1,0,1,1,1,0,-6.20899,-77.799177,cola_kafka,3,0,1,0
RC0003596,L003596,F0022,2025-06-26,TEC05,No_se_sabe,-1,0,0,1,0,1,0,0,-6.252684,-77.85542,formulario_campo,1,0,0,1
RC0003597,L003597,F0098,2025-06-14,TEC10,Si,26,0,0,0,1,1,1,1,-6.21124,-77.898133,dashboard_acopio,1,0,1,0
RC0003598,L003598,F0120,2026-01-21,TEC03,No,-1,1,1,1,0,1,0,0,-6.221086,-77.875342,cola_kafka,3,1,0,0
RC0003599,L003599,F0034,2025-09-12,TEC12,No,-1,0,0,1,1,1,1,0,-6.209699,-77.885274,formulario_campo,2,0,0,0
RC0003600,L003600,F0109,2025-08-12,TEC02,Si,19,1,1,1,1,1,1,0,-6.250557,-77.891155,dashboard_acopio,4,0,1,0
RC0003601,L003601,F0010,2025-04-09,TEC07,No,-1,0,0,0,1,1,1,1,-6.258822,-77.877071,dashboard_acopio,1,0,0,0
RC0003602,L003602,F0082,2025-08-13,TEC09,Si,27,0,0,1,0,1,1,1,-6.194838,-77.869856,formulario_campo,1,0,1,0
RC0003603,L003603,F0017,2026-06-19,TEC03,Si,27,0,0,1,1,1,1,0,-6.272393,-77.85659,formulario_campo,2,0,1,0
RC0003604,L003604,F0013,2026-04-20,TEC01,Si,7,0,1,0,1,1,0,0,-6.149623,-77.808597,formulario_campo,2,0,1,0
RC0003605,L003605,F0014,2025-05-01,TEC10,No,-1,0,0,0,0,0,0,0,-6.253021,-77.799587,dashboard_acopio,0,0,0,0
RC0003606,L003606,F0038,2025-09-16,TEC09,No_se_sabe,-1,0,0,0,1,1,1,1,-6.243512,-77.854202,dashboard_acopio,1,0,0,1
RC0003607,L003607,F0084,2025-01-21,TEC08,No_se_sabe,-1,1,0,0,1,1,1,0,-6.172733,-77.857094,formulario_campo,2,0,0,1
RC0003608,L003608,F0019,2025-04-08,TEC09,Si,28,1,0,0,0,1,1,1,-6.228647,-77.859915,cola_kafka,1,0,1,0
RC0003609,L003609,F0039,2026-06-29,TEC04,Si,4,0,0,0,0,0,1,1,-6.221726,-77.782745,formulario_campo,0,0,1,0
RC0003610,L003610,F0090,2026-04-27,TEC12,No,-1,0,1,0,0,1,1,1,-6.198436,-77.81777,cola_kafka,1,0,0,0
RC0003611,L003611,F0050,2026-02-02,TEC05,No_se_sabe,-1,1,1,0,0,1,0,0,-6.298396,-77.914248,formulario_campo,2,1,0,1
RC0003612,L003612,F0078,2026-06-29,TEC07,No,-1,0,0,0,0,0,1,1,-6.260775,-77.819998,formulario_campo,0,0,0,0
RC0003613,L003613,F0059,2026-04-17,TEC03,No_se_sabe,-1,0,0,1,0,1,1,1,-6.248411,-77.974355,formulario_campo,1,0,0,1
RC0003614,L003614,F0074,2025-05-10,TEC12,No,-1,0,0,1,0,1,0,0,-6.273357,-77.86986,formulario_campo,1,0,0,0
RC0003615,L003615,F0055,2025-05-07,TEC11,Si,27,1,1,1,1,1,0,0,-6.242192,-77.880009,formulario_campo,4,1,1,0
RC0003616,L003616,F0050,2026-06-01,TEC03,No,-1,1,1,1,0,1,1,0,-6.298539,-77.914213,dashboard_acopio,3,0,0,0
RC0003617,L003617,F0046,2026-06-20,TEC03,No,-1,1,1,1,0,1,0,1,-6.280546,-77.880448,cola_kafka,3,1,0,0
RC0003618,L003618,F0024,2025-05-12,TEC09,Si,4,0,0,1,0,1,0,0,-6.335477,-77.802339,cola_kafka,1,0,1,0
RC0003619,L003619,F0024,2025-08-22,TEC03,Si,7,0,0,0,0,0,0,1,-6.33515,-77.802588,formulario_campo,0,0,1,0
RC0003620,L003620,F0066,2025-05-25,TEC11,No_se_sabe,-1,0,0,0,1,1,1,1,-6.262731,-77.80871,cola_kafka,1,0,0,1
RC0003621,L003621,F0022,2026-07-19,TEC06,Si,4,1,1,1,0,1,0,0,-6.253431,-77.858347,dashboard_acopio,3,1,1,0
RC0003622,L003622,F0008,2025-07-15,TEC10,No_se_sabe,-1,1,1,0,0,1,0,1,-6.281291,-77.904929,formulario_campo,2,1,0,1
RC0003623,L003623,F0108,2026-05-27,TEC04,Si,2,0,0,1,0,1,0,1,-6.217012,-77.820138,formulario_campo,1,0,1,0
RC0003624,L003624,F0044,2026-04-11,TEC06,No,-1,0,0,0,0,0,1,1,-6.31634,-77.890619,formulario_campo,0,0,0,0
RC0003625,L003625,F0112,2026-08-04,TEC03,Si,10,0,0,1,0,1,0,0,-6.277358,-77.86157,formulario_campo,1,0,1,0
RC0003626,L003626,F0110,2025-07-05,TEC01,Si,19,0,0,0,0,0,1,1,-6.271966,-77.87957,formulario_campo,0,0,1,0
RC0003627,L003627,F0076,2026-02-16,TEC04,No_se_sabe,-1,0,1,1,1,1,0,1,-6.316214,-77.908258,dashboard_acopio,3,0,0,1
RC0003628,L003628,F0022,2026-04-09,TEC05,Si,1,0,0,1,1,1,0,0,-6.254696,-77.858908,formulario_campo,2,0,1,0
RC0003629,L003629,F0037,2025-10-01,TEC08,Si,23,0,1,1,0,1,1,0,-6.202333,-77.860382,cola_kafka,2,0,1,0
RC0003630,L003630,F0054,2025-06-16,TEC05,No_se_sabe,-1,0,0,0,1,1,1,1,-6.194915,-77.86456,formulario_campo,1,0,0,1
RC0003631,L003631,F0089,2025-09-23,TEC12,No,-1,0,1,1,0,1,0,0,-6.213325,-77.849773,formulario_campo,2,0,0,0
RC0003632,L003632,F0055,2025-04-15,TEC06,Si,15,0,0,0,1,1,1,1,-6.241979,-77.880365,formulario_campo,1,0,1,0
RC0003633,L003633,F0059,2025-01-26,TEC08,Si,39,1,0,0,1,1,0,1,-6.247822,-77.973329,dashboard_acopio,2,1,1,0
RC0003634,L003634,F0068,2025-06-05,TEC11,No_se_sabe,-1,0,0,0,0,0,1,1,-6.153587,-77.880277,formulario_campo,0,0,0,1
RC0003635,L003635,F0077,2025-01-09,TEC12,Si,4,0,0,0,0,0,1,1,-6.226575,-77.837062,dashboard_acopio,0,0,1,0
RC0003636,L003636,F0119,2026-04-27,TEC03,No,-1,1,0,0,1,1,1,1,-6.220377,-77.900648,formulario_campo,2,0,0,0
RC0003637,L003637,F0083,2026-04-08,TEC06,No,-1,1,0,0,0,1,1,1,-6.167986,-77.892241,formulario_campo,1,0,0,0
RC0003638,L003638,F0004,2026-05-03,TEC01,Si,22,0,0,0,0,0,1,0,-6.261122,-77.964036,cola_kafka,0,0,1,0
RC0003639,L003639,F0110,2025-06-13,TEC03,No_se_sabe,-1,1,0,0,0,1,0,0,-6.272601,-77.878712,dashboard_acopio,1,1,0,1
RC0003640,L003640,F0072,2025-10-12,TEC02,No,-1,0,1,0,0,1,1,1,-6.082669,-77.827737,dashboard_acopio,1,0,0,0
RC0003641,L003641,F0001,2025-07-29,TEC11,No,-1,0,1,0,1,1,1,1,-6.236589,-77.780133,formulario_campo,2,0,0,0
RC0003642,L003642,F0031,2025-08-25,TEC08,No,-1,0,0,0,0,0,1,1,-6.244804,-77.929838,formulario_campo,0,0,0,0
RC0003643,L003643,F0029,2025-09-13,TEC07,No_se_sabe,-1,0,0,1,0,1,1,1,-6.193845,-77.844555,dashboard_acopio,1,0,0,1
RC0003644,L003644,F0073,2025-06-24,TEC05,No,-1,0,0,0,1,1,1,1,-6.196115,-77.917503,cola_kafka,1,0,0,0
RC0003645,L003645,F0110,2026-07-20,TEC07,No_se_sabe,-1,1,0,1,1,1,0,0,-6.271986,-77.878197,dashboard_acopio,3,1,0,1
RC0003646,L003646,F0049,2025-07-08,TEC04,No_se_sabe,-1,0,1,0,0,1,1,0,-6.195699,-77.914973,formulario_campo,1,0,0,1
RC0003647,L003647,F0074,2025-08-28,TEC11,No,-1,0,0,0,1,1,1,0,-6.27353,-77.869603,formulario_campo,1,0,0,0
RC0003648,L003648,F0086,2026-04-12,TEC04,No_se_sabe,-1,0,0,0,1,1,1,1,-6.218288,-77.926346,formulario_campo,1,0,0,1
RC0003649,L003649,F0016,2026-05-05,TEC12,No,-1,1,1,1,1,1,1,0,-6.24347,-77.875096,cola_kafka,4,0,0,0
RC0003650,L003650,F0064,2025-04-12,TEC06,No,-1,0,0,0,1,1,1,1,-6.274734,-77.803977,formulario_campo,1,0,0,0
RC0003651,L003651,F0018,2026-04-13,TEC07,Si,36,1,1,0,0,1,0,0,-6.223755,-77.902507,dashboard_acopio,2,1,1,0
RC0003652,L003652,F0073,2025-12-02,TEC06,No_se_sabe,-1,0,0,0,0,0,1,0,-6.195213,-77.918238,dashboard_acopio,0,0,0,1
RC0003653,L003653,F0116,2026-08-28,TEC09,Si,11,0,0,0,0,0,1,1,-6.224833,-77.847698,formulario_campo,0,0,1,0
RC0003654,L003654,F0103,2025-02-22,TEC02,No_se_sabe,-1,1,1,1,0,1,0,0,-6.177856,-77.916938,dashboard_acopio,3,1,0,1
RC0003655,L003655,F0033,2026-04-02,TEC11,No,-1,0,0,0,0,0,0,0,-6.207376,-77.893387,formulario_campo,0,0,0,0
RC0003656,L003656,F0005,2026-07-26,TEC02,No,-1,0,0,0,0,0,1,0,-6.205173,-77.897312,dashboard_acopio,0,0,0,0
RC0003657,L003657,F0002,2026-05-25,TEC10,No_se_sabe,-1,1,0,1,0,1,0,0,-6.218736,-77.932391,formulario_campo,2,1,0,1
RC0003658,L003658,F0009,2026-07-30,TEC07,No_se_sabe,-1,0,0,1,0,1,1,0,-6.274247,-77.824982,formulario_campo,1,0,0,1
RC0003659,L003659,F0081,2025-11-18,TEC04,No_se_sabe,-1,1,0,1,0,1,1,1,-6.150571,-77.94043,dashboard_acopio,2,0,0,1
RC0003660,L003660,F0053,2025-07-28,TEC06,No_se_sabe,-1,1,1,1,1,1,1,0,-6.260072,-77.903287,cola_kafka,4,0,0,1
RC0003661,L003661,F0031,2025-06-27,TEC11,No,-1,0,0,1,1,1,0,1,-6.24649,-77.930719,dashboard_acopio,2,0,0,0
RC0003662,L003662,F0095,2025-05-15,TEC05,No,-1,0,1,0,0,1,0,0,-6.277043,-77.86112,formulario_campo,1,0,0,0
RC0003663,L003663,F0086,2025-05-13,TEC01,Si,9,0,0,0,0,0,1,1,-6.21915,-77.925398,formulario_campo,0,0,1,0
RC0003664,L003664,F0055,2026-06-06,TEC06,Si,2,1,1,1,0,1,1,0,-6.242665,-77.879421,cola_kafka,3,0,1,0
RC0003665,L003665,F0013,2026-05-29,TEC04,No,-1,1,1,0,0,1,0,0,-6.149493,-77.809159,formulario_campo,2,1,0,0
RC0003666,L003666,F0034,2025-04-28,TEC02,No_se_sabe,-1,1,0,0,0,1,0,0,-6.210865,-77.885468,formulario_campo,1,1,0,1
RC0003667,L003667,F0010,2025-04-30,TEC03,No,-1,1,1,1,0,1,1,0,-6.260252,-77.875878,dashboard_acopio,3,0,0,0
RC0003668,L003668,F0017,2025-04-27,TEC05,Si,4,1,0,0,0,1,1,1,-6.271078,-77.856097,dashboard_acopio,1,0,1,0
RC0003669,L003669,F0089,2026-06-10,TEC11,Si,27,0,0,0,0,0,1,1,-6.213541,-77.849233,formulario_campo,0,0,1,0
RC0003670,L003670,F0109,2025-09-20,TEC03,Si,20,1,0,1,0,1,1,1,-6.252261,-77.891658,dashboard_acopio,2,0,1,0
RC0003671,L003671,F0054,2025-06-19,TEC04,No_se_sabe,-1,1,0,0,0,1,1,1,-6.194817,-77.865904,dashboard_acopio,1,0,0,1
RC0003672,L003672,F0044,2025-04-28,TEC06,No,-1,0,0,0,0,0,1,1,-6.316657,-77.891598,formulario_campo,0,0,0,0
RC0003673,L003673,F0096,2026-06-16,TEC05,No_se_sabe,-1,0,0,0,0,0,0,0,-6.14814,-77.809737,dashboard_acopio,0,0,0,1
RC0003674,L003674,F0046,2026-04-15,TEC03,Si,10,0,1,0,0,1,1,1,-6.279891,-77.881986,dashboard_acopio,1,0,1,0
RC0003675,L003675,F0059,2025-01-10,TEC01,No_se_sabe,-1,0,0,0,1,1,1,1,-6.248116,-77.973312,cola_kafka,1,0,0,1
RC0003676,L003676,F0045,2025-09-14,TEC08,Si,3,0,1,1,0,1,1,1,-6.250868,-77.829556,dashboard_acopio,2,0,1,0
RC0003677,L003677,F0093,2026-04-21,TEC11,No,-1,1,0,0,1,1,0,0,-6.245127,-77.905238,formulario_campo,2,1,0,0
RC0003678,L003678,F0102,2025-09-17,TEC05,Si,42,1,0,0,0,1,1,1,-6.276655,-77.94309,cola_kafka,1,0,1,0
RC0003679,L003679,F0066,2026-05-24,TEC07,No_se_sabe,-1,0,0,1,0,1,0,0,-6.261993,-77.809393,formulario_campo,1,0,0,1
RC0003680,L003680,F0009,2025-06-11,TEC02,No,-1,1,1,1,0,1,1,0,-6.273214,-77.826153,dashboard_acopio,3,0,0,0
RC0003681,L003681,F0004,2026-05-20,TEC07,No,-1,0,0,0,0,0,1,1,-6.261291,-77.962491,dashboard_acopio,0,0,0,0
RC0003682,L003682,F0045,2025-06-17,TEC11,No,-1,1,0,0,0,1,0,0,-6.251028,-77.829823,cola_kafka,1,1,0,0
RC0003683,L003683,F0031,2026-02-19,TEC02,Si,3,0,1,0,0,1,0,0,-6.24689,-77.929696,cola_kafka,1,0,1,0
RC0003684,L003684,F0084,2026-02-20,TEC04,Si,36,0,0,0,1,1,1,1,-6.17194,-77.857956,dashboard_acopio,1,0,1,0
RC0003685,L003685,F0070,2025-06-18,TEC02,No,-1,1,1,0,0,1,1,0,-6.192218,-77.84706,formulario_campo,2,0,0,0
RC0003686,L003686,F0019,2025-04-29,TEC07,No_se_sabe,-1,0,0,0,1,1,1,1,-6.228546,-77.859627,formulario_campo,1,0,0,1
RC0003687,L003687,F0038,2025-05-02,TEC09,No_se_sabe,-1,1,0,0,0,1,1,1,-6.243159,-77.855726,formulario_campo,1,0,0,1
RC0003688,L003688,F0120,2026-07-05,TEC11,No,-1,0,0,0,1,1,1,1,-6.220375,-77.875048,formulario_campo,1,0,0,0
RC0003689,L003689,F0075,2026-06-30,TEC05,No,-1,0,0,0,0,0,1,1,-6.228492,-77.936335,dashboard_acopio,0,0,0,0
RC0003690,L003690,F0110,2025-07-23,TEC06,No_se_sabe,-1,0,0,0,0,0,1,1,-6.273988,-77.878944,cola_kafka,0,0,0,1
RC0003691,L003691,F0026,2025-08-09,TEC03,No,-1,0,0,0,0,0,1,1,-6.234826,-77.771796,formulario_campo,0,0,0,0
RC0003692,L003692,F0076,2026-07-10,TEC02,No_se_sabe,-1,0,1,0,1,1,1,1,-6.315217,-77.908829,cola_kafka,2,0,0,1
RC0003693,L003693,F0063,2025-07-30,TEC07,No_se_sabe,-1,0,0,0,1,1,1,1,-6.241771,-77.95863,formulario_campo,1,0,0,1
RC0003694,L003694,F0073,2025-04-09,TEC02,No_se_sabe,-1,0,1,1,0,1,1,1,-6.19558,-77.917991,dashboard_acopio,2,0,0,1
RC0003695,L003695,F0061,2025-04-17,TEC08,No_se_sabe,-1,0,0,0,0,0,1,1,-6.243406,-77.86279,dashboard_acopio,0,0,0,1
RC0003696,L003696,F0044,2026-04-28,TEC11,No,-1,1,0,0,1,1,0,1,-6.317611,-77.890857,cola_kafka,2,1,0,0
RC0003697,L003697,F0091,2025-10-19,TEC05,No,-1,0,0,0,1,1,1,1,-6.219686,-77.87584,cola_kafka,1,0,0,0
RC0003698,L003698,F0053,2025-09-03,TEC01,No,-1,0,0,1,0,1,1,1,-6.258869,-77.904039,formulario_campo,1,0,0,0
RC0003699,L003699,F0118,2026-05-28,TEC05,Si,8,0,1,0,1,1,1,1,-6.276451,-77.833142,formulario_campo,2,0,1,0
RC0003700,L003700,F0083,2025-04-25,TEC06,No_se_sabe,-1,0,1,0,1,1,0,0,-6.167821,-77.892922,dashboard_acopio,2,0,0,1
RC0003701,L003701,F0080,2025-09-23,TEC12,Si,34,0,0,1,0,1,1,1,-6.268474,-77.913083,formulario_campo,1,0,1,0
RC0003702,L003702,F0014,2025-09-18,TEC10,No,-1,0,0,1,1,1,0,0,-6.252339,-77.799168,formulario_campo,2,0,0,0
RC0003703,L003703,F0016,2025-08-26,TEC02,Si,37,0,1,0,1,1,1,1,-6.243984,-77.875797,formulario_campo,2,0,1,0
RC0003704,L003704,F0072,2025-08-06,TEC09,Si,32,1,0,0,0,1,0,0,-6.083407,-77.826818,formulario_campo,1,1,1,0
RC0003705,L003705,F0084,2025-05-23,TEC09,No_se_sabe,-1,1,0,0,1,1,0,0,-6.173109,-77.857722,formulario_campo,2,1,0,1
RC0003706,L003706,F0113,2025-04-18,TEC12,Si,33,0,1,0,0,1,1,0,-6.209056,-77.889114,cola_kafka,1,0,1,0
RC0003707,L003707,F0001,2026-07-30,TEC10,No_se_sabe,-1,0,0,1,1,1,1,1,-6.237785,-77.780409,formulario_campo,2,0,0,1
RC0003708,L003708,F0017,2025-09-07,TEC01,Si,30,1,0,1,0,1,1,1,-6.270593,-77.857015,cola_kafka,2,0,1,0
RC0003709,L003709,F0025,2025-09-06,TEC05,Si,25,0,1,0,1,1,0,0,-6.232791,-77.955694,dashboard_acopio,2,0,1,0
RC0003710,L003710,F0014,2025-10-07,TEC09,Si,37,0,0,0,0,0,1,1,-6.252363,-77.798602,dashboard_acopio,0,0,1,0
RC0003711,L003711,F0104,2026-03-30,TEC06,No_se_sabe,-1,0,0,1,0,1,0,1,-6.209934,-77.861008,formulario_campo,1,0,0,1
RC0003712,L003712,F0070,2025-09-12,TEC08,No,-1,0,1,0,0,1,1,1,-6.190133,-77.846493,formulario_campo,1,0,0,0
RC0003713,L003713,F0044,2026-06-13,TEC04,No,-1,0,0,0,0,0,1,1,-6.316979,-77.890455,formulario_campo,0,0,0,0
RC0003714,L003714,F0055,2026-05-25,TEC12,Si,42,1,0,1,1,1,0,0,-6.241967,-77.880606,formulario_campo,3,1,1,0
RC0003715,L003715,F0022,2026-06-16,TEC12,No,-1,0,0,0,0,0,1,1,-6.25371,-77.857463,cola_kafka,0,0,0,0
RC0003716,L003716,F0027,2026-05-03,TEC02,Si,8,0,0,0,1,1,0,1,-6.278942,-77.792994,dashboard_acopio,1,0,1,0
RC0003717,L003717,F0049,2025-05-11,TEC05,Si,23,1,0,1,0,1,0,0,-6.19341,-77.915438,formulario_campo,2,1,1,0
RC0003718,L003718,F0022,2025-08-01,TEC05,No,-1,0,1,1,0,1,1,0,-6.254328,-77.857689,formulario_campo,2,0,0,0
RC0003719,L003719,F0023,2025-07-11,TEC10,No,-1,1,0,0,1,1,1,1,-6.160699,-77.837202,cola_kafka,2,0,0,0
RC0003720,L003720,F0062,2025-11-10,TEC11,No,-1,0,0,0,1,1,1,1,-6.196849,-77.845228,formulario_campo,1,0,0,0
RC0003721,L003721,F0070,2026-05-28,TEC05,No_se_sabe,-1,0,0,1,0,1,0,1,-6.189533,-77.846729,dashboard_acopio,1,0,0,1
RC0003722,L003722,F0075,2025-09-02,TEC03,No_se_sabe,-1,1,0,1,1,1,1,0,-6.229274,-77.936804,formulario_campo,3,0,0,1
RC0003723,L003723,F0060,2025-04-03,TEC11,No,-1,0,0,0,0,0,0,0,-6.299518,-77.830559,cola_kafka,0,0,0,0
RC0003724,L003724,F0059,2025-01-29,TEC08,No,-1,1,0,0,1,1,1,0,-6.248601,-77.973112,dashboard_acopio,2,0,0,0
RC0003725,L003725,F0029,2025-07-21,TEC08,No,-1,1,1,0,1,1,0,0,-6.193895,-77.843655,cola_kafka,3,1,0,0
RC0003726,L003726,F0077,2026-08-08,TEC11,No_se_sabe,-1,0,0,1,0,1,1,1,-6.225977,-77.837073,formulario_campo,1,0,0,1
RC0003727,L003727,F0070,2026-06-09,TEC11,Si,35,0,1,1,0,1,1,0,-6.189859,-77.847054,cola_kafka,2,0,1,0
RC0003728,L003728,F0101,2025-11-06,TEC10,No,-1,0,1,0,0,1,0,0,-6.33479,-77.858589,formulario_campo,1,0,0,0
RC0003729,L003729,F0009,2026-08-18,TEC11,No_se_sabe,-1,0,0,0,0,0,1,1,-6.273217,-77.825543,cola_kafka,0,0,0,1
RC0003730,L003730,F0109,2025-07-20,TEC02,Si,10,1,0,0,1,1,1,1,-6.252006,-77.891579,formulario_campo,2,0,1,0
RC0003731,L003731,F0116,2025-03-23,TEC12,Si,25,0,0,1,0,1,1,1,-6.225101,-77.849204,dashboard_acopio,1,0,1,0
RC0003732,L003732,F0063,2026-06-15,TEC01,Si,21,1,0,1,0,1,0,0,-6.24263,-77.958465,formulario_campo,2,1,1,0
RC0003733,L003733,F0120,2025-02-15,TEC06,No,-1,1,0,0,1,1,1,1,-6.221326,-77.875886,dashboard_acopio,2,0,0,0
RC0003734,L003734,F0039,2025-03-19,TEC03,Si,44,1,0,0,1,1,1,1,-6.221998,-77.783347,formulario_campo,2,0,1,0
RC0003735,L003735,F0070,2026-03-15,TEC08,Si,18,0,0,0,0,0,1,1,-6.190746,-77.847539,cola_kafka,0,0,1,0
RC0003736,L003736,F0073,2025-05-09,TEC08,Si,30,0,0,0,1,1,0,0,-6.195341,-77.917781,formulario_campo,1,0,1,0
RC0003737,L003737,F0013,2025-06-07,TEC01,No_se_sabe,-1,1,0,0,1,1,1,1,-6.148526,-77.808874,cola_kafka,2,0,0,1
RC0003738,L003738,F0112,2026-05-26,TEC08,No,-1,1,1,1,1,1,0,0,-6.276939,-77.861527,cola_kafka,4,1,0,0
RC0003739,L003739,F0090,2025-05-16,TEC04,Si,2,0,0,0,0,0,0,0,-6.199357,-77.818114,dashboard_acopio,0,0,1,0
RC0003740,L003740,F0110,2026-01-30,TEC04,No_se_sabe,-1,0,1,0,0,1,0,0,-6.272681,-77.87846,formulario_campo,1,0,0,1
RC0003741,L003741,F0054,2025-08-16,TEC10,Si,16,1,0,0,0,1,0,1,-6.194587,-77.864482,formulario_campo,1,1,1,0
RC0003742,L003742,F0101,2025-07-01,TEC04,No_se_sabe,-1,0,0,0,0,0,1,1,-6.335574,-77.859493,cola_kafka,0,0,0,1
RC0003743,L003743,F0008,2025-05-24,TEC03,No_se_sabe,-1,1,1,1,1,1,1,0,-6.280816,-77.904121,formulario_campo,4,0,0,1
RC0003744,L003744,F0073,2025-04-24,TEC08,Si,20,0,0,1,1,1,0,1,-6.195786,-77.917126,formulario_campo,2,0,1,0
RC0003745,L003745,F0101,2026-05-17,TEC09,No_se_sabe,-1,0,0,1,1,1,0,0,-6.336012,-77.859758,dashboard_acopio,2,0,0,1
RC0003746,L003746,F0099,2026-04-29,TEC01,No,-1,0,0,1,0,1,1,0,-6.175716,-77.806473,dashboard_acopio,1,0,0,0
RC0003747,L003747,F0027,2025-09-01,TEC07,No_se_sabe,-1,1,1,0,0,1,0,0,-6.277439,-77.79264,formulario_campo,2,1,0,1
RC0003748,L003748,F0043,2025-06-10,TEC05,No_se_sabe,-1,0,1,0,1,1,0,1,-6.172089,-77.945378,formulario_campo,2,0,0,1
RC0003749,L003749,F0005,2026-04-19,TEC04,Si,41,0,0,0,0,0,1,1,-6.204151,-77.897511,cola_kafka,0,0,1,0
RC0003750,L003750,F0043,2025-02-17,TEC03,No,-1,0,0,0,1,1,1,1,-6.172262,-77.945715,formulario_campo,1,0,0,0
RC0003751,L003751,F0009,2026-03-06,TEC09,No,-1,0,0,0,0,0,1,1,-6.273988,-77.825279,formulario_campo,0,0,0,0
RC0003752,L003752,F0003,2026-04-08,TEC02,Si,42,0,0,1,0,1,0,0,-6.2139,-77.819857,dashboard_acopio,1,0,1,0
RC0003753,L003753,F0068,2026-03-16,TEC07,Si,33,1,0,0,0,1,1,1,-6.153358,-77.880325,formulario_campo,1,0,1,0
RC0003754,L003754,F0049,2025-06-25,TEC08,Si,20,0,0,0,1,1,0,1,-6.195432,-77.915558,formulario_campo,1,0,1,0
RC0003755,L003755,F0086,2025-06-10,TEC07,Si,23,1,0,1,0,1,0,0,-6.217749,-77.926069,dashboard_acopio,2,1,1,0
RC0003756,L003756,F0089,2026-06-29,TEC10,Si,17,1,0,0,1,1,1,0,-6.2133,-77.850977,formulario_campo,2,0,1,0
RC0003757,L003757,F0034,2025-06-23,TEC06,Si,23,0,0,0,0,0,1,0,-6.210152,-77.884591,cola_kafka,0,0,1,0
RC0003758,L003758,F0043,2025-09-16,TEC04,Si,21,0,0,0,0,0,1,1,-6.172808,-77.945934,dashboard_acopio,0,0,1,0
RC0003759,L003759,F0060,2026-01-15,TEC08,Si,22,0,0,0,0,0,1,0,-6.300221,-77.829285,formulario_campo,0,0,1,0
RC0003760,L003760,F0111,2025-07-06,TEC07,No,-1,0,0,0,0,0,1,1,-6.236032,-77.857246,formulario_campo,0,0,0,0
RC0003761,L003761,F0013,2025-08-06,TEC11,No,-1,0,1,0,0,1,0,1,-6.149172,-77.80872,cola_kafka,1,0,0,0
RC0003762,L003762,F0009,2026-04-01,TEC09,No,-1,1,0,0,0,1,1,1,-6.273417,-77.825084,formulario_campo,1,0,0,0
RC0003763,L003763,F0106,2026-03-01,TEC12,No_se_sabe,-1,0,0,0,1,1,1,1,-6.253839,-77.837342,formulario_campo,1,0,0,1
RC0003764,L003764,F0037,2025-09-25,TEC04,No,-1,0,1,1,1,1,0,0,-6.200845,-77.86049,cola_kafka,3,0,0,0
RC0003765,L003765,F0073,2026-07-16,TEC07,Si,3,0,0,0,1,1,0,1,-6.196551,-77.917353,formulario_campo,1,0,1,0
RC0003766,L003766,F0004,2025-06-27,TEC09,Si,37,1,0,1,1,1,1,0,-6.260461,-77.962944,formulario_campo,3,0,1,0
RC0003767,L003767,F0084,2025-07-19,TEC06,No,-1,0,0,0,0,0,1,1,-6.172815,-77.857183,dashboard_acopio,0,0,0,0
RC0003768,L003768,F0059,2026-08-25,TEC11,No,-1,0,1,0,1,1,1,1,-6.248037,-77.973691,cola_kafka,2,0,0,0
RC0003769,L003769,F0056,2025-04-04,TEC08,No_se_sabe,-1,0,0,1,0,1,0,0,-6.208212,-77.902492,dashboard_acopio,1,0,0,1
RC0003770,L003770,F0027,2025-07-29,TEC04,No_se_sabe,-1,1,0,1,0,1,0,0,-6.27825,-77.792153,cola_kafka,2,1,0,1
RC0003771,L003771,F0030,2025-02-15,TEC09,Si,17,0,0,0,1,1,1,1,-6.208796,-77.902999,dashboard_acopio,1,0,1,0
RC0003772,L003772,F0088,2025-09-17,TEC09,No,-1,1,1,0,0,1,0,0,-6.278431,-77.844363,formulario_campo,2,1,0,0
RC0003773,L003773,F0093,2025-07-20,TEC12,No_se_sabe,-1,0,0,0,0,0,0,0,-6.243755,-77.904512,formulario_campo,0,0,0,1
RC0003774,L003774,F0007,2026-07-08,TEC05,No,-1,1,1,1,1,1,0,0,-6.197171,-77.904312,cola_kafka,4,1,0,0
RC0003775,L003775,F0007,2025-10-04,TEC01,No_se_sabe,-1,1,0,1,0,1,0,0,-6.19737,-77.905599,dashboard_acopio,2,1,0,1
RC0003776,L003776,F0082,2025-09-26,TEC09,No,-1,1,1,0,0,1,1,0,-6.193905,-77.868486,dashboard_acopio,2,0,0,0
RC0003777,L003777,F0029,2025-04-21,TEC11,No,-1,0,1,1,0,1,1,0,-6.195105,-77.843726,formulario_campo,2,0,0,0
RC0003778,L003778,F0007,2025-07-23,TEC01,Si,42,1,0,0,1,1,1,0,-6.196542,-77.904507,cola_kafka,2,0,1,0
RC0003779,L003779,F0113,2026-07-14,TEC07,Si,9,1,0,0,0,1,1,1,-6.208145,-77.890769,dashboard_acopio,1,0,1,0
RC0003780,L003780,F0010,2026-08-28,TEC12,Si,32,0,0,0,0,0,1,1,-6.258846,-77.876461,formulario_campo,0,0,1,0
RC0003781,L003781,F0055,2025-05-19,TEC02,No_se_sabe,-1,0,0,0,1,1,1,1,-6.24197,-77.879938,cola_kafka,1,0,0,1
RC0003782,L003782,F0020,2025-09-01,TEC12,No,-1,1,0,1,0,1,1,0,-6.2033,-77.892256,formulario_campo,2,0,0,0
RC0003783,L003783,F0063,2025-08-03,TEC01,No_se_sabe,-1,1,0,0,0,1,0,0,-6.242195,-77.958384,formulario_campo,1,1,0,1
RC0003784,L003784,F0037,2025-01-23,TEC05,Si,13,0,1,1,1,1,1,0,-6.202357,-77.861854,formulario_campo,3,0,1,0
RC0003785,L003785,F0026,2026-08-20,TEC07,No,-1,1,0,1,0,1,1,0,-6.234498,-77.772554,formulario_campo,2,0,0,0
RC0003786,L003786,F0071,2025-06-15,TEC01,Si,12,1,1,1,0,1,1,0,-6.236884,-77.870269,formulario_campo,3,0,1,0
RC0003787,L003787,F0029,2025-09-19,TEC06,Si,36,0,0,0,0,0,1,1,-6.193355,-77.844041,formulario_campo,0,0,1,0
RC0003788,L003788,F0076,2025-11-12,TEC06,Si,1,1,0,0,1,1,0,0,-6.314066,-77.909358,formulario_campo,2,1,1,0
RC0003789,L003789,F0107,2025-08-12,TEC02,Si,21,0,0,0,0,0,1,1,-6.227097,-77.903239,formulario_campo,0,0,1,0
RC0003790,L003790,F0021,2026-06-16,TEC07,No,-1,1,1,1,0,1,1,0,-6.289781,-77.862988,formulario_campo,3,0,0,0
RC0003791,L003791,F0046,2025-04-30,TEC10,No,-1,0,0,0,0,0,1,1,-6.280847,-77.881226,dashboard_acopio,0,0,0,0
RC0003792,L003792,F0087,2026-05-10,TEC12,Si,18,1,1,0,0,1,0,0,-6.208023,-77.798355,cola_kafka,2,1,1,0
RC0003793,L003793,F0095,2025-07-05,TEC07,No,-1,1,1,1,0,1,1,1,-6.277794,-77.861333,cola_kafka,3,0,0,0
RC0003794,L003794,F0083,2026-08-12,TEC06,No,-1,1,0,1,1,1,0,0,-6.167625,-77.893083,dashboard_acopio,3,1,0,0
RC0003795,L003795,F0082,2026-05-03,TEC06,No_se_sabe,-1,1,0,0,0,1,1,1,-6.194805,-77.869627,formulario_campo,1,0,0,1
RC0003796,L003796,F0027,2025-08-26,TEC07,Si,37,1,1,1,1,1,0,0,-6.278814,-77.793232,formulario_campo,4,1,1,0
RC0003797,L003797,F0110,2026-08-01,TEC02,No,-1,0,0,0,1,1,1,1,-6.273236,-77.879545,formulario_campo,1,0,0,0
RC0003798,L003798,F0047,2026-05-03,TEC06,Si,43,0,0,0,1,1,1,1,-6.189358,-77.797961,formulario_campo,1,0,1,0
RC0003799,L003799,F0059,2025-05-27,TEC12,No_se_sabe,-1,0,0,1,0,1,1,1,-6.24901,-77.972692,formulario_campo,1,0,0,1
RC0003800,L003800,F0044,2025-12-07,TEC03,No,-1,1,1,0,0,1,0,0,-6.316259,-77.890151,formulario_campo,2,1,0,0
RC0003801,L003801,F0087,2026-05-05,TEC06,No_se_sabe,-1,0,1,0,1,1,1,1,-6.207521,-77.798389,cola_kafka,2,0,0,1
RC0003802,L003802,F0076,2026-07-26,TEC02,Si,8,1,1,1,0,1,0,0,-6.313814,-77.907758,cola_kafka,3,1,1,0
RC0003803,L003803,F0010,2026-05-14,TEC08,No_se_sabe,-1,0,0,0,1,1,1,1,-6.259563,-77.876361,formulario_campo,1,0,0,1
RC0003804,L003804,F0049,2026-05-01,TEC10,Si,23,0,0,0,0,0,1,1,-6.19434,-77.915321,formulario_campo,0,0,1,0
RC0003805,L003805,F0056,2025-05-16,TEC05,No,-1,1,1,1,1,1,0,0,-6.208533,-77.90164,formulario_campo,4,1,0,0
RC0003806,L003806,F0030,2025-01-16,TEC07,No,-1,1,0,0,1,1,1,1,-6.208948,-77.904345,formulario_campo,2,0,0,0
RC0003807,L003807,F0008,2025-06-02,TEC09,No,-1,0,0,0,0,0,0,0,-6.280586,-77.903483,cola_kafka,0,0,0,0
RC0003808,L003808,F0001,2025-07-04,TEC04,Si,2,0,1,1,0,1,0,0,-6.236627,-77.780306,formulario_campo,2,0,1,0
RC0003809,L003809,F0029,2026-07-15,TEC06,Si,24,0,0,0,1,1,1,1,-6.194238,-77.843796,dashboard_acopio,1,0,1,0
RC0003810,L003810,F0063,2025-06-12,TEC07,Si,20,1,0,0,0,1,0,1,-6.242992,-77.958918,dashboard_acopio,1,1,1,0
RC0003811,L003811,F0030,2025-07-30,TEC10,No,-1,1,1,1,0,1,0,0,-6.209022,-77.903872,formulario_campo,3,1,0,0
RC0003812,L003812,F0080,2025-06-16,TEC09,Si,5,1,0,1,1,1,1,1,-6.26729,-77.911723,formulario_campo,3,0,1,0
RC0003813,L003813,F0082,2025-03-12,TEC03,No_se_sabe,-1,0,1,1,0,1,1,1,-6.193239,-77.869186,formulario_campo,2,0,0,1
RC0003814,L003814,F0072,2025-08-08,TEC04,No,-1,1,0,0,1,1,1,1,-6.083739,-77.827578,dashboard_acopio,2,0,0,0
RC0003815,L003815,F0105,2025-06-07,TEC08,Si,39,1,0,1,0,1,1,1,-6.235557,-77.880225,dashboard_acopio,2,0,1,0
RC0003816,L003816,F0096,2026-04-10,TEC07,No_se_sabe,-1,1,1,0,0,1,0,0,-6.146615,-77.808309,formulario_campo,2,1,0,1
RC0003817,L003817,F0029,2025-10-13,TEC01,Si,37,0,0,0,0,0,1,1,-6.195304,-77.843191,dashboard_acopio,0,0,1,0
RC0003818,L003818,F0040,2026-04-30,TEC04,No_se_sabe,-1,1,1,0,0,1,0,0,-6.174271,-77.908445,formulario_campo,2,1,0,1
RC0003819,L003819,F0054,2025-11-05,TEC04,Si,36,1,0,1,1,1,0,0,-6.194939,-77.865681,formulario_campo,3,1,1,0
RC0003820,L003820,F0025,2026-07-20,TEC08,No,-1,1,1,1,0,1,0,0,-6.232098,-77.956335,formulario_campo,3,1,0,0
RC0003821,L003821,F0062,2026-08-06,TEC03,No_se_sabe,-1,0,0,0,0,0,1,1,-6.195536,-77.845643,dashboard_acopio,0,0,0,1
RC0003822,L003822,F0039,2025-05-25,TEC01,Si,34,0,1,1,0,1,1,1,-6.220542,-77.782719,formulario_campo,2,0,1,0
RC0003823,L003823,F0040,2025-04-28,TEC01,Si,37,1,0,0,0,1,1,1,-6.173141,-77.908779,formulario_campo,1,0,1,0
RC0003824,L003824,F0074,2025-04-13,TEC11,No,-1,1,1,0,1,1,0,0,-6.272584,-77.870206,dashboard_acopio,3,1,0,0
RC0003825,L003825,F0085,2025-12-24,TEC05,Si,30,0,0,0,1,1,1,1,-6.275675,-77.853302,formulario_campo,1,0,1,0
RC0003826,L003826,F0010,2025-09-10,TEC03,No_se_sabe,-1,0,0,0,0,0,1,0,-6.259041,-77.876099,dashboard_acopio,0,0,0,1
RC0003827,L003827,F0005,2026-06-06,TEC08,No_se_sabe,-1,1,1,1,0,1,0,0,-6.205304,-77.897216,dashboard_acopio,3,1,0,1
RC0003828,L003828,F0090,2025-09-23,TEC06,Si,32,1,1,0,1,1,1,0,-6.198739,-77.818312,cola_kafka,3,0,1,0
RC0003829,L003829,F0027,2025-08-24,TEC10,No_se_sabe,-1,0,0,1,1,1,1,1,-6.278056,-77.79274,formulario_campo,2,0,0,1
RC0003830,L003830,F0062,2026-04-30,TEC04,No,-1,1,0,1,0,1,1,0,-6.194586,-77.845743,formulario_campo,2,0,0,0
RC0003831,L003831,F0072,2025-08-26,TEC05,No,-1,0,0,0,0,0,1,1,-6.08285,-77.827505,formulario_campo,0,0,0,0
RC0003832,L003832,F0028,2026-08-26,TEC05,Si,2,0,1,0,1,1,1,1,-6.232925,-77.851716,formulario_campo,2,0,1,0
RC0003833,L003833,F0080,2025-06-11,TEC12,No,-1,0,0,0,0,0,1,1,-6.268504,-77.911384,cola_kafka,0,0,0,0
RC0003834,L003834,F0009,2026-06-23,TEC06,No_se_sabe,-1,0,1,0,0,1,1,0,-6.273405,-77.825388,formulario_campo,1,0,0,1
RC0003835,L003835,F0042,2025-08-26,TEC11,No,-1,1,1,1,0,1,0,0,-6.208105,-77.966136,formulario_campo,3,1,0,0
RC0003836,L003836,F0016,2026-04-28,TEC11,Si,2,1,1,0,0,1,1,0,-6.243762,-77.875755,formulario_campo,2,0,1,0
RC0003837,L003837,F0075,2025-05-03,TEC11,No,-1,1,0,0,0,1,0,0,-6.228673,-77.936981,formulario_campo,1,1,0,0
RC0003838,L003838,F0046,2025-07-09,TEC07,Si,37,0,0,0,1,1,1,1,-6.279865,-77.880682,cola_kafka,1,0,1,0
RC0003839,L003839,F0024,2026-01-11,TEC12,Si,33,1,1,1,0,1,1,0,-6.334863,-77.801602,cola_kafka,3,0,1,0
RC0003840,L003840,F0042,2026-02-11,TEC07,No,-1,0,1,1,1,1,0,0,-6.207168,-77.965835,formulario_campo,3,0,0,0
RC0003841,L003841,F0080,2025-04-23,TEC12,Si,38,0,0,0,0,0,1,1,-6.268367,-77.911248,formulario_campo,0,0,1,0
RC0003842,L003842,F0016,2026-06-06,TEC12,Si,26,0,1,1,0,1,1,1,-6.244719,-77.876026,formulario_campo,2,0,1,0
RC0003843,L003843,F0070,2026-05-27,TEC10,No,-1,0,0,0,1,1,1,1,-6.190582,-77.846945,formulario_campo,1,0,0,0
RC0003844,L003844,F0026,2025-03-03,TEC02,No_se_sabe,-1,1,1,0,0,1,1,0,-6.234696,-77.771237,formulario_campo,2,0,0,1
RC0003845,L003845,F0066,2026-06-16,TEC10,No,-1,0,0,1,0,1,1,1,-6.261623,-77.809951,formulario_campo,1,0,0,0
RC0003846,L003846,F0002,2026-07-05,TEC10,Si,8,0,1,0,0,1,0,0,-6.218113,-77.932385,formulario_campo,1,0,1,0
RC0003847,L003847,F0025,2026-05-03,TEC04,No_se_sabe,-1,0,0,1,0,1,1,1,-6.231566,-77.955445,cola_kafka,1,0,0,1
RC0003848,L003848,F0070,2026-07-02,TEC11,No,-1,1,0,0,0,1,1,1,-6.190213,-77.846647,formulario_campo,1,0,0,0
RC0003849,L003849,F0116,2025-09-09,TEC04,No,-1,0,0,0,0,0,0,0,-6.225764,-77.848656,cola_kafka,0,0,0,0
RC0003850,L003850,F0067,2026-07-14,TEC03,No_se_sabe,-1,0,0,1,0,1,1,1,-6.267625,-77.767001,formulario_campo,1,0,0,1
RC0003851,L003851,F0093,2026-04-15,TEC12,Si,10,0,0,1,0,1,1,1,-6.244113,-77.905709,formulario_campo,1,0,1,0
RC0003852,L003852,F0074,2025-05-04,TEC06,No,-1,0,0,0,0,0,0,1,-6.273071,-77.869896,cola_kafka,0,0,0,0
RC0003853,L003853,F0089,2025-06-15,TEC01,Si,5,0,1,1,1,1,1,0,-6.214581,-77.850221,dashboard_acopio,3,0,1,0
RC0003854,L003854,F0098,2025-09-07,TEC08,Si,38,1,0,1,0,1,0,0,-6.211202,-77.898931,formulario_campo,2,1,1,0
RC0003855,L003855,F0003,2025-02-02,TEC01,Si,33,0,1,0,0,1,0,0,-6.215947,-77.820827,formulario_campo,1,0,1,0
RC0003856,L003856,F0023,2026-05-20,TEC07,No,-1,0,0,1,1,1,1,1,-6.160161,-77.836772,formulario_campo,2,0,0,0
RC0003857,L003857,F0096,2025-05-06,TEC02,No_se_sabe,-1,1,1,0,1,1,1,0,-6.146482,-77.810613,cola_kafka,3,0,0,1
RC0003858,L003858,F0074,2025-04-26,TEC11,No,-1,0,1,1,0,1,0,0,-6.273044,-77.869933,formulario_campo,2,0,0,0
RC0003859,L003859,F0025,2026-02-07,TEC12,No_se_sabe,-1,0,1,0,0,1,0,1,-6.231373,-77.956189,dashboard_acopio,1,0,0,1
RC0003860,L003860,F0078,2025-09-15,TEC04,Si,42,1,0,0,0,1,1,0,-6.260805,-77.820244,dashboard_acopio,1,0,1,0
RC0003861,L003861,F0068,2025-12-29,TEC06,Si,35,1,1,1,1,1,0,0,-6.153334,-77.879807,dashboard_acopio,4,1,1,0
RC0003862,L003862,F0031,2026-04-06,TEC04,No_se_sabe,-1,0,1,0,1,1,0,0,-6.24509,-77.929831,formulario_campo,2,0,0,1
RC0003863,L003863,F0066,2026-06-25,TEC06,No,-1,0,0,0,0,0,1,1,-6.26258,-77.808751,dashboard_acopio,0,0,0,0
RC0003864,L003864,F0062,2025-12-10,TEC12,No,-1,0,0,1,0,1,0,0,-6.195085,-77.846256,cola_kafka,1,0,0,0
RC0003865,L003865,F0078,2026-05-31,TEC11,No,-1,0,1,1,0,1,1,0,-6.261076,-77.820092,formulario_campo,2,0,0,0
RC0003866,L003866,F0053,2025-06-03,TEC03,No,-1,0,1,0,0,1,0,0,-6.25765,-77.904013,formulario_campo,1,0,0,0
RC0003867,L003867,F0006,2025-06-07,TEC09,Si,40,0,0,0,0,0,1,1,-6.233075,-77.791112,dashboard_acopio,0,0,1,0
RC0003868,L003868,F0083,2026-06-24,TEC10,No,-1,1,1,0,1,1,0,0,-6.167541,-77.892393,formulario_campo,3,1,0,0
RC0003869,L003869,F0026,2026-08-18,TEC07,No,-1,1,1,0,1,1,0,0,-6.234578,-77.77171,dashboard_acopio,3,1,0,0
RC0003870,L003870,F0112,2026-01-10,TEC01,No_se_sabe,-1,0,0,0,0,0,0,1,-6.276898,-77.862754,dashboard_acopio,0,0,0,1
RC0003871,L003871,F0110,2025-02-01,TEC02,No,-1,0,0,0,0,0,1,0,-6.272006,-77.878029,cola_kafka,0,0,0,0
RC0003872,L003872,F0098,2025-03-01,TEC06,Si,32,1,1,1,0,1,1,1,-6.211792,-77.89871,formulario_campo,3,0,1,0
RC0003873,L003873,F0043,2025-05-10,TEC07,No,-1,0,1,0,0,1,1,1,-6.172276,-77.945902,dashboard_acopio,1,0,0,0
RC0003874,L003874,F0084,2025-07-02,TEC12,No_se_sabe,-1,1,1,1,0,1,0,0,-6.173059,-77.856831,cola_kafka,3,1,0,1
RC0003875,L003875,F0112,2026-01-19,TEC10,No_se_sabe,-1,0,0,0,1,1,1,1,-6.275449,-77.861158,dashboard_acopio,1,0,0,1
RC0003876,L003876,F0003,2026-01-18,TEC03,Si,32,0,0,0,0,0,1,1,-6.214449,-77.821361,cola_kafka,0,0,1,0
RC0003877,L003877,F0009,2026-03-22,TEC01,Si,34,0,1,0,0,1,1,1,-6.273231,-77.825117,formulario_campo,1,0,1,0
RC0003878,L003878,F0003,2025-06-25,TEC01,No_se_sabe,-1,0,0,1,0,1,0,0,-6.215137,-77.820879,formulario_campo,1,0,0,1
RC0003879,L003879,F0082,2025-11-05,TEC01,Si,10,0,0,0,0,0,1,1,-6.19428,-77.870197,formulario_campo,0,0,1,0
RC0003880,L003880,F0059,2026-05-06,TEC10,No,-1,1,1,1,1,1,0,0,-6.248746,-77.974737,cola_kafka,4,1,0,0
RC0003881,L003881,F0019,2026-04-01,TEC11,No,-1,1,0,0,1,1,1,1,-6.228171,-77.85927,formulario_campo,2,0,0,0
RC0003882,L003882,F0009,2026-08-29,TEC01,No,-1,0,0,0,0,0,1,1,-6.273672,-77.825602,dashboard_acopio,0,0,0,0
RC0003883,L003883,F0076,2025-04-03,TEC11,Si,7,1,1,0,0,1,0,0,-6.314432,-77.908635,dashboard_acopio,2,1,1,0
RC0003884,L003884,F0073,2026-05-24,TEC08,Si,2,0,0,0,0,0,1,1,-6.195093,-77.918312,dashboard_acopio,0,0,1,0
RC0003885,L003885,F0107,2026-03-21,TEC03,Si,36,0,0,0,1,1,1,1,-6.226116,-77.902835,cola_kafka,1,0,1,0
RC0003886,L003886,F0106,2026-06-08,TEC10,Si,43,0,0,1,0,1,1,1,-6.253541,-77.838238,dashboard_acopio,1,0,1,0
RC0003887,L003887,F0066,2025-03-17,TEC10,No_se_sabe,-1,0,1,0,0,1,1,1,-6.2613,-77.808997,dashboard_acopio,1,0,0,1
RC0003888,L003888,F0014,2025-09-21,TEC07,No,-1,0,0,1,0,1,1,1,-6.252605,-77.799467,formulario_campo,1,0,0,0
RC0003889,L003889,F0109,2026-04-08,TEC08,Si,10,1,0,1,1,1,0,0,-6.251642,-77.89239,formulario_campo,3,1,1,0
RC0003890,L003890,F0047,2025-09-06,TEC07,Si,7,0,1,1,1,1,0,0,-6.189158,-77.797878,dashboard_acopio,3,0,1,0
RC0003891,L003891,F0102,2026-01-18,TEC04,Si,29,0,1,1,1,1,0,0,-6.276924,-77.944038,formulario_campo,3,0,1,0
RC0003892,L003892,F0013,2025-09-20,TEC01,No,-1,0,1,1,0,1,0,0,-6.148238,-77.808061,dashboard_acopio,2,0,0,0
RC0003893,L003893,F0060,2026-06-20,TEC11,Si,7,1,1,0,1,1,0,1,-6.300986,-77.830326,cola_kafka,3,1,1,0
RC0003894,L003894,F0005,2025-06-17,TEC05,Si,35,1,1,0,0,1,1,1,-6.204465,-77.897458,formulario_campo,2,0,1,0
RC0003895,L003895,F0064,2025-04-14,TEC03,Si,33,0,0,0,1,1,1,1,-6.272647,-77.802602,formulario_campo,1,0,1,0
RC0003896,L003896,F0096,2025-09-02,TEC10,Si,28,1,0,0,0,1,1,0,-6.146664,-77.809363,formulario_campo,1,0,1,0
RC0003897,L003897,F0021,2026-06-13,TEC01,Si,34,0,1,1,0,1,1,1,-6.289794,-77.862682,formulario_campo,2,0,1,0
RC0003898,L003898,F0020,2025-08-04,TEC08,No,-1,0,1,0,0,1,1,1,-6.204831,-77.891144,formulario_campo,1,0,0,0
RC0003899,L003899,F0102,2026-04-16,TEC04,Si,37,0,0,0,0,0,1,1,-6.27624,-77.942418,cola_kafka,0,0,1,0
RC0003900,L003900,F0030,2026-03-14,TEC10,Si,41,1,0,0,0,1,1,0,-6.209061,-77.904822,cola_kafka,1,0,1,0
RC0003901,L003901,F0009,2026-04-08,TEC03,Si,43,1,0,1,1,1,0,0,-6.273327,-77.825537,formulario_campo,3,1,1,0
RC0003902,L003902,F0106,2025-08-28,TEC09,Si,18,0,0,0,0,0,1,1,-6.25337,-77.838165,formulario_campo,0,0,1,0
RC0003903,L003903,F0093,2025-07-22,TEC12,Si,16,0,0,0,0,0,1,1,-6.24466,-77.90432,formulario_campo,0,0,1,0
RC0003904,L003904,F0120,2026-07-27,TEC01,No,-1,0,0,0,1,1,0,1,-6.220882,-77.87614,formulario_campo,1,0,0,0
RC0003905,L003905,F0042,2025-04-02,TEC03,No,-1,1,0,0,0,1,1,0,-6.207789,-77.965908,formulario_campo,1,0,0,0
RC0003906,L003906,F0024,2025-05-17,TEC10,Si,32,1,1,0,1,1,1,1,-6.334632,-77.802833,dashboard_acopio,3,0,1,0
RC0003907,L003907,F0040,2025-05-25,TEC11,No_se_sabe,-1,1,1,0,0,1,0,0,-6.172977,-77.90833,cola_kafka,2,1,0,1
RC0003908,L003908,F0067,2026-05-11,TEC12,Si,5,0,0,0,1,1,0,0,-6.26804,-77.767405,formulario_campo,1,0,1,0
RC0003909,L003909,F0087,2025-09-08,TEC02,No_se_sabe,-1,0,0,0,0,0,1,1,-6.208791,-77.7989,formulario_campo,0,0,0,1
RC0003910,L003910,F0044,2026-08-16,TEC01,Si,27,0,0,0,0,0,1,1,-6.315495,-77.889774,formulario_campo,0,0,1,0
RC0003911,L003911,F0004,2026-06-21,TEC01,No,-1,0,0,1,1,1,0,0,-6.259724,-77.964322,formulario_campo,2,0,0,0
RC0003912,L003912,F0108,2026-05-27,TEC11,No_se_sabe,-1,1,1,0,0,1,1,1,-6.216409,-77.82001,formulario_campo,2,0,0,1
RC0003913,L003913,F0093,2026-07-13,TEC04,No_se_sabe,-1,1,0,1,1,1,0,0,-6.244225,-77.904537,formulario_campo,3,1,0,1
RC0003914,L003914,F0017,2026-05-07,TEC01,Si,7,0,0,0,1,1,0,1,-6.272755,-77.856623,dashboard_acopio,1,0,1,0
RC0003915,L003915,F0053,2025-07-16,TEC07,No,-1,0,1,1,0,1,1,1,-6.259383,-77.903252,cola_kafka,2,0,0,0
RC0003916,L003916,F0034,2026-05-29,TEC08,No,-1,0,0,1,0,1,0,1,-6.21141,-77.883325,formulario_campo,1,0,0,0
RC0003917,L003917,F0010,2026-08-29,TEC03,No,-1,0,1,1,1,1,0,0,-6.259791,-77.877334,dashboard_acopio,3,0,0,0
RC0003918,L003918,F0083,2025-07-18,TEC08,No_se_sabe,-1,0,0,1,1,1,1,1,-6.167505,-77.890609,dashboard_acopio,2,0,0,1
RC0003919,L003919,F0088,2026-07-07,TEC03,Si,36,1,1,0,0,1,0,0,-6.277333,-77.844966,formulario_campo,2,1,1,0
RC0003920,L003920,F0056,2025-06-13,TEC02,No_se_sabe,-1,0,1,0,0,1,0,0,-6.20722,-77.901622,cola_kafka,1,0,0,1
RC0003921,L003921,F0064,2025-10-10,TEC02,No_se_sabe,-1,0,0,0,0,0,1,0,-6.273924,-77.802906,dashboard_acopio,0,0,0,1
RC0003922,L003922,F0049,2025-07-09,TEC09,No_se_sabe,-1,0,0,0,0,0,1,1,-6.194882,-77.916271,formulario_campo,0,0,0,1
RC0003923,L003923,F0080,2025-05-09,TEC12,Si,26,0,0,0,0,0,1,1,-6.268374,-77.911593,formulario_campo,0,0,1,0
RC0003924,L003924,F0102,2026-05-21,TEC09,No_se_sabe,-1,1,1,1,1,1,1,0,-6.277251,-77.942937,cola_kafka,4,0,0,1
RC0003925,L003925,F0014,2025-08-08,TEC09,Si,14,1,1,0,0,1,0,0,-6.25215,-77.798753,formulario_campo,2,1,1,0
RC0003926,L003926,F0073,2025-08-31,TEC05,No_se_sabe,-1,1,1,1,0,1,0,0,-6.195957,-77.917756,formulario_campo,3,1,0,1
RC0003927,L003927,F0007,2025-09-21,TEC12,No,-1,0,1,0,1,1,1,1,-6.197109,-77.904214,cola_kafka,2,0,0,0
RC0003928,L003928,F0070,2025-09-06,TEC06,Si,19,1,1,0,1,1,1,0,-6.189518,-77.846968,cola_kafka,3,0,1,0
RC0003929,L003929,F0020,2026-07-22,TEC02,No,-1,1,0,1,1,1,1,0,-6.202391,-77.890552,cola_kafka,3,0,0,0
RC0003930,L003930,F0037,2025-05-10,TEC01,Si,12,1,0,0,0,1,1,0,-6.203112,-77.859573,formulario_campo,1,0,1,0
RC0003931,L003931,F0063,2026-04-12,TEC07,Si,6,0,0,0,1,1,1,0,-6.241053,-77.959691,formulario_campo,1,0,1,0
RC0003932,L003932,F0054,2026-06-14,TEC01,No_se_sabe,-1,0,0,1,0,1,0,1,-6.193614,-77.86641,formulario_campo,1,0,0,1
RC0003933,L003933,F0073,2025-06-21,TEC04,No,-1,0,0,0,1,1,1,1,-6.195904,-77.917877,cola_kafka,1,0,0,0
RC0003934,L003934,F0003,2025-07-07,TEC10,Si,17,0,0,1,0,1,1,1,-6.214823,-77.820295,cola_kafka,1,0,1,0
RC0003935,L003935,F0085,2025-04-22,TEC02,Si,24,0,0,1,0,1,1,1,-6.275204,-77.853899,formulario_campo,1,0,1,0
RC0003936,L003936,F0025,2026-08-25,TEC11,Si,40,0,1,1,1,1,1,1,-6.23151,-77.956246,cola_kafka,3,0,1,0
RC0003937,L003937,F0002,2025-10-08,TEC07,Si,1,1,0,0,1,1,0,0,-6.219058,-77.932606,formulario_campo,2,1,1,0
RC0003938,L003938,F0101,2026-06-05,TEC01,No,-1,0,0,0,0,0,1,1,-6.3354,-77.860163,formulario_campo,0,0,0,0
RC0003939,L003939,F0088,2026-08-19,TEC08,No,-1,0,1,1,0,1,0,0,-6.277049,-77.844935,cola_kafka,2,0,0,0
RC0003940,L003940,F0087,2026-04-15,TEC09,No,-1,0,0,0,1,1,0,0,-6.207716,-77.797629,dashboard_acopio,1,0,0,0
RC0003941,L003941,F0082,2026-07-11,TEC07,No_se_sabe,-1,1,0,0,0,1,1,1,-6.195646,-77.869386,formulario_campo,1,0,0,1
RC0003942,L003942,F0093,2025-09-05,TEC01,No,-1,0,1,0,0,1,0,0,-6.244556,-77.905672,formulario_campo,1,0,0,0
RC0003943,L003943,F0025,2025-07-29,TEC02,No,-1,1,0,1,0,1,1,0,-6.231998,-77.956721,dashboard_acopio,2,0,0,0
RC0003944,L003944,F0043,2025-06-26,TEC10,Si,37,1,1,0,1,1,0,0,-6.172042,-77.945303,formulario_campo,3,1,1,0
RC0003945,L003945,F0014,2026-07-05,TEC03,No,-1,1,1,1,1,1,1,0,-6.252961,-77.799515,cola_kafka,4,0,0,0
RC0003946,L003946,F0080,2026-05-07,TEC12,No_se_sabe,-1,1,0,0,0,1,0,1,-6.267921,-77.911546,formulario_campo,1,1,0,1
RC0003947,L003947,F0072,2025-06-22,TEC08,Si,17,0,0,0,0,0,1,1,-6.083461,-77.827576,formulario_campo,0,0,1,0
RC0003948,L003948,F0012,2026-07-16,TEC11,Si,37,0,0,1,1,1,1,1,-6.228681,-77.898703,formulario_campo,2,0,1,0
RC0003949,L003949,F0069,2026-02-12,TEC07,No_se_sabe,-1,0,1,1,0,1,0,1,-6.316707,-77.835154,cola_kafka,2,0,0,1
RC0003950,L003950,F0080,2026-04-13,TEC07,No,-1,0,0,0,1,1,1,1,-6.267309,-77.911816,formulario_campo,1,0,0,0
RC0003951,L003951,F0050,2025-12-24,TEC06,No_se_sabe,-1,1,0,0,0,1,0,1,-6.29905,-77.915224,cola_kafka,1,1,0,1
RC0003952,L003952,F0071,2025-06-07,TEC10,No,-1,0,0,0,1,1,1,1,-6.237245,-77.870681,dashboard_acopio,1,0,0,0
RC0003953,L003953,F0006,2026-07-17,TEC05,No_se_sabe,-1,1,0,0,0,1,0,0,-6.231528,-77.790966,dashboard_acopio,1,1,0,1
RC0003954,L003954,F0081,2025-09-30,TEC12,Si,41,0,0,1,0,1,1,1,-6.150237,-77.939451,cola_kafka,1,0,1,0
RC0003955,L003955,F0107,2026-03-26,TEC09,No_se_sabe,-1,0,1,0,0,1,0,0,-6.228174,-77.904019,dashboard_acopio,1,0,0,1
RC0003956,L003956,F0061,2025-04-30,TEC10,Si,10,1,0,0,1,1,1,1,-6.243867,-77.862484,formulario_campo,2,0,1,0
RC0003957,L003957,F0021,2025-06-22,TEC10,No,-1,0,0,0,0,0,1,1,-6.290342,-77.861908,formulario_campo,0,0,0,0
RC0003958,L003958,F0089,2025-04-30,TEC02,Si,8,0,1,0,0,1,1,0,-6.214602,-77.850314,formulario_campo,1,0,1,0
RC0003959,L003959,F0067,2026-05-04,TEC08,Si,37,0,1,0,1,1,1,0,-6.267922,-77.767335,cola_kafka,2,0,1,0
RC0003960,L003960,F0119,2026-06-13,TEC11,No,-1,1,1,1,1,1,1,0,-6.220173,-77.900643,formulario_campo,4,0,0,0
RC0003961,L003961,F0026,2026-05-13,TEC02,No_se_sabe,-1,1,0,1,1,1,0,0,-6.234884,-77.771236,cola_kafka,3,1,0,1
RC0003962,L003962,F0094,2026-07-19,TEC04,No,-1,0,1,0,0,1,1,1,-6.268898,-77.941623,dashboard_acopio,1,0,0,0
RC0003963,L003963,F0034,2026-05-18,TEC04,No_se_sabe,-1,1,0,0,0,1,1,1,-6.210958,-77.883975,formulario_campo,1,0,0,1
RC0003964,L003964,F0084,2025-08-03,TEC03,Si,23,0,0,1,0,1,1,1,-6.173052,-77.856247,formulario_campo,1,0,1,0
RC0003965,L003965,F0119,2026-04-13,TEC04,Si,24,1,0,1,0,1,0,0,-6.21923,-77.901495,formulario_campo,2,1,1,0
RC0003966,L003966,F0085,2026-08-05,TEC07,No,-1,0,0,0,0,0,1,1,-6.27557,-77.853748,formulario_campo,0,0,0,0
RC0003967,L003967,F0012,2025-04-15,TEC12,Si,29,1,0,1,1,1,0,0,-6.229217,-77.898109,dashboard_acopio,3,1,1,0
RC0003968,L003968,F0045,2026-04-17,TEC10,Si,24,0,0,1,1,1,1,1,-6.2499,-77.828932,cola_kafka,2,0,1,0
RC0003969,L003969,F0118,2026-04-13,TEC10,Si,36,1,0,0,0,1,0,0,-6.277437,-77.832306,dashboard_acopio,1,1,1,0
RC0003970,L003970,F0044,2026-04-27,TEC10,No_se_sabe,-1,0,0,0,0,0,1,1,-6.316455,-77.890761,dashboard_acopio,0,0,0,1
RC0003971,L003971,F0085,2026-03-27,TEC06,Si,25,0,0,0,1,1,1,1,-6.276034,-77.853898,cola_kafka,1,0,1,0
RC0003972,L003972,F0120,2025-05-03,TEC05,No,-1,0,1,1,1,1,1,1,-6.221215,-77.875396,formulario_campo,3,0,0,0
RC0003973,L003973,F0103,2026-08-14,TEC05,Si,38,0,0,0,0,0,1,0,-6.177516,-77.917173,dashboard_acopio,0,0,1,0
RC0003974,L003974,F0022,2025-07-26,TEC01,No_se_sabe,-1,0,0,0,0,0,1,1,-6.253738,-77.858798,formulario_campo,0,0,0,1
RC0003975,L003975,F0045,2025-04-06,TEC06,Si,1,1,0,1,1,1,1,1,-6.25123,-77.829651,formulario_campo,3,0,1,0
RC0003976,L003976,F0104,2025-11-12,TEC05,Si,24,1,0,0,1,1,1,1,-6.21103,-77.862196,dashboard_acopio,2,0,1,0
RC0003977,L003977,F0031,2025-08-06,TEC10,Si,11,0,0,0,0,0,1,1,-6.245038,-77.929945,formulario_campo,0,0,1,0
RC0003978,L003978,F0113,2025-08-26,TEC08,Si,6,0,0,0,0,0,1,1,-6.209933,-77.889113,formulario_campo,0,0,1,0
RC0003979,L003979,F0113,2025-04-19,TEC02,No,-1,0,0,0,0,0,1,1,-6.210033,-77.88786,dashboard_acopio,0,0,0,0
RC0003980,L003980,F0084,2026-05-19,TEC11,No_se_sabe,-1,0,0,0,0,0,0,0,-6.171976,-77.858072,formulario_campo,0,0,0,1
RC0003981,L003981,F0088,2025-01-18,TEC04,No,-1,1,0,0,0,1,1,1,-6.276877,-77.843468,cola_kafka,1,0,0,0
RC0003982,L003982,F0064,2025-08-15,TEC03,No_se_sabe,-1,1,0,1,1,1,1,0,-6.273078,-77.802697,formulario_campo,3,0,0,1
RC0003983,L003983,F0076,2025-07-22,TEC07,No_se_sabe,-1,0,0,0,1,1,0,0,-6.315125,-77.908218,formulario_campo,1,0,0,1
RC0003984,L003984,F0028,2025-06-04,TEC09,No,-1,1,0,0,0,1,1,1,-6.232682,-77.852665,cola_kafka,1,0,0,0
RC0003985,L003985,F0090,2025-06-13,TEC01,No_se_sabe,-1,1,0,0,1,1,1,0,-6.198356,-77.81819,dashboard_acopio,2,0,0,1
RC0003986,L003986,F0056,2025-05-21,TEC07,Si,31,1,1,0,1,1,1,1,-6.207474,-77.903131,formulario_campo,3,0,1,0
RC0003987,L003987,F0031,2025-07-02,TEC01,No,-1,1,0,1,0,1,0,0,-6.246897,-77.929908,dashboard_acopio,2,1,0,0
RC0003988,L003988,F0040,2025-08-03,TEC03,Si,29,1,1,1,0,1,0,0,-6.174031,-77.908175,formulario_campo,3,1,1,0
RC0003989,L003989,F0013,2025-09-11,TEC06,No,-1,0,0,0,1,1,1,1,-6.149945,-77.808485,formulario_campo,1,0,0,0
RC0003990,L003990,F0076,2026-05-13,TEC09,No_se_sabe,-1,0,0,0,1,1,1,1,-6.314885,-77.909446,formulario_campo,1,0,0,1
RC0003991,L003991,F0018,2025-06-14,TEC06,No,-1,0,0,0,1,1,1,1,-6.223291,-77.901442,dashboard_acopio,1,0,0,0
RC0003992,L003992,F0007,2025-04-30,TEC03,No_se_sabe,-1,0,0,0,1,1,1,1,-6.198186,-77.904739,formulario_campo,1,0,0,1
RC0003993,L003993,F0004,2026-05-13,TEC09,No,-1,0,0,1,0,1,1,1,-6.261454,-77.963536,cola_kafka,1,0,0,0
RC0003994,L003994,F0060,2025-06-29,TEC10,No_se_sabe,-1,0,1,0,0,1,1,1,-6.300845,-77.829951,cola_kafka,1,0,0,1
RC0003995,L003995,F0042,2025-07-09,TEC07,No,-1,1,1,0,0,1,0,1,-6.206737,-77.964587,dashboard_acopio,2,1,0,0
RC0003996,L003996,F0037,2025-12-18,TEC12,Si,43,0,0,0,0,0,1,1,-6.203392,-77.860564,dashboard_acopio,0,0,1,0
RC0003997,L003997,F0059,2025-04-09,TEC07,No_se_sabe,-1,0,1,0,1,1,1,0,-6.248016,-77.973441,dashboard_acopio,2,0,0,1
RC0003998,L003998,F0067,2025-03-29,TEC01,No_se_sabe,-1,0,0,1,1,1,0,0,-6.266292,-77.767288,dashboard_acopio,2,0,0,1
RC0003999,L003999,F0063,2025-02-12,TEC12,No_se_sabe,-1,0,0,0,0,0,1,1,-6.242375,-77.96021,cola_kafka,0,0,0,1
RC0004000,L004000,F0020,2025-09-06,TEC01,Si,16,1,0,0,1,1,0,1,-6.203265,-77.89091,formulario_campo,2,1,1,0
RC0004001,L004001,F0045,2026-04-11,TEC11,Si,31,1,1,0,0,1,0,0,-6.249753,-77.829734,formulario_campo,2,1,1,0
RC0004002,L004002,F0069,2026-08-30,TEC04,No,-1,0,0,0,1,1,1,1,-6.31769,-77.832677,cola_kafka,1,0,0,0
RC0004003,L004003,F0109,2026-08-06,TEC12,No,-1,0,0,0,0,0,1,1,-6.252485,-77.891386,formulario_campo,0,0,0,0
RC0004004,L004004,F0060,2025-09-30,TEC02,Si,33,1,0,1,0,1,0,0,-6.300671,-77.830618,formulario_campo,2,1,1,0
RC0004005,L004005,F0031,2025-06-03,TEC07,Si,2,1,0,1,1,1,0,0,-6.245949,-77.930482,formulario_campo,3,1,1,0
RC0004006,L004006,F0082,2026-08-30,TEC03,Si,37,0,1,1,0,1,1,0,-6.193722,-77.870258,formulario_campo,2,0,1,0
RC0004007,L004007,F0070,2025-04-24,TEC05,No_se_sabe,-1,1,0,0,1,1,1,1,-6.190145,-77.846272,cola_kafka,2,0,0,1
RC0004008,L004008,F0120,2026-07-10,TEC08,No_se_sabe,-1,0,1,1,0,1,1,0,-6.222294,-77.875633,formulario_campo,2,0,0,1
RC0004009,L004009,F0031,2026-04-06,TEC12,No_se_sabe,-1,0,0,1,0,1,1,1,-6.245824,-77.930654,cola_kafka,1,0,0,1
RC0004010,L004010,F0026,2026-05-16,TEC01,No,-1,0,0,0,0,0,0,0,-6.234627,-77.77234,formulario_campo,0,0,0,0
RC0004011,L004011,F0067,2026-06-18,TEC01,Si,20,1,0,0,1,1,0,0,-6.267904,-77.767427,cola_kafka,2,1,1,0
RC0004012,L004012,F0081,2025-06-01,TEC07,No_se_sabe,-1,0,0,0,0,0,0,1,-6.148782,-77.940397,cola_kafka,0,0,0,1
RC0004013,L004013,F0063,2025-10-30,TEC05,No,-1,1,0,1,0,1,0,0,-6.241593,-77.959246,dashboard_acopio,2,1,0,0
RC0004014,L004014,F0024,2026-06-13,TEC02,No,-1,0,0,0,0,0,1,1,-6.336175,-77.802895,cola_kafka,0,0,0,0
RC0004015,L004015,F0008,2026-02-01,TEC07,Si,41,1,0,0,0,1,0,0,-6.2807,-77.903272,formulario_campo,1,1,1,0
RC0004016,L004016,F0062,2026-01-27,TEC06,Si,32,0,0,0,0,0,1,1,-6.197061,-77.845808,formulario_campo,0,0,1,0
RC0004017,L004017,F0028,2026-02-01,TEC08,Si,34,0,0,0,0,0,1,1,-6.2321,-77.852926,formulario_campo,0,0,1,0
RC0004018,L004018,F0022,2026-04-07,TEC01,No,-1,0,0,0,0,0,1,1,-6.253978,-77.85779,cola_kafka,0,0,0,0
RC0004019,L004019,F0075,2025-06-02,TEC01,No_se_sabe,-1,1,0,0,1,1,1,0,-6.227885,-77.936114,formulario_campo,2,0,0,1
RC0004020,L004020,F0002,2025-07-07,TEC05,No,-1,0,0,0,1,1,0,1,-6.218845,-77.931623,dashboard_acopio,1,0,0,0
RC0004021,L004021,F0072,2026-04-25,TEC12,No_se_sabe,-1,1,0,0,1,1,1,0,-6.083692,-77.82674,cola_kafka,2,0,0,1
RC0004022,L004022,F0013,2025-06-25,TEC05,No_se_sabe,-1,0,0,0,0,0,1,1,-6.149791,-77.808416,formulario_campo,0,0,0,1
RC0004023,L004023,F0012,2026-01-01,TEC04,Si,19,0,0,0,0,0,0,1,-6.22917,-77.898161,formulario_campo,0,0,1,0
RC0004024,L004024,F0109,2025-09-27,TEC07,Si,2,1,0,0,0,1,1,0,-6.25133,-77.891241,dashboard_acopio,1,0,1,0
RC0004025,L004025,F0105,2026-06-25,TEC12,No_se_sabe,-1,0,0,0,0,0,1,1,-6.236607,-77.879643,cola_kafka,0,0,0,1
RC0004026,L004026,F0046,2025-07-13,TEC12,No,-1,1,1,1,0,1,0,0,-6.281236,-77.881496,formulario_campo,3,1,0,0
RC0004027,L004027,F0081,2025-08-11,TEC06,Si,5,0,0,0,0,0,1,1,-6.149053,-77.940975,dashboard_acopio,0,0,1,0
RC0004028,L004028,F0081,2026-03-10,TEC11,Si,24,0,1,0,1,1,1,1,-6.148249,-77.940098,cola_kafka,2,0,1,0
RC0004029,L004029,F0091,2026-05-03,TEC12,No_se_sabe,-1,0,0,1,1,1,1,1,-6.219034,-77.876267,formulario_campo,2,0,0,1
RC0004030,L004030,F0066,2025-09-11,TEC01,Si,10,0,1,0,0,1,1,1,-6.261337,-77.810501,dashboard_acopio,1,0,1,0
RC0004031,L004031,F0087,2025-07-06,TEC05,Si,43,0,0,1,1,1,0,1,-6.208757,-77.798614,cola_kafka,2,0,1,0
RC0004032,L004032,F0038,2026-07-08,TEC05,No,-1,0,0,1,1,1,0,0,-6.241989,-77.855614,dashboard_acopio,2,0,0,0
RC0004033,L004033,F0044,2025-04-10,TEC11,No_se_sabe,-1,0,0,1,0,1,1,1,-6.315714,-77.890047,formulario_campo,1,0,0,1
RC0004034,L004034,F0009,2025-07-03,TEC07,No,-1,0,0,0,1,1,0,0,-6.27322,-77.825345,cola_kafka,1,0,0,0
RC0004035,L004035,F0110,2026-07-17,TEC11,No,-1,1,1,1,0,1,0,0,-6.272088,-77.878882,dashboard_acopio,3,1,0,0
RC0004036,L004036,F0060,2025-08-08,TEC05,No,-1,1,1,1,0,1,0,0,-6.300977,-77.829591,formulario_campo,3,1,0,0
RC0004037,L004037,F0066,2025-09-20,TEC06,No,-1,0,0,1,0,1,0,0,-6.262571,-77.810291,formulario_campo,1,0,0,0
RC0004038,L004038,F0111,2025-06-13,TEC02,No,-1,0,0,0,0,0,1,1,-6.236807,-77.85743,formulario_campo,0,0,0,0
RC0004039,L004039,F0019,2026-08-24,TEC12,Si,32,0,0,0,1,1,1,1,-6.228293,-77.861166,dashboard_acopio,1,0,1,0
RC0004040,L004040,F0066,2026-05-17,TEC12,Si,25,0,1,0,1,1,1,1,-6.262976,-77.809349,dashboard_acopio,2,0,1,0
RC0004041,L004041,F0008,2026-08-26,TEC11,No_se_sabe,-1,0,1,0,1,1,0,1,-6.28007,-77.903948,dashboard_acopio,2,0,0,1
RC0004042,L004042,F0062,2025-09-29,TEC03,No_se_sabe,-1,0,1,0,1,1,1,1,-6.196519,-77.846581,cola_kafka,2,0,0,1
RC0004043,L004043,F0044,2025-05-14,TEC04,Si,36,0,0,1,0,1,1,1,-6.3163,-77.891042,formulario_campo,1,0,1,0
RC0004044,L004044,F0113,2025-07-09,TEC02,Si,32,1,1,0,1,1,1,0,-6.209594,-77.889211,formulario_campo,3,0,1,0
RC0004045,L004045,F0101,2025-09-20,TEC08,No,-1,0,0,1,0,1,1,0,-6.334385,-77.859959,cola_kafka,1,0,0,0
RC0004046,L004046,F0077,2025-07-23,TEC03,No,-1,1,1,1,0,1,1,0,-6.226172,-77.83661,formulario_campo,3,0,0,0
RC0004047,L004047,F0075,2025-06-22,TEC03,No_se_sabe,-1,0,0,0,0,0,1,1,-6.229055,-77.937127,formulario_campo,0,0,0,1
RC0004048,L004048,F0034,2025-09-10,TEC07,Si,16,0,0,0,1,1,1,0,-6.211502,-77.884098,formulario_campo,1,0,1,0
RC0004049,L004049,F0108,2025-06-22,TEC07,No,-1,1,0,0,0,1,0,0,-6.216705,-77.819958,formulario_campo,1,1,0,0
RC0004050,L004050,F0016,2025-05-18,TEC07,No,-1,1,0,1,0,1,0,0,-6.243568,-77.875103,cola_kafka,2,1,0,0
RC0004051,L004051,F0003,2026-04-05,TEC09,Si,13,0,0,0,0,0,1,1,-6.214474,-77.819818,formulario_campo,0,0,1,0
RC0004052,L004052,F0025,2025-06-09,TEC11,Si,37,0,0,1,0,1,1,0,-6.231963,-77.955492,dashboard_acopio,1,0,1,0
RC0004053,L004053,F0031,2025-06-01,TEC07,No,-1,0,0,0,0,0,1,1,-6.244949,-77.930649,formulario_campo,0,0,0,0
RC0004054,L004054,F0116,2026-05-30,TEC03,No_se_sabe,-1,0,0,0,0,0,1,1,-6.2265,-77.847876,dashboard_acopio,0,0,0,1
RC0004055,L004055,F0072,2025-04-21,TEC03,No_se_sabe,-1,0,0,0,0,0,0,1,-6.084075,-77.827077,formulario_campo,0,0,0,1
RC0004056,L004056,F0074,2026-06-09,TEC04,No,-1,1,0,0,0,1,1,0,-6.273366,-77.86999,formulario_campo,1,0,0,0
RC0004057,L004057,F0082,2026-08-17,TEC08,No,-1,0,1,0,1,1,0,0,-6.195046,-77.869173,cola_kafka,2,0,0,0
RC0004058,L004058,F0038,2025-07-14,TEC07,No,-1,0,1,0,1,1,0,0,-6.241944,-77.855159,formulario_campo,2,0,0,0
RC0004059,L004059,F0013,2025-09-25,TEC02,No_se_sabe,-1,0,1,0,0,1,0,0,-6.150061,-77.809164,dashboard_acopio,1,0,0,1
RC0004060,L004060,F0005,2025-06-23,TEC04,No,-1,1,1,1,0,1,1,0,-6.204064,-77.896729,dashboard_acopio,3,0,0,0
RC0004061,L004061,F0024,2025-04-24,TEC06,No_se_sabe,-1,0,0,0,1,1,1,1,-6.334804,-77.802783,cola_kafka,1,0,0,1
RC0004062,L004062,F0045,2025-04-06,TEC05,Si,28,0,0,0,0,0,1,1,-6.250311,-77.828467,formulario_campo,0,0,1,0
RC0004063,L004063,F0102,2025-09-20,TEC08,Si,20,0,0,0,0,0,1,1,-6.276238,-77.943553,formulario_campo,0,0,1,0
RC0004064,L004064,F0006,2026-08-05,TEC01,No,-1,0,0,0,0,0,1,1,-6.230786,-77.791265,formulario_campo,0,0,0,0
RC0004065,L004065,F0111,2025-08-26,TEC01,No_se_sabe,-1,0,0,1,0,1,0,1,-6.235744,-77.85691,cola_kafka,1,0,0,1
RC0004066,L004066,F0059,2025-09-02,TEC04,No_se_sabe,-1,1,1,1,0,1,0,0,-6.248737,-77.973553,dashboard_acopio,3,1,0,1
RC0004067,L004067,F0061,2026-08-20,TEC06,No,-1,1,1,0,1,1,1,0,-6.24364,-77.861958,formulario_campo,3,0,0,0
RC0004068,L004068,F0055,2025-08-09,TEC03,Si,4,0,0,1,0,1,1,1,-6.242133,-77.880137,formulario_campo,1,0,1,0
RC0004069,L004069,F0049,2025-08-06,TEC07,Si,35,0,1,0,0,1,0,0,-6.195194,-77.91563,formulario_campo,1,0,1,0
RC0004070,L004070,F0088,2025-06-19,TEC04,No,-1,1,0,1,0,1,0,0,-6.27803,-77.843907,dashboard_acopio,2,1,0,0
RC0004071,L004071,F0119,2026-06-08,TEC12,Si,37,1,0,0,1,1,1,0,-6.219729,-77.899941,formulario_campo,2,0,1,0
RC0004072,L004072,F0051,2026-05-30,TEC01,No,-1,1,0,0,1,1,0,1,-6.225634,-77.931804,dashboard_acopio,2,1,0,0
RC0004073,L004073,F0005,2026-08-20,TEC01,Si,37,1,0,0,1,1,1,0,-6.206736,-77.896484,cola_kafka,2,0,1,0
RC0004074,L004074,F0006,2025-10-12,TEC08,No,-1,0,0,0,1,1,1,1,-6.230767,-77.790555,formulario_campo,1,0,0,0
RC0004075,L004075,F0024,2026-05-18,TEC09,Si,10,1,0,0,0,1,1,1,-6.335429,-77.802303,formulario_campo,1,0,1,0
RC0004076,L004076,F0093,2026-04-23,TEC04,Si,29,0,0,0,0,0,1,1,-6.243467,-77.905068,formulario_campo,0,0,1,0
RC0004077,L004077,F0040,2025-11-21,TEC07,No_se_sabe,-1,0,0,1,1,1,0,0,-6.17335,-77.90791,formulario_campo,2,0,0,1
RC0004078,L004078,F0030,2025-06-25,TEC11,Si,8,0,0,1,0,1,1,1,-6.2083,-77.903984,dashboard_acopio,1,0,1,0
RC0004079,L004079,F0064,2025-11-06,TEC08,Si,14,0,0,1,1,1,1,1,-6.272635,-77.803391,dashboard_acopio,2,0,1,0
RC0004080,L004080,F0006,2026-04-04,TEC02,No_se_sabe,-1,0,1,1,1,1,1,1,-6.233339,-77.790518,formulario_campo,3,0,0,1
RC0004081,L004081,F0014,2026-07-28,TEC11,Si,9,1,0,0,0,1,1,1,-6.252318,-77.798238,formulario_campo,1,0,1,0
RC0004082,L004082,F0060,2025-04-02,TEC11,Si,43,0,0,0,0,0,1,1,-6.300531,-77.829682,formulario_campo,0,0,1,0
RC0004083,L004083,F0070,2026-07-11,TEC04,No,-1,1,0,0,1,1,1,0,-6.189735,-77.846622,dashboard_acopio,2,0,0,0
RC0004084,L004084,F0017,2025-11-03,TEC10,Si,20,1,1,0,0,1,1,0,-6.271671,-77.856665,cola_kafka,2,0,1,0
RC0004085,L004085,F0051,2026-08-21,TEC04,No_se_sabe,-1,0,1,1,1,1,0,0,-6.226187,-77.931853,formulario_campo,3,0,0,1
RC0004086,L004086,F0083,2026-03-31,TEC02,Si,5,0,0,0,1,1,1,1,-6.168998,-77.892588,formulario_campo,1,0,1,0
RC0004087,L004087,F0021,2025-04-20,TEC04,Si,18,1,0,0,1,1,1,1,-6.289173,-77.864245,cola_kafka,2,0,1,0
RC0004088,L004088,F0101,2025-07-05,TEC12,No,-1,1,1,1,1,1,1,0,-6.335609,-77.859527,cola_kafka,4,0,0,0
RC0004089,L004089,F0070,2026-02-21,TEC01,No_se_sabe,-1,1,0,1,0,1,1,0,-6.190737,-77.84613,formulario_campo,2,0,0,1
RC0004090,L004090,F0013,2026-01-14,TEC06,No_se_sabe,-1,0,0,0,0,0,1,1,-6.149578,-77.80912,cola_kafka,0,0,0,1
RC0004091,L004091,F0053,2025-03-18,TEC09,No,-1,0,0,0,1,1,1,1,-6.259689,-77.903507,dashboard_acopio,1,0,0,0
RC0004092,L004092,F0013,2025-06-18,TEC07,No,-1,0,0,0,0,0,0,0,-6.14916,-77.808683,cola_kafka,0,0,0,0
RC0004093,L004093,F0066,2025-05-05,TEC02,Si,30,1,1,1,0,1,1,0,-6.261374,-77.808846,formulario_campo,3,0,1,0
RC0004094,L004094,F0018,2025-07-02,TEC03,No,-1,0,0,1,1,1,1,1,-6.224016,-77.902065,formulario_campo,2,0,0,0
RC0004095,L004095,F0020,2026-06-12,TEC12,No,-1,0,1,0,0,1,1,1,-6.202437,-77.890955,formulario_campo,1,0,0,0
RC0004096,L004096,F0064,2026-06-27,TEC11,No,-1,0,0,1,1,1,1,1,-6.272972,-77.803637,cola_kafka,2,0,0,0
RC0004097,L004097,F0040,2025-09-25,TEC07,Si,24,0,0,0,0,0,1,1,-6.174467,-77.909095,dashboard_acopio,0,0,1,0
RC0004098,L004098,F0083,2025-08-16,TEC11,No_se_sabe,-1,1,0,1,0,1,1,0,-6.166911,-77.89252,dashboard_acopio,2,0,0,1
RC0004099,L004099,F0060,2025-06-03,TEC08,No,-1,0,1,1,0,1,0,0,-6.302069,-77.829556,formulario_campo,2,0,0,0
RC0004100,L004100,F0002,2025-08-18,TEC04,No,-1,1,1,1,0,1,0,0,-6.21981,-77.932419,dashboard_acopio,3,1,0,0
RC0004101,L004101,F0076,2026-08-02,TEC09,Si,16,1,0,1,0,1,0,0,-6.314461,-77.907917,formulario_campo,2,1,1,0
RC0004102,L004102,F0020,2026-07-09,TEC10,Si,38,0,0,1,0,1,0,0,-6.203889,-77.891883,formulario_campo,1,0,1,0
RC0004103,L004103,F0056,2025-09-18,TEC05,No_se_sabe,-1,1,0,0,1,1,1,0,-6.20773,-77.901697,formulario_campo,2,0,0,1
RC0004104,L004104,F0018,2026-05-17,TEC07,No_se_sabe,-1,1,0,1,1,1,1,0,-6.223403,-77.90252,dashboard_acopio,3,0,0,1
RC0004105,L004105,F0049,2025-07-29,TEC01,No_se_sabe,-1,1,1,0,1,1,0,0,-6.195132,-77.916029,formulario_campo,3,1,0,1
RC0004106,L004106,F0055,2026-08-24,TEC07,No,-1,0,0,0,0,0,1,1,-6.242588,-77.879652,dashboard_acopio,0,0,0,0
RC0004107,L004107,F0007,2025-04-15,TEC09,Si,15,0,0,0,1,1,1,1,-6.197606,-77.904811,formulario_campo,1,0,1,0
RC0004108,L004108,F0047,2026-07-20,TEC04,Si,8,1,0,1,0,1,0,0,-6.189724,-77.797978,formulario_campo,2,1,1,0
RC0004109,L004109,F0021,2026-05-22,TEC03,No,-1,1,0,1,1,1,1,0,-6.290289,-77.862125,cola_kafka,3,0,0,0
RC0004110,L004110,F0118,2026-05-20,TEC11,Si,9,0,0,1,1,1,1,1,-6.277271,-77.832575,formulario_campo,2,0,1,0
RC0004111,L004111,F0075,2026-04-02,TEC05,No,-1,1,1,0,1,1,1,0,-6.228476,-77.937144,cola_kafka,3,0,0,0
RC0004112,L004112,F0091,2026-04-29,TEC04,No_se_sabe,-1,0,1,1,0,1,0,0,-6.219459,-77.876376,formulario_campo,2,0,0,1
RC0004113,L004113,F0109,2026-08-29,TEC08,Si,7,0,0,0,0,0,1,1,-6.253131,-77.891789,formulario_campo,0,0,1,0
RC0004114,L004114,F0030,2026-07-31,TEC01,Si,27,0,1,1,0,1,1,0,-6.208612,-77.904401,formulario_campo,2,0,1,0
RC0004115,L004115,F0054,2025-03-17,TEC08,No_se_sabe,-1,1,0,1,0,1,1,0,-6.195115,-77.865283,formulario_campo,2,0,0,1
RC0004116,L004116,F0073,2025-06-23,TEC10,Si,33,1,0,0,0,1,1,1,-6.195424,-77.91867,formulario_campo,1,0,1,0
RC0004117,L004117,F0003,2025-08-15,TEC10,No,-1,1,0,0,0,1,0,1,-6.215439,-77.82055,cola_kafka,1,1,0,0
RC0004118,L004118,F0120,2025-05-10,TEC12,Si,40,1,0,1,0,1,0,0,-6.220441,-77.876513,formulario_campo,2,1,1,0
RC0004119,L004119,F0038,2025-06-10,TEC02,Si,20,0,0,1,0,1,1,1,-6.242682,-77.855483,formulario_campo,1,0,1,0
RC0004120,L004120,F0107,2025-08-04,TEC11,No,-1,1,0,0,0,1,1,1,-6.227263,-77.904632,formulario_campo,1,0,0,0
RC0004121,L004121,F0031,2025-02-25,TEC06,No,-1,1,1,0,0,1,0,0,-6.245374,-77.929823,dashboard_acopio,2,1,0,0
RC0004122,L004122,F0091,2026-06-26,TEC12,No_se_sabe,-1,0,0,0,1,1,1,0,-6.218808,-77.876295,formulario_campo,1,0,0,1
RC0004123,L004123,F0110,2026-05-02,TEC12,No,-1,0,0,0,0,0,1,1,-6.273182,-77.878653,formulario_campo,0,0,0,0
RC0004124,L004124,F0022,2025-09-22,TEC08,No,-1,0,0,0,1,1,1,1,-6.254197,-77.857458,dashboard_acopio,1,0,0,0
RC0004125,L004125,F0073,2026-07-11,TEC03,No_se_sabe,-1,0,0,0,1,1,1,1,-6.196373,-77.917739,formulario_campo,1,0,0,1
RC0004126,L004126,F0044,2025-07-07,TEC01,Si,23,1,0,1,0,1,1,0,-6.317034,-77.890239,formulario_campo,2,0,1,0
RC0004127,L004127,F0110,2026-07-08,TEC10,No_se_sabe,-1,1,0,0,1,1,0,1,-6.272747,-77.877599,cola_kafka,2,1,0,1
RC0004128,L004128,F0025,2025-08-20,TEC03,Si,37,0,0,1,0,1,1,1,-6.231095,-77.956123,dashboard_acopio,1,0,1,0
RC0004129,L004129,F0102,2025-06-14,TEC03,Si,4,0,0,0,0,0,1,1,-6.277168,-77.942918,dashboard_acopio,0,0,1,0
RC0004130,L004130,F0010,2026-08-17,TEC07,No,-1,0,1,1,0,1,1,0,-6.259437,-77.876431,formulario_campo,2,0,0,0
RC0004131,L004131,F0019,2025-09-21,TEC11,Si,39,0,1,0,1,1,1,1,-6.226762,-77.860974,formulario_campo,2,0,1,0
RC0004132,L004132,F0037,2026-08-08,TEC07,No_se_sabe,-1,0,0,1,1,1,0,0,-6.20244,-77.860494,dashboard_acopio,2,0,0,1
RC0004133,L004133,F0004,2025-06-17,TEC12,No_se_sabe,-1,0,0,1,0,1,1,1,-6.261293,-77.963549,cola_kafka,1,0,0,1
RC0004134,L004134,F0113,2025-09-30,TEC09,No,-1,0,0,0,1,1,1,1,-6.210033,-77.889195,cola_kafka,1,0,0,0
RC0004135,L004135,F0039,2026-07-26,TEC01,Si,29,1,0,0,1,1,1,1,-6.220128,-77.781044,formulario_campo,2,0,1,0
RC0004136,L004136,F0026,2025-09-01,TEC06,No,-1,0,0,1,0,1,1,1,-6.234101,-77.771751,formulario_campo,1,0,0,0
RC0004137,L004137,F0068,2025-08-11,TEC07,No,-1,1,0,0,1,1,1,1,-6.154138,-77.880146,formulario_campo,2,0,0,0
RC0004138,L004138,F0027,2025-08-15,TEC09,No_se_sabe,-1,1,0,1,0,1,0,0,-6.278064,-77.791615,dashboard_acopio,2,1,0,1
RC0004139,L004139,F0005,2026-07-01,TEC01,No,-1,0,0,0,0,0,1,1,-6.204903,-77.897683,formulario_campo,0,0,0,0
RC0004140,L004140,F0037,2025-10-13,TEC05,No_se_sabe,-1,1,1,1,0,1,1,1,-6.202921,-77.860439,formulario_campo,3,0,0,1
RC0004141,L004141,F0010,2026-07-06,TEC10,Si,38,0,0,1,0,1,1,1,-6.259059,-77.876064,cola_kafka,1,0,1,0
RC0004142,L004142,F0068,2025-06-23,TEC11,No,-1,1,0,0,0,1,1,0,-6.153173,-77.879521,formulario_campo,1,0,0,0
RC0004143,L004143,F0105,2026-08-28,TEC03,No_se_sabe,-1,0,0,0,0,0,1,1,-6.235675,-77.878653,formulario_campo,0,0,0,1
RC0004144,L004144,F0050,2025-12-28,TEC01,No,-1,1,1,0,0,1,0,0,-6.299929,-77.915054,cola_kafka,2,1,0,0
RC0004145,L004145,F0066,2026-08-09,TEC09,Si,5,1,1,1,1,1,0,0,-6.261721,-77.80944,formulario_campo,4,1,1,0
RC0004146,L004146,F0027,2026-08-02,TEC12,Si,37,1,1,1,0,1,0,0,-6.278715,-77.792875,formulario_campo,3,1,1,0
RC0004147,L004147,F0006,2025-07-16,TEC07,No,-1,0,0,0,1,1,1,1,-6.23235,-77.791286,formulario_campo,1,0,0,0
RC0004148,L004148,F0078,2025-10-22,TEC02,No,-1,1,0,0,0,1,1,1,-6.261437,-77.819413,formulario_campo,1,0,0,0
RC0004149,L004149,F0033,2025-04-23,TEC04,Si,6,0,0,0,0,0,1,1,-6.206227,-77.893655,formulario_campo,0,0,1,0
RC0004150,L004150,F0089,2026-07-31,TEC05,No,-1,1,1,1,0,1,0,0,-6.214343,-77.849541,formulario_campo,3,1,0,0
RC0004151,L004151,F0054,2025-06-30,TEC06,No_se_sabe,-1,1,1,0,0,1,1,0,-6.194855,-77.864968,formulario_campo,2,0,0,1
RC0004152,L004152,F0110,2025-07-27,TEC12,No,-1,0,1,0,1,1,1,1,-6.272385,-77.879165,dashboard_acopio,2,0,0,0
RC0004153,L004153,F0037,2026-04-16,TEC08,Si,33,0,1,0,0,1,1,1,-6.202398,-77.860635,formulario_campo,1,0,1,0
RC0004154,L004154,F0104,2026-05-10,TEC01,No_se_sabe,-1,0,1,1,0,1,1,0,-6.208925,-77.861653,formulario_campo,2,0,0,1
RC0004155,L004155,F0119,2025-10-18,TEC03,No_se_sabe,-1,1,1,0,1,1,1,0,-6.220365,-77.899032,formulario_campo,3,0,0,1
RC0004156,L004156,F0016,2025-02-21,TEC11,Si,32,1,0,0,0,1,1,1,-6.243296,-77.874839,formulario_campo,1,0,1,0
RC0004157,L004157,F0111,2026-06-20,TEC06,No,-1,0,1,0,0,1,1,0,-6.237083,-77.858307,cola_kafka,1,0,0,0
RC0004158,L004158,F0064,2026-07-28,TEC05,Si,27,0,0,1,1,1,1,1,-6.274164,-77.803206,cola_kafka,2,0,1,0
RC0004159,L004159,F0007,2025-04-08,TEC05,Si,33,1,0,1,0,1,0,0,-6.197667,-77.903674,formulario_campo,2,1,1,0
RC0004160,L004160,F0080,2025-07-17,TEC12,Si,36,0,0,0,1,1,1,1,-6.268362,-77.911186,formulario_campo,1,0,1,0
RC0004161,L004161,F0119,2026-05-13,TEC07,No,-1,0,0,0,0,0,1,1,-6.219442,-77.901973,formulario_campo,0,0,0,0
RC0004162,L004162,F0078,2026-04-07,TEC12,No,-1,0,1,0,1,1,1,1,-6.26222,-77.819725,formulario_campo,2,0,0,0
RC0004163,L004163,F0070,2025-07-14,TEC06,No_se_sabe,-1,1,1,1,0,1,0,0,-6.190801,-77.845265,cola_kafka,3,1,0,1
RC0004164,L004164,F0059,2026-07-23,TEC09,Si,30,0,1,0,0,1,1,1,-6.248771,-77.973803,formulario_campo,1,0,1,0
RC0004165,L004165,F0051,2025-02-25,TEC01,No,-1,1,1,0,0,1,1,0,-6.226522,-77.931245,formulario_campo,2,0,0,0
RC0004166,L004166,F0069,2026-04-13,TEC05,Si,17,0,0,0,0,0,1,0,-6.318063,-77.833293,dashboard_acopio,0,0,1,0
RC0004167,L004167,F0025,2025-08-14,TEC02,Si,38,1,1,1,0,1,1,0,-6.231181,-77.955319,dashboard_acopio,3,0,1,0
RC0004168,L004168,F0024,2026-07-10,TEC04,Si,11,1,1,0,1,1,1,0,-6.335905,-77.802006,formulario_campo,3,0,1,0
RC0004169,L004169,F0063,2025-01-02,TEC10,No,-1,1,1,1,0,1,0,0,-6.241962,-77.959505,formulario_campo,3,1,0,0
RC0004170,L004170,F0075,2026-08-06,TEC04,Si,25,0,0,0,1,1,0,1,-6.228709,-77.937916,formulario_campo,1,0,1,0
RC0004171,L004171,F0029,2025-05-27,TEC11,Si,6,0,0,0,1,1,1,1,-6.194396,-77.843533,formulario_campo,1,0,1,0
RC0004172,L004172,F0110,2026-06-23,TEC02,No,-1,1,0,0,0,1,1,1,-6.272426,-77.879635,formulario_campo,1,0,0,0
RC0004173,L004173,F0059,2025-07-30,TEC06,No,-1,0,0,0,0,0,1,1,-6.247846,-77.974609,formulario_campo,0,0,0,0
RC0004174,L004174,F0093,2025-07-12,TEC06,No,-1,0,0,1,0,1,1,1,-6.245146,-77.905062,formulario_campo,1,0,0,0
RC0004175,L004175,F0073,2026-05-31,TEC02,Si,8,1,1,1,0,1,0,0,-6.19554,-77.917498,cola_kafka,3,1,1,0
RC0004176,L004176,F0094,2025-01-28,TEC04,No,-1,0,0,1,1,1,0,1,-6.268629,-77.942202,dashboard_acopio,2,0,0,0
RC0004177,L004177,F0054,2026-06-01,TEC12,No_se_sabe,-1,1,1,1,0,1,1,0,-6.1949,-77.865068,formulario_campo,3,0,0,1
RC0004178,L004178,F0084,2026-06-18,TEC09,Si,19,1,0,0,1,1,0,0,-6.172055,-77.857873,cola_kafka,2,1,1,0
RC0004179,L004179,F0024,2025-05-29,TEC06,Si,12,1,0,1,0,1,1,0,-6.336088,-77.803096,cola_kafka,2,0,1,0
RC0004180,L004180,F0046,2026-04-01,TEC12,Si,9,0,0,0,0,0,0,1,-6.280175,-77.881985,dashboard_acopio,0,0,1,0
RC0004181,L004181,F0004,2025-04-07,TEC10,Si,42,0,0,0,0,0,0,1,-6.260337,-77.963897,formulario_campo,0,0,1,0
RC0004182,L004182,F0027,2026-04-24,TEC03,Si,24,1,0,0,0,1,0,0,-6.279158,-77.792953,cola_kafka,1,1,1,0
RC0004183,L004183,F0088,2025-01-25,TEC08,No,-1,1,1,0,0,1,1,0,-6.277073,-77.844027,formulario_campo,2,0,0,0
RC0004184,L004184,F0014,2025-06-10,TEC06,No,-1,0,0,0,1,1,1,1,-6.25137,-77.799561,dashboard_acopio,1,0,0,0
RC0004185,L004185,F0082,2025-08-14,TEC04,Si,38,1,1,0,1,1,0,0,-6.194276,-77.868742,formulario_campo,3,1,1,0
RC0004186,L004186,F0078,2025-05-11,TEC03,Si,31,0,1,0,1,1,1,1,-6.261833,-77.818609,formulario_campo,2,0,1,0
RC0004187,L004187,F0116,2026-08-28,TEC06,Si,20,0,1,1,0,1,1,0,-6.225457,-77.847976,cola_kafka,2,0,1,0
RC0004188,L004188,F0003,2026-04-16,TEC01,Si,22,0,1,0,1,1,1,0,-6.215254,-77.82006,cola_kafka,2,0,1,0
RC0004189,L004189,F0118,2025-08-29,TEC03,No_se_sabe,-1,0,0,0,0,0,1,1,-6.276751,-77.832751,dashboard_acopio,0,0,0,1
RC0004190,L004190,F0108,2026-08-10,TEC12,No_se_sabe,-1,0,0,0,1,1,1,1,-6.217003,-77.819865,formulario_campo,1,0,0,1
RC0004191,L004191,F0087,2025-06-26,TEC04,Si,33,0,0,0,0,0,0,1,-6.206939,-77.799142,dashboard_acopio,0,0,1,0
RC0004192,L004192,F0023,2026-07-08,TEC10,No,-1,0,0,0,0,0,0,1,-6.161585,-77.83744,formulario_campo,0,0,0,0
RC0004193,L004193,F0003,2026-04-26,TEC02,Si,6,0,1,0,0,1,0,0,-6.214745,-77.819517,formulario_campo,1,0,1,0
RC0004194,L004194,F0102,2025-11-26,TEC12,No_se_sabe,-1,1,0,0,0,1,1,0,-6.274914,-77.943443,cola_kafka,1,0,0,1
RC0004195,L004195,F0021,2025-07-30,TEC01,Si,21,1,1,1,1,1,0,0,-6.289694,-77.86221,dashboard_acopio,4,1,1,0
RC0004196,L004196,F0023,2025-05-23,TEC11,No,-1,0,0,1,0,1,0,0,-6.16034,-77.837143,cola_kafka,1,0,0,0
RC0004197,L004197,F0096,2025-09-23,TEC08,Si,16,1,0,0,0,1,1,1,-6.147465,-77.809558,dashboard_acopio,1,0,1,0
RC0004198,L004198,F0025,2025-06-11,TEC12,No,-1,1,1,1,0,1,0,0,-6.232162,-77.956052,formulario_campo,3,1,0,0
RC0004199,L004199,F0088,2025-01-06,TEC02,Si,43,0,0,1,0,1,0,0,-6.27748,-77.844174,formulario_campo,1,0,1,0
RC0004200,L004200,F0120,2026-05-16,TEC09,No_se_sabe,-1,0,0,0,0,0,1,1,-6.221419,-77.875812,formulario_campo,0,0,0,1
