lote_id,excede_umbral_carbendazim,excede_umbral_cipermetrina,excede_umbral_clorpirifos,excede_umbral_glifosato,is_detectado_carbendazim,is_detectado_cipermetrina,is_detectado_clorpirifos,is_detectado_glifosato,ppm_detectado_carbendazim,ppm_detectado_clorpirifos,ppm_detectado_glifosato,n_kits_excedidos,n_kits_detectados,lote_contaminado
L000001,0,0,0,0,0,0,0,0,0.00226,0.0,0.0,0,0,0
L000002,0,0,0,0,0,0,0,1,0.0,0.0,0.01165,0,1,0
L000003,0,1,0,0,0,1,0,0,0.00679,0.00462,0.00185,1,1,1
L000004,0,0,0,0,1,0,1,1,0.02865,0.01655,0.01621,0,3,0
L000005,0,0,0,0,0,0,0,0,0.00221,0.00051,0.00477,0,0,0
L000006,0,0,1,0,0,0,1,1,0.00147,0.07281,0.09302,1,2,1
L000007,0,0,1,0,0,0,1,0,0.0,0.08009,0.00096,1,1,1
L000008,0,0,1,0,0,0,1,1,0.0,0.12989,0.01906,1,2,1
L000009,0,1,1,0,0,1,1,1,0.00867,0.05808,0.0541,2,3,1
L000010,0,0,0,0,0,0,0,0,0.00201,0.0,0.00328,0,0,0
L000011,0,0,0,0,1,0,0,1,0.08125,0.00277,0.02543,0,2,0
L000012,0,0,0,0,0,0,0,0,0.0,0.0,0.00293,0,0,0
L000013,0,0,0,0,0,0,0,1,0.0,0.00198,0.02254,0,1,0
L000014,0,0,0,0,0,0,1,0,0.0,0.01456,0.00096,0,1,0
L000015,0,0,0,0,1,0,0,0,0.01656,0.00286,0.00169,0,1,0
L000016,0,1,0,1,0,1,0,1,0.0,0.00202,0.1122,2,2,1
L000017,0,0,0,0,0,0,0,0,0.0,0.0,0.00164,0,0,0
L000018,0,0,0,0,0,0,1,0,0.00149,0.04421,0.0,0,1,0
L000019,0,0,1,1,1,0,1,1,0.02476,0.07303,0.15292,2,3,1
L000020,0,0,0,0,0,0,0,0,0.00573,0.00202,0.0,0,0,0
L000021,0,0,0,0,0,0,0,0,0.0,0.00171,0.0,0,0,0
L000022,0,0,0,0,0,0,0,0,0.00043,0.00066,0.00438,0,0,0
L000023,0,0,0,0,0,0,0,0,0.00099,0.00145,0.0022,0,0,0
L000024,0,1,0,0,1,1,1,1,0.08638,0.01987,0.011,1,4,1
L000025,0,0,0,0,0,0,0,0,0.0,0.00014,0.0,0,0,0
L000026,0,0,0,0,0,0,1,0,0.00494,0.00609,0.0,0,1,0
L000027,0,0,0,0,0,0,0,0,0.00446,0.0,0.0,0,0,0
L000028,0,0,0,0,0,0,0,1,0.0,0.00466,0.07663,0,1,0
L000029,0,0,0,0,0,0,0,1,0.0,0.0,0.01222,0,1,0
L000030,0,0,0,0,0,0,1,0,0.00179,0.02496,0.00542,0,1,0
L000031,0,0,0,0,0,0,1,1,0.0,0.00581,0.02369,0,2,0
L000032,0,0,0,0,0,0,0,0,0.0,0.00133,0.00264,0,0,0
L000033,0,0,0,0,0,0,1,1,0.00958,0.01787,0.03279,0,2,0
L000034,0,1,0,0,1,1,0,0,0.02917,0.0,0.00073,1,2,1
L000035,0,0,0,0,0,0,0,0,0.0,0.0,0.00124,0,0,0
L000036,0,0,0,0,0,0,0,0,0.0,0.00169,0.00421,0,0,0
L000037,0,0,0,0,0,0,0,1,0.00562,0.0,0.01921,0,1,0
L000038,0,0,0,0,0,0,0,0,0.0003,0.002,0.0,0,0,0
L000039,0,0,1,0,1,0,1,0,0.02864,0.12964,0.00542,1,2,1
L000040,0,0,0,0,0,0,0,0,0.00044,0.00146,0.00178,0,0,0
L000041,0,0,0,0,1,0,1,0,0.01911,0.03081,0.00471,0,2,0
L000042,0,0,0,0,0,0,0,0,0.00202,0.00107,0.00121,0,0,0
L000043,0,0,1,0,1,0,1,1,0.01933,0.08521,0.0614,1,3,1
L000044,0,0,0,0,1,0,0,1,0.04254,0.0,0.03335,0,2,0
L000045,1,0,1,0,1,0,1,1,0.17195,0.0846,0.04638,2,3,1
L000046,0,1,0,0,1,1,0,1,0.08112,0.0,0.06852,1,3,1
L000047,0,0,0,0,0,0,0,1,0.0,0.00162,0.02886,0,1,0
L000048,0,1,0,0,1,1,0,1,0.01367,0.00275,0.03418,1,3,1
L000049,0,0,0,0,0,0,0,0,0.0,0.0,0.0,0,0,0
L000050,0,0,0,0,0,0,0,0,0.0,0.0,0.0,0,0,0
L000051,0,0,0,0,0,0,1,1,0.0,0.02907,0.03085,0,2,0
L000052,0,0,0,0,0,0,0,0,0.0,0.00151,0.0,0,0,0
L000053,0,1,0,0,0,1,1,1,0.0,0.0158,0.01991,1,3,1
L000054,0,0,1,0,0,0,1,1,0.0,0.09679,0.09775,1,2,1
L000055,0,0,0,0,1,0,0,1,0.03304,0.0,0.03436,0,2,0
L000056,0,0,0,0,1,0,1,0,0.02515,0.03183,0.00598,0,2,0
L000057,0,0,0,1,0,0,0,1,0.00853,0.00236,0.1301,1,1,1
L000058,0,0,0,0,0,0,0,0,0.00372,0.00068,0.0,0,0,0
L000059,0,0,0,0,0,0,0,0,0.00355,0.00017,0.0,0,0,0
L000060,0,0,0,0,0,0,0,0,0.0023,0.0,0.00196,0,0,0
L000061,0,0,0,0,0,0,0,0,0.0046,0.00045,0.00833,0,0,0
L000062,0,1,0,0,1,1,1,0,0.01385,0.02444,0.00597,1,3,1
L000063,0,1,0,0,1,1,1,0,0.0517,0.01675,0.0,1,3,1
L000064,0,0,0,0,0,0,1,1,0.0,0.01515,0.09506,0,2,0
L000065,0,0,0,0,0,0,1,0,0.00459,0.00794,0.00935,0,1,0
L000066,0,0,1,0,0,0,1,0,0.00077,0.08038,0.00215,1,1,1
L000067,0,0,0,0,0,0,0,0,0.00802,0.0,0.00616,0,0,0
L000068,0,0,0,0,0,0,0,0,0.0,0.0,0.00039,0,0,0
L000069,0,0,0,0,0,0,0,0,0.0,0.0,0.00521,0,0,0
L000070,0,0,0,0,0,0,0,0,0.0,0.0,0.00604,0,0,0
L000071,0,0,0,0,1,0,0,0,0.02165,0.001,0.00841,0,1,0
L000072,0,0,0,0,0,0,0,0,0.0,0.00486,0.0,0,0,0
L000073,0,0,1,0,0,0,1,0,0.00341,0.14648,0.00054,1,1,1
L000074,0,0,0,0,0,0,0,0,0.00145,0.00405,0.0,0,0,0
L000075,0,0,0,0,1,0,0,0,0.02261,0.0,0.0,0,1,0
L000076,0,0,0,0,0,0,0,0,0.00072,0.0,0.00868,0,0,0
L000077,0,0,0,0,0,0,0,0,0.00727,0.0,0.00059,0,0,0
L000078,0,0,0,0,0,0,0,1,0.0,0.00317,0.01584,0,1,0
L000079,0,1,0,0,0,1,0,0,0.00089,0.0,0.0,1,1,1
L000080,0,0,0,0,0,0,0,0,0.0,0.00026,0.0,0,0,0
L000081,0,0,0,0,1,0,0,0,0.01767,0.00139,0.0,0,1,0
L000082,0,0,0,0,0,0,0,0,0.0,0.0,0.0,0,0,0
L000083,0,0,0,0,0,0,0,0,0.0,0.0,0.0,0,0,0
L000084,0,0,0,0,0,0,1,1,0.00632,0.02946,0.02468,0,2,0
L000085,0,0,0,0,1,0,1,1,0.05018,0.00562,0.02001,0,3,0
L000086,0,1,0,0,1,1,1,1,0.02638,0.01761,0.04021,1,4,1
L000087,0,1,0,0,1,1,1,1,0.05103,0.04825,0.01083,1,4,1
L000088,0,0,0,0,0,0,0,1,0.00425,0.00084,0.06306,0,1,0
L000089,0,0,0,0,1,0,0,0,0.03091,0.0,0.00172,0,1,0
L000090,0,0,0,0,0,0,0,0,0.0,0.00489,0.0,0,0,0
L000091,0,0,1,0,0,0,1,0,0.00319,0.14768,0.0,1,1,1
L000092,0,0,0,0,0,0,0,0,0.0,0.0,0.00377,0,0,0
L000093,0,0,0,0,0,0,0,0,3e-05,0.0,0.0,0,0,0
L000094,0,1,1,0,0,1,1,1,0.00433,0.05376,0.04104,2,3,1
L000095,0,0,0,0,0,0,0,0,0.0,0.0016,0.0,0,0,0
L000096,0,0,0,1,0,0,1,1,0.00213,0.00791,0.20298,1,2,1
L000097,1,0,0,1,1,0,1,1,0.19302,0.03231,0.39795,2,3,1
L000098,0,0,0,0,0,0,0,1,0.0,0.0,0.04324,0,1,0
L000099,0,0,0,0,0,0,0,0,0.00164,0.00036,0.00234,0,0,0
L000100,0,1,0,0,1,1,0,1,0.01327,0.0,0.08691,1,3,1
L000101,0,0,0,0,0,0,0,0,0.00045,0.00097,0.00758,0,0,0
L000102,0,0,0,1,1,0,1,1,0.04059,0.01794,0.15531,1,3,1
L000103,0,0,0,0,0,0,0,0,0.00108,0.00053,0.0,0,0,0
L000104,0,0,0,0,0,0,1,0,0.0,0.02752,0.00365,0,1,0
L000105,0,0,0,0,0,0,0,0,0.0009,0.00283,0.00265,0,0,0
L000106,0,0,0,0,1,0,0,0,0.03338,0.0,0.0013,0,1,0
L000107,0,0,0,0,1,0,0,0,0.01265,0.00099,0.00328,0,1,0
L000108,0,0,0,0,0,0,0,1,0.00633,0.00338,0.05577,0,1,0
L000109,0,0,0,0,0,0,0,0,0.0,0.0,0.0,0,0,0
L000110,0,1,0,0,0,1,0,0,0.00271,0.0,0.0,1,1,1
L000111,0,0,0,0,0,0,1,1,0.0,0.01016,0.03603,0,2,0
L000112,0,0,0,0,0,0,0,0,0.00484,0.00395,0.0,0,0,0
L000113,0,0,0,0,0,0,0,0,0.00435,0.0,0.0,0,0,0
L000114,0,0,0,1,0,0,1,1,0.00503,0.02643,0.11159,1,2,1
L000115,0,1,0,0,1,1,1,1,0.03317,0.02111,0.0265,1,4,1
L000116,0,0,0,0,0,0,0,0,0.00161,0.00034,0.00423,0,0,0
L000117,0,0,1,0,0,0,1,1,0.0028,0.11903,0.02438,1,2,1
L000118,0,0,0,0,0,0,0,0,0.00429,0.00108,0.00079,0,0,0
L000119,0,0,1,0,1,0,1,0,0.01797,0.08683,0.0,1,2,1
L000120,0,0,0,0,1,0,0,0,0.01658,0.0,0.00431,0,1,0
L000121,0,0,0,0,1,0,1,0,0.01915,0.02982,0.00284,0,2,0
L000122,0,0,0,0,0,0,1,0,0.00405,0.03218,0.0,0,1,0
L000123,0,0,0,0,0,0,1,0,0.0,0.01923,0.00731,0,1,0
L000124,0,0,0,0,1,0,1,1,0.05695,0.0232,0.02943,0,3,0
L000125,0,0,0,0,0,0,1,0,0.0001,0.04981,0.0,0,1,0
L000126,0,0,0,0,0,0,0,1,0.0,0.0,0.06757,0,1,0
L000127,0,0,0,0,0,0,0,0,0.00269,0.0014,0.00492,0,0,0
L000128,0,0,0,0,1,0,0,1,0.08674,0.0,0.04297,0,2,0
L000129,0,0,0,0,0,0,0,0,0.00393,0.00061,0.00081,0,0,0
L000130,0,0,0,0,0,0,0,0,0.00052,0.0,0.0,0,0,0
L000131,0,1,0,0,1,1,1,0,0.01859,0.02139,0.0,1,3,1
L000132,1,0,0,0,1,0,0,0,0.1136,0.0,0.00669,1,1,1
L000133,0,0,0,0,1,0,1,1,0.01127,0.00971,0.03278,0,3,0
L000134,0,0,0,0,0,0,0,0,0.0,0.0,0.008,0,0,0
L000135,0,0,0,0,0,0,1,1,0.00155,0.02724,0.01527,0,2,0
L000136,0,0,0,0,1,0,1,1,0.0257,0.02659,0.03034,0,3,0
L000137,0,0,0,0,0,0,1,1,0.0,0.01841,0.05739,0,2,0
L000138,0,0,1,0,1,0,1,0,0.03773,0.10797,0.00287,1,2,1
L000139,0,1,0,0,0,1,0,0,0.0,0.00273,0.00129,1,1,1
L000140,0,0,0,0,0,0,0,0,0.0,0.00329,0.0,0,0,0
L000141,0,0,0,0,0,0,0,0,0.0044,0.00076,0.0,0,0,0
L000142,0,0,0,0,0,0,0,1,0.00548,0.00125,0.0299,0,1,0
L000143,0,0,0,0,0,0,1,0,0.0,0.04179,0.00311,0,1,0
L000144,0,0,0,0,0,0,0,0,0.00095,0.0,0.0,0,0,0
L000145,0,0,0,0,0,0,0,0,0.00249,0.00023,0.00597,0,0,0
L000146,0,0,0,0,0,0,0,0,0.0,0.0,0.00309,0,0,0
L000147,0,0,0,0,0,0,1,1,0.00204,0.00627,0.01455,0,2,0
L000148,0,0,0,0,0,0,1,0,0.00528,0.04494,0.00262,0,1,0
L000149,0,0,0,0,0,0,0,1,0.00953,0.00043,0.03226,0,1,0
L000150,0,0,0,0,0,0,1,0,0.0,0.00897,2e-05,0,1,0
L000151,0,0,0,0,0,0,0,0,0.0,0.0,0.00467,0,0,0
L000152,0,0,0,0,0,0,0,0,0.0,0.00229,0.0,0,0,0
L000153,0,1,1,0,0,1,1,0,0.0,0.0955,0.0,2,2,1
L000154,0,0,0,0,0,0,1,0,0.0,0.00602,0.00293,0,1,0
L000155,0,0,0,0,1,0,0,1,0.05737,0.0,0.07179,0,2,0
L000156,0,0,0,0,0,0,0,0,0.00067,0.0,0.00166,0,0,0
L000157,0,0,0,0,0,0,1,0,0.00914,0.01871,0.0,0,1,0
L000158,0,0,0,0,1,0,0,1,0.02267,0.00048,0.01289,0,2,0
L000159,0,0,0,0,0,0,0,0,0.0,0.0,0.0,0,0,0
L000160,0,0,0,0,0,0,0,0,0.0,0.00282,0.0,0,0,0
L000161,0,0,0,0,0,0,1,0,0.00359,0.00692,0.00601,0,1,0
L000162,0,0,0,0,0,0,0,0,0.0,0.00335,0.00164,0,0,0
L000163,0,0,0,0,1,0,0,1,0.03829,0.00153,0.02371,0,2,0
L000164,0,0,0,1,0,0,0,1,0.00506,0.00029,0.14462,1,1,1
L000165,0,0,0,0,0,0,0,0,0.00281,0.00063,0.0,0,0,0
L000166,0,0,0,0,0,0,0,0,0.0,0.0,0.00661,0,0,0
L000167,0,0,0,0,0,0,0,0,0.00602,0.0,0.00607,0,0,0
L000168,0,0,0,0,0,0,0,0,0.0027,0.00032,0.0,0,0,0
L000169,0,0,0,1,0,0,1,1,0.00162,0.03991,0.30746,1,2,1
L000170,0,0,0,0,0,0,0,0,0.00794,0.0,0.0058,0,0,0
L000171,0,0,0,0,1,0,1,0,0.02643,0.01947,0.00385,0,2,0
L000172,0,0,0,0,0,0,0,0,0.0,0.0,0.0,0,0,0
L000173,0,0,1,0,0,0,1,1,0.0,0.05611,0.03197,1,2,1
L000174,0,0,0,0,1,0,0,0,0.01819,0.00324,0.00568,0,1,0
L000175,0,1,0,0,1,1,0,1,0.07295,0.0,0.05032,1,3,1
L000176,0,0,0,0,0,0,0,0,0.0,0.0,0.00078,0,0,0
L000177,0,0,0,0,1,0,1,0,0.0293,0.03975,0.00585,0,2,0
L000178,0,0,0,0,0,0,1,0,0.00213,0.037,0.0,0,1,0
L000179,0,0,0,0,1,0,1,1,0.02883,0.03938,0.01611,0,3,0
L000180,0,0,0,0,0,0,0,0,0.0,0.0,0.00516,0,0,0
L000181,0,0,0,0,0,0,0,0,0.0,0.0,0.00717,0,0,0
L000182,0,0,0,0,0,0,0,0,0.0,0.0,0.0,0,0,0
L000183,0,0,1,1,1,0,1,1,0.02752,0.62229,1.44046,2,3,1
L000184,0,0,0,0,1,0,1,0,0.01702,0.00909,0.0,0,2,0
L000185,0,1,0,0,0,1,0,0,0.00507,0.0,0.00293,1,1,1
L000186,0,1,0,0,0,1,1,0,0.0,0.03651,0.0,1,2,1
L000187,0,0,0,0,1,0,0,0,0.03667,0.00225,0.0,0,1,0
L000188,0,0,0,0,0,0,0,0,0.00123,0.0,0.0,0,0,0
L000189,0,0,0,0,0,0,0,0,0.0,0.0,0.00573,0,0,0
L000190,0,0,0,0,0,0,0,1,0.00015,0.0,0.09418,0,1,0
L000191,0,1,0,0,1,1,1,0,0.02192,0.02549,0.00456,1,3,1
L000192,0,0,0,0,0,0,0,0,0.0,0.0,0.0,0,0,0
L000193,0,0,0,0,0,0,0,1,0.00653,0.00085,0.02376,0,1,0
L000194,0,1,1,0,1,1,1,0,0.01632,0.07022,0.0,2,3,1
L000195,0,1,1,0,1,1,1,1,0.02862,0.0779,0.04513,2,4,1
L000196,0,0,0,0,0,0,0,0,0.00271,0.00178,0.00272,0,0,0
L000197,0,0,0,0,0,0,0,0,0.0,0.00062,0.00061,0,0,0
L000198,0,0,0,0,0,0,0,0,0.0,0.00097,0.0043,0,0,0
L000199,0,0,0,0,0,0,0,0,0.00033,0.0005,0.0087,0,0,0
L000200,0,1,0,0,1,1,0,1,0.06973,0.0,0.0538,1,3,1
L000201,0,0,0,0,0,0,1,1,0.00574,0.01451,0.02431,0,2,0
L000202,0,0,1,0,0,0,1,0,0.0,0.17142,0.00391,1,1,1
L000203,0,0,0,0,1,0,0,1,0.05464,0.0,0.01426,0,2,0
L000204,0,0,1,1,0,0,1,1,0.00815,0.10751,0.35314,2,2,1
L000205,0,0,0,0,0,0,0,0,0.00293,0.00126,0.0054,0,0,0
L000206,0,0,0,0,0,0,1,1,0.00104,0.01119,0.09354,0,2,0
L000207,0,0,0,0,0,0,0,0,0.0,0.0,0.0,0,0,0
L000208,0,0,0,0,0,0,1,1,0.0,0.04193,0.0942,0,2,0
L000209,0,0,0,0,0,0,1,1,0.0,0.00872,0.02009,0,2,0
L000210,0,0,0,0,0,0,0,0,0.0,0.00057,0.0,0,0,0
L000211,0,1,0,1,0,1,0,1,0.00624,0.0,0.34666,2,2,1
L000212,0,0,0,0,1,0,0,0,0.02324,0.0,0.0,0,1,0
L000213,0,0,0,0,0,0,1,0,0.0,0.01051,0.0,0,1,0
L000214,0,0,0,0,1,0,0,0,0.04397,0.00237,0.0,0,1,0
L000215,0,0,0,0,0,0,0,0,0.00149,0.0,0.00631,0,0,0
L000216,0,0,0,0,0,0,1,0,0.00589,0.02286,0.00478,0,1,0
L000217,0,0,0,0,0,0,1,1,0.00824,0.03712,0.0379,0,2,0
L000218,0,0,1,1,0,0,1,1,0.0,0.25513,0.48771,2,2,1
L000219,0,0,0,0,0,0,1,1,0.00881,0.0349,0.02975,0,2,0
L000220,0,0,0,0,0,0,0,0,0.00136,0.0,0.0073,0,0,0
L000221,0,0,0,0,0,0,0,0,0.0,0.0,0.00448,0,0,0
L000222,0,0,0,0,0,0,0,0,0.00568,0.00053,0.00567,0,0,0
L000223,0,0,0,0,1,0,1,0,0.04349,0.04318,0.00308,0,2,0
L000224,0,0,0,0,1,0,1,1,0.02483,0.04281,0.01343,0,3,0
L000225,0,0,0,0,1,0,1,0,0.01636,0.04383,0.0,0,2,0
L000226,0,0,0,0,0,0,1,0,0.0,0.01322,0.0,0,1,0
L000227,0,1,1,1,0,1,1,1,0.0,0.30169,0.83587,3,3,1
L000228,0,0,0,0,0,0,0,0,0.00064,0.0,0.00453,0,0,0
L000229,0,0,0,0,0,0,0,0,0.00436,0.0,0.00951,0,0,0
L000230,0,0,0,0,0,0,0,0,0.0,0.0,0.0,0,0,0
L000231,0,0,0,0,0,0,0,1,0.00944,7e-05,0.01175,0,1,0
L000232,0,0,0,0,0,0,1,0,0.0,0.03515,0.00584,0,1,0
L000233,0,1,1,0,1,1,1,0,0.02799,0.06936,0.00546,2,3,1
L000234,0,0,0,0,0,0,0,0,0.00019,0.00336,0.0,0,0,0
L000235,0,0,0,0,0,0,0,1,0.00354,0.0,0.01243,0,1,0
L000236,0,0,0,0,0,0,0,0,0.00166,0.0027,0.0056,0,0,0
L000237,0,0,0,0,0,0,0,0,0.00182,0.00018,0.0,0,0,0
L000238,0,0,0,0,0,0,0,0,0.00583,0.0,0.00979,0,0,0
L000239,0,0,1,0,1,0,1,1,0.06094,0.09071,0.01347,1,3,1
L000240,0,0,0,0,0,0,0,0,0.0,0.00067,0.00859,0,0,0
L000241,0,0,0,0,0,0,0,0,0.0,0.0,0.0,0,0,0
L000242,0,0,0,0,0,0,1,1,0.00972,0.01733,0.01849,0,2,0
L000243,0,0,0,0,1,0,1,0,0.01537,0.03213,0.0,0,2,0
L000244,0,0,0,0,0,0,1,1,0.0,0.01755,0.0228,0,2,0
L000245,0,0,0,0,0,0,0,1,0.0,0.0008,0.01741,0,1,0
L000246,0,0,1,0,0,0,1,0,0.00221,0.05098,0.0,1,1,1
L000247,0,0,0,1,0,0,0,1,0.0,0.0,0.15059,1,1,1
L000248,0,0,0,0,0,0,0,0,0.00016,0.0029,0.00679,0,0,0
L000249,0,0,0,0,0,0,0,0,0.00261,0.0,0.0,0,0,0
L000250,0,0,0,0,1,0,0,0,0.01408,0.00306,0.00427,0,1,0
L000251,0,0,1,1,0,0,1,1,0.00187,0.16899,0.19898,2,2,1
L000252,0,0,0,0,0,0,0,1,0.0,0.00327,0.02178,0,1,0
L000253,0,0,0,0,0,0,0,0,0.00399,0.00411,0.0,0,0,0
L000254,0,1,0,0,0,1,0,0,0.00167,0.0,0.0,1,1,1
L000255,0,0,0,0,0,0,0,0,0.0,0.0,0.00423,0,0,0
L000256,0,1,0,1,1,1,0,1,0.03768,0.0,0.11225,2,3,1
L000257,0,0,0,0,0,0,0,0,0.00264,0.00081,0.0,0,0,0
L000258,0,0,1,1,0,0,1,1,0.0,0.11403,0.14812,2,2,1
L000259,0,0,0,0,0,0,0,1,0.00957,0.00133,0.01251,0,1,0
L000260,0,0,0,0,0,0,1,0,0.00483,0.0119,0.00231,0,1,0
L000261,0,0,1,0,1,0,1,1,0.03141,0.10658,0.04507,1,3,1
L000262,0,0,0,0,1,0,0,0,0.01767,0.0,0.00139,0,1,0
L000263,0,0,0,0,0,0,0,0,0.00191,0.0,0.00752,0,0,0
L000264,0,0,0,1,1,0,0,1,0.03695,0.0,0.20674,1,2,1
L000265,0,0,0,0,0,0,1,0,0.00112,0.02151,0.00161,0,1,0
L000266,0,0,0,0,0,0,0,0,0.00202,0.00129,0.00222,0,0,0
L000267,0,0,0,0,0,0,0,1,0.00489,0.0,0.01059,0,1,0
L000268,0,0,0,0,1,0,1,1,0.01958,0.03381,0.0207,0,3,0
L000269,0,1,0,0,0,1,0,1,0.0,0.0,0.01159,1,2,1
L000270,0,0,0,0,0,0,0,0,0.00223,0.0,0.00591,0,0,0
L000271,0,0,0,0,1,0,1,1,0.01937,0.02369,0.04537,0,3,0
L000272,0,0,0,0,0,0,0,0,0.00356,0.0,0.0,0,0,0
L000273,0,0,0,0,0,0,0,0,0.00192,0.0,0.00495,0,0,0
L000274,0,0,1,0,0,0,1,0,0.00365,0.05739,0.0,1,1,1
L000275,0,0,0,0,0,0,1,1,0.0,0.01227,0.07044,0,2,0
L000276,0,0,0,0,0,0,0,1,0.00463,6e-05,0.0503,0,1,0
L000277,0,0,0,0,0,0,0,0,0.00047,0.00167,0.00524,0,0,0
L000278,0,0,0,0,0,0,1,1,0.0,0.03457,0.05929,0,2,0
L000279,0,1,0,0,1,1,0,1,0.02179,0.0,0.02477,1,3,1
L000280,0,0,0,0,0,0,0,0,0.00393,0.0,0.00828,0,0,0
L000281,0,1,0,0,0,1,1,0,0.00297,0.01997,0.00131,1,2,1
L000282,0,0,0,0,0,0,0,0,0.00105,0.0,0.0004,0,0,0
L000283,0,0,0,0,0,0,0,0,0.0,0.0,0.00443,0,0,0
L000284,0,0,0,0,0,0,0,0,0.0,0.0,0.0,0,0,0
L000285,0,0,0,0,0,0,1,0,0.0,0.01317,0.00264,0,1,0
L000286,0,0,0,0,0,0,0,1,0.00384,0.00449,0.01431,0,1,0
L000287,0,0,0,0,1,0,0,1,0.06879,0.0,0.08194,0,2,0
L000288,0,0,0,0,1,0,0,1,0.03288,0.0,0.04525,0,2,0
L000289,0,0,1,0,1,0,1,1,0.01971,0.14902,0.06293,1,3,1
L000290,0,0,0,0,0,0,0,0,0.00265,0.00325,0.00021,0,0,0
L000291,0,0,0,0,1,0,1,1,0.0451,0.0158,0.04902,0,3,0
L000292,0,1,0,1,0,1,0,1,1e-05,0.0,0.20753,2,2,1
L000293,0,0,0,0,0,0,0,0,0.00387,0.0,0.00623,0,0,0
L000294,0,1,0,0,0,1,0,0,0.00023,0.0,0.00346,1,1,1
L000295,0,0,0,0,1,0,0,1,0.01484,0.0,0.02679,0,2,0
L000296,0,0,0,0,0,0,0,0,0.00162,0.0004,0.00031,0,0,0
L000297,0,1,0,0,1,1,0,1,0.01413,0.0,0.04707,1,3,1
L000298,0,0,0,0,0,0,0,1,0.0,0.0,0.01026,0,1,0
L000299,0,0,0,0,1,0,0,0,0.01824,0.0035,0.00798,0,1,0
L000300,0,0,0,0,0,0,0,1,0.00304,0.0,0.01447,0,1,0
L000301,0,0,0,0,0,0,0,0,0.0037,0.0031,0.00361,0,0,0
L000302,0,0,0,0,0,0,0,0,0.0,0.0,0.00641,0,0,0
L000303,0,0,0,0,0,0,0,0,0.0,0.00182,0.00014,0,0,0
L000304,0,0,0,0,0,0,0,0,0.0,0.0,0.0,0,0,0
L000305,0,1,0,0,0,1,0,1,0.0,0.0,0.02042,1,2,1
L000306,0,0,0,0,0,0,0,0,0.0,0.00266,0.0,0,0,0
L000307,0,0,0,0,0,0,0,0,0.00336,0.002,0.0,0,0,0
L000308,0,1,0,1,1,1,1,1,0.01777,0.0244,0.16125,2,4,1
L000309,0,0,0,0,0,0,0,0,0.00115,0.0,0.0,0,0,0
L000310,0,0,0,0,0,0,1,1,0.0,0.03287,0.08104,0,2,0
L000311,0,0,0,0,0,0,0,0,0.00143,0.0,0.00651,0,0,0
L000312,0,0,0,0,0,0,0,0,0.00066,0.0,0.00241,0,0,0
L000313,0,0,0,0,1,0,1,1,0.08572,0.01572,0.05986,0,3,0
L000314,0,0,0,0,0,0,0,1,0.00074,0.00115,0.03446,0,1,0
L000315,0,0,0,0,0,0,0,0,0.0,0.00116,0.0,0,0,0
L000316,0,1,0,1,1,1,0,1,0.01523,0.0,0.25732,2,3,1
L000317,0,0,0,0,0,0,0,1,0.00365,0.0,0.08534,0,1,0
L000318,0,0,0,0,0,0,0,0,0.00328,0.00382,0.0,0,0,0
L000319,0,1,1,1,0,1,1,1,0.0,0.11096,0.39781,3,3,1
L000320,0,0,0,0,0,0,0,0,0.0,0.0,0.0031,0,0,0
L000321,0,0,0,0,0,0,0,1,0.00124,0.00356,0.02483,0,1,0
L000322,0,0,0,0,0,0,0,1,0.00569,0.00274,0.01027,0,1,0
L000323,0,0,0,0,0,0,0,0,0.00118,0.0,0.0,0,0,0
L000324,0,0,0,0,1,0,0,0,0.07488,0.00112,0.00755,0,1,0
L000325,0,0,0,0,0,0,0,1,0.00174,0.0,0.0123,0,1,0
L000326,0,0,0,0,0,0,0,0,0.00515,0.0036,0.0,0,0,0
L000327,0,1,0,0,0,1,1,0,0.0053,0.04119,0.00551,1,2,1
L000328,0,0,0,0,0,0,0,1,0.00519,0.00085,0.04023,0,1,0
L000329,0,0,0,0,0,0,0,0,0.00079,0.00108,0.00015,0,0,0
L000330,0,1,0,0,1,1,0,1,0.05904,0.00361,0.09546,1,3,1
L000331,0,1,0,0,0,1,0,0,0.00092,0.00048,0.0,1,1,1
L000332,0,0,0,0,0,0,0,0,0.00073,0.00059,0.00182,0,0,0
L000333,0,1,0,0,0,1,0,0,0.00259,0.00028,0.00446,1,1,1
L000334,0,0,0,0,0,0,0,0,0.0,0.00135,0.0,0,0,0
L000335,0,0,1,1,1,0,1,1,0.01085,0.12719,0.26073,2,3,1
L000336,0,0,0,0,1,0,0,1,0.01018,0.0,0.07325,0,2,0
L000337,0,0,0,0,0,0,1,1,0.00338,0.02357,0.01714,0,2,0
L000338,0,0,0,0,0,0,0,0,0.00032,0.00023,0.0016,0,0,0
L000339,0,0,0,0,0,0,0,0,0.0,0.00193,0.00248,0,0,0
L000340,0,0,0,0,1,0,1,1,0.02015,0.01735,0.01628,0,3,0
L000341,0,1,0,1,0,1,0,1,0.00538,0.00249,0.16453,2,2,1
L000342,0,0,0,0,0,0,0,1,0.00364,0.0,0.07285,0,1,0
L000343,0,0,0,0,0,0,0,0,0.00253,0.00061,0.0,0,0,0
L000344,0,0,0,0,0,0,1,0,0.00403,0.04841,0.00011,0,1,0
L000345,0,0,0,0,0,0,1,0,0.00859,0.02995,0.0035,0,1,0
L000346,0,0,0,0,0,0,0,0,0.00465,0.0005,0.0098,0,0,0
L000347,0,0,0,1,0,0,0,1,0.0,0.0,0.1784,1,1,1
L000348,0,0,1,0,1,0,1,1,0.01386,0.12016,0.02098,1,3,1
L000349,0,0,1,0,0,0,1,1,0.00428,0.0692,0.03156,1,2,1
L000350,0,0,0,0,0,0,0,1,0.00299,0.00111,0.01241,0,1,0
L000351,0,0,0,0,0,0,0,0,0.00208,0.00042,0.0,0,0,0
L000352,0,0,0,0,1,0,1,1,0.01285,0.04983,0.06676,0,3,0
L000353,0,0,0,0,0,0,0,0,0.00349,0.0,0.0,0,0,0
L000354,0,1,0,0,1,1,0,1,0.05653,0.0,0.0637,1,3,1
L000355,0,0,0,0,0,0,0,0,0.0,0.0,0.00187,0,0,0
L000356,0,0,0,0,0,0,0,0,0.00433,0.0,0.00381,0,0,0
L000357,0,0,0,0,1,0,0,0,0.01018,0.0,0.0,0,1,0
L000358,0,0,0,0,1,0,0,1,0.02128,0.00273,0.05855,0,2,0
L000359,0,1,1,1,0,1,1,1,0.00165,0.25486,1.12217,3,3,1
L000360,0,0,0,0,0,0,1,0,0.0,0.00526,0.0,0,1,0
L000361,0,0,0,0,0,0,0,0,0.0,0.0,0.00962,0,0,0
L000362,0,0,0,0,0,0,0,0,0.00672,0.00114,0.0,0,0,0
L000363,0,0,0,0,0,0,0,0,0.00242,0.0,0.00647,0,0,0
L000364,0,0,0,0,0,0,0,0,1e-05,0.0,0.00363,0,0,0
L000365,0,0,0,0,1,0,0,0,0.01485,0.0,0.0,0,1,0
L000366,0,0,0,0,0,0,0,1,0.00292,0.0,0.01089,0,1,0
L000367,0,0,0,0,0,0,0,0,0.00199,0.0,0.0,0,0,0
L000368,0,1,0,0,0,1,1,1,0.00641,0.03795,0.08308,1,3,1
L000369,0,0,1,0,1,0,1,0,0.02561,0.08203,0.0,1,2,1
L000370,0,0,0,0,0,0,0,0,0.0,0.00246,0.0071,0,0,0
L000371,0,0,0,0,0,0,0,0,0.0,0.0,0.00323,0,0,0
L000372,0,0,0,0,0,0,1,0,0.0,0.03689,0.00078,0,1,0
L000373,0,1,0,0,1,1,1,1,0.01262,0.01718,0.03826,1,4,1
L000374,0,0,0,0,0,0,0,0,0.00267,0.0,0.0,0,0,0
L000375,0,1,0,0,1,1,1,0,0.01172,0.02646,0.00891,1,3,1
L000376,0,1,0,0,0,1,1,1,0.0,0.02595,0.01218,1,3,1
L000377,0,0,0,0,1,0,0,1,0.01083,0.00115,0.02764,0,2,0
L000378,0,0,0,0,0,0,0,0,0.00163,0.00221,0.0,0,0,0
L000379,0,0,0,0,1,0,0,0,0.01897,0.00125,0.0,0,1,0
L000380,1,1,1,1,1,1,1,1,0.1148,0.12443,0.10924,4,4,1
L000381,0,0,0,0,0,0,1,1,0.0,0.00634,0.02334,0,2,0
L000382,0,0,0,0,1,0,0,0,0.02536,1e-05,0.0,0,1,0
L000383,0,0,0,0,0,0,0,0,0.00137,0.00036,0.0045,0,0,0
L000384,0,0,0,0,0,0,0,1,0.0,0.0,0.02478,0,1,0
L000385,0,0,1,0,1,0,1,1,0.02796,0.18451,0.02691,1,3,1
L000386,0,0,0,0,0,0,0,0,0.0,0.001,0.0,0,0,0
L000387,0,0,0,1,0,0,0,1,0.0,0.0,0.13636,1,1,1
L000388,0,0,0,0,0,0,0,1,0.00936,0.00083,0.02595,0,1,0
L000389,0,0,0,0,0,0,0,0,0.00251,0.0,0.00491,0,0,0
L000390,0,0,0,0,1,0,1,1,0.03779,0.02873,0.04893,0,3,0
L000391,0,0,0,0,0,0,0,0,0.00049,0.00278,0.0,0,0,0
L000392,0,0,0,0,1,0,1,1,0.02015,0.03105,0.01091,0,3,0
L000393,0,0,0,0,0,0,0,0,0.0,0.0,0.0039,0,0,0
L000394,0,0,1,0,0,0,1,0,0.0,0.06662,0.0,1,1,1
L000395,0,0,0,0,0,0,0,0,0.00043,0.0,0.0,0,0,0
L000396,0,1,0,0,1,1,0,0,0.02266,0.0,0.0,1,2,1
L000397,0,0,1,0,0,0,1,1,0.0079,0.06618,0.04719,1,2,1
L000398,0,0,0,0,0,0,0,1,0.0,0.0,0.01531,0,1,0
L000399,0,0,0,0,0,0,0,0,0.00189,0.0035,0.00642,0,0,0
L000400,0,0,0,0,0,0,0,1,0.00649,0.0,0.0449,0,1,0
L000401,0,0,0,0,0,0,0,0,0.00116,0.0,0.0,0,0,0
L000402,0,0,0,0,0,0,0,0,0.0,0.00134,0.00234,0,0,0
L000403,0,0,0,0,0,0,1,0,0.0,0.04705,0.0,0,1,0
L000404,0,0,0,0,0,0,0,0,0.00362,0.00186,0.00169,0,0,0
L000405,0,1,0,1,0,1,1,1,0.00546,0.04667,0.11257,2,3,1
L000406,0,0,0,1,0,0,0,1,0.00748,0.00135,0.36727,1,1,1
L000407,0,0,0,0,0,0,0,0,0.00625,0.0,0.00301,0,0,0
L000408,0,0,0,0,0,0,0,0,0.0022,0.00258,0.00154,0,0,0
L000409,0,0,0,0,0,0,1,0,0.0,0.0225,0.00511,0,1,0
L000410,0,0,0,0,0,0,0,0,0.0,0.00142,0.00953,0,0,0
L000411,0,0,0,0,0,0,0,0,0.0031,0.00072,0.0,0,0,0
L000412,0,0,0,0,0,0,0,0,0.0028,0.00469,0.00835,0,0,0
L000413,0,0,0,0,0,0,1,0,0.0,0.03257,0.00012,0,1,0
L000414,0,0,0,0,0,0,0,0,0.00028,0.0,0.00225,0,0,0
L000415,0,0,0,0,0,0,0,1,0.0,0.00035,0.04562,0,1,0
L000416,0,0,0,0,0,0,0,1,0.0,0.00417,0.07668,0,1,0
L000417,0,1,0,0,0,1,1,0,0.0,0.02005,0.00887,1,2,1
L000418,0,0,1,0,0,0,1,1,0.0,0.128,0.0115,1,2,1
L000419,0,0,1,1,0,0,1,1,0.0048,0.07392,0.18501,2,2,1
L000420,0,0,0,0,0,0,0,0,0.00083,0.0,0.00153,0,0,0
L000421,0,0,0,0,0,0,0,0,0.00304,0.00209,0.0058,0,0,0
L000422,0,0,0,0,0,0,1,1,0.00047,0.03067,0.05026,0,2,0
L000423,0,0,0,0,0,0,0,0,0.00053,0.0,0.0,0,0,0
L000424,0,0,0,0,0,0,0,0,0.0,0.0,0.0,0,0,0
L000425,0,1,1,0,0,1,1,0,0.0,0.05023,0.0,2,2,1
L000426,0,0,0,0,0,0,1,0,0.0,0.01251,0.00177,0,1,0
L000427,0,0,0,0,1,0,1,1,0.08784,0.00819,0.03463,0,3,0
L000428,0,0,0,0,0,0,0,0,0.0087,0.0004,0.0,0,0,0
L000429,0,0,0,0,0,0,0,0,0.00925,0.0,0.0,0,0,0
L000430,0,0,0,0,1,0,0,1,0.01069,0.0,0.02786,0,2,0
L000431,0,1,0,0,1,1,1,1,0.04849,0.01139,0.09003,1,4,1
L000432,0,0,0,0,0,0,1,0,0.0,0.00502,0.0,0,1,0
L000433,0,0,0,0,1,0,0,0,0.04526,0.0,0.00513,0,1,0
L000434,0,0,0,0,0,0,0,0,0.00018,0.0,0.00947,0,0,0
L000435,0,0,1,1,1,0,1,1,0.0105,0.10879,0.29258,2,3,1
L000436,0,0,0,0,0,0,1,1,0.00235,0.00778,0.06646,0,2,0
L000437,0,0,1,0,0,0,1,1,0.00097,0.13998,0.03072,1,2,1
L000438,0,0,0,0,1,0,1,1,0.01644,0.01258,0.02153,0,3,0
L000439,0,0,0,0,0,0,0,0,0.0,0.0,0.0,0,0,0
L000440,0,0,0,0,0,0,0,1,0.0,0.0,0.04814,0,1,0
L000441,0,0,0,0,0,0,0,0,0.0,0.0,0.0,0,0,0
L000442,0,0,0,0,1,0,0,0,0.01548,0.0,0.0,0,1,0
L000443,0,0,0,0,0,0,0,0,0.0006,0.0,0.0,0,0,0
L000444,0,0,0,0,0,0,0,1,0.00229,0.0005,0.04842,0,1,0
L000445,0,0,0,0,0,0,0,1,0.0,0.0,0.03401,0,1,0
L000446,0,0,0,0,1,0,0,0,0.04022,0.0,0.0,0,1,0
L000447,0,0,0,0,0,0,0,1,0.00046,0.00076,0.03464,0,1,0
L000448,0,0,0,0,0,0,1,1,0.0,0.02066,0.01843,0,2,0
L000449,0,1,0,0,0,1,0,1,0.0,0.00202,0.0885,1,2,1
L000450,0,0,0,0,0,0,0,0,0.0,0.00127,0.00076,0,0,0
L000451,0,0,0,0,0,0,0,0,0.00155,0.0,0.00416,0,0,0
L000452,0,0,0,0,0,0,0,1,0.0,0.00075,0.03491,0,1,0
L000453,1,1,0,1,1,1,0,1,0.12308,0.0,0.11283,3,3,1
L000454,0,0,0,0,1,0,1,1,0.03479,0.01225,0.04034,0,3,0
L000455,0,0,0,0,0,0,0,0,0.0,0.0,0.0,0,0,0
L000456,0,0,0,0,1,0,1,0,0.06284,0.01892,0.0,0,2,0
L000457,0,0,0,0,1,0,0,0,0.0468,0.0,0.00573,0,1,0
L000458,0,0,0,0,1,0,0,0,0.02019,0.00137,0.0,0,1,0
L000459,0,0,0,0,0,0,0,1,0.00133,0.0,0.0136,0,1,0
L000460,0,0,0,0,0,0,0,0,0.0,4e-05,0.0,0,0,0
L000461,0,0,0,0,1,0,0,0,0.02667,0.0,0.00176,0,1,0
L000462,0,0,0,0,1,0,0,0,0.01546,0.00235,0.0,0,1,0
L000463,0,0,0,0,1,0,1,1,0.02727,0.0411,0.02311,0,3,0
L000464,0,0,1,0,0,0,1,0,0.00725,0.15163,0.0,1,1,1
L000465,0,0,1,0,1,0,1,1,0.01033,0.06422,0.03578,1,3,1
L000466,0,0,0,0,1,0,1,1,0.02016,0.02327,0.01511,0,3,0
L000467,0,0,0,0,1,0,1,1,0.01112,0.03057,0.01058,0,3,0
L000468,1,1,0,0,1,1,0,1,0.13081,0.0,0.09493,2,3,1
L000469,0,0,0,0,0,0,0,1,0.0,0.00152,0.01032,0,1,0
L000470,0,0,0,0,0,0,0,0,0.00982,0.00054,0.0,0,0,0
L000471,0,1,1,0,1,1,1,0,0.06694,0.10272,0.00888,2,3,1
L000472,0,1,0,0,0,1,0,0,0.0,0.0,0.0,1,1,1
L000473,0,0,0,0,1,0,1,1,0.01668,0.02016,0.05202,0,3,0
L000474,0,0,0,0,0,0,0,0,0.0,0.00243,0.0006,0,0,0
L000475,0,0,0,0,0,0,1,0,0.00129,0.01297,0.00303,0,1,0
L000476,0,0,1,0,1,0,1,0,0.03409,0.05292,0.0,1,2,1
L000477,0,0,0,0,0,0,0,0,0.00646,0.0,0.0,0,0,0
L000478,0,0,0,0,1,0,1,0,0.01459,0.01959,0.0,0,2,0
L000479,0,0,0,1,0,0,0,1,0.0096,0.0,0.41115,1,1,1
L000480,0,1,0,1,0,1,0,1,0.00472,0.0,0.42383,2,2,1
L000481,0,0,0,0,1,0,1,1,0.07749,0.04613,0.01214,0,3,0
L000482,0,0,0,0,0,0,0,0,0.0,0.0,0.0,0,0,0
L000483,0,0,1,0,0,0,1,0,0.0,0.18315,0.00026,1,1,1
L000484,0,0,0,1,1,0,0,1,0.08385,0.0,0.11801,1,2,1
L000485,0,1,0,0,1,1,0,0,0.01715,0.0,0.00203,1,2,1
L000486,0,0,0,0,0,0,0,1,0.0,0.0,0.0335,0,1,0
L000487,0,0,0,0,1,0,0,0,0.0727,0.0,0.0,0,1,0
L000488,0,0,0,0,0,0,0,0,0.0,0.0019,0.00011,0,0,0
L000489,0,0,0,0,0,0,1,0,9e-05,0.01206,0.00971,0,1,0
L000490,0,0,1,0,0,0,1,0,0.0,0.16717,0.00292,1,1,1
L000491,0,0,0,0,0,0,0,1,0.0,0.0,0.07081,0,1,0
L000492,0,0,0,0,0,0,0,0,0.0,0.0,0.00369,0,0,0
L000493,0,0,0,0,1,0,0,0,0.01314,0.0,0.0,0,1,0
L000494,0,0,0,0,0,0,0,0,0.0,0.0,0.0,0,0,0
L000495,0,0,0,0,0,0,1,1,0.00803,0.02506,0.05844,0,2,0
L000496,0,0,0,0,1,0,1,1,0.03721,0.03296,0.0167,0,3,0
L000497,0,0,0,0,1,0,1,1,0.09109,0.00883,0.03458,0,3,0
L000498,0,0,0,0,0,0,0,0,0.00832,0.0,0.0,0,0,0
L000499,0,1,0,0,1,1,0,0,0.0303,0.00285,0.0,1,2,1
L000500,0,0,1,0,0,0,1,0,0.0,0.09174,0.0081,1,1,1
L000501,0,0,0,0,0,0,1,0,0.00082,0.00851,0.0,0,1,0
L000502,0,0,0,0,0,0,0,0,0.00586,0.0,0.0,0,0,0
L000503,0,0,0,0,0,0,1,1,0.0,0.02316,0.01062,0,2,0
L000504,0,1,0,0,0,1,0,0,0.0,0.0,0.0,1,1,1
L000505,0,1,1,1,0,1,1,1,0.0,0.07679,0.1116,3,3,1
L000506,0,0,1,1,0,0,1,1,0.0,0.10665,0.82092,2,2,1
L000507,0,1,0,0,1,1,1,1,0.0452,0.00835,0.01179,1,4,1
L000508,0,1,0,0,0,1,1,0,0.0,0.01622,0.00457,1,2,1
L000509,0,1,0,1,0,1,1,1,0.0,0.00972,0.10024,2,3,1
L000510,0,0,0,0,0,0,1,0,0.00496,0.0176,0.0,0,1,0
L000511,0,0,0,0,1,0,0,0,0.02482,0.0,0.00195,0,1,0
L000512,0,0,0,0,1,0,0,0,0.02968,0.00273,0.00091,0,1,0
L000513,0,0,0,0,0,0,0,0,0.0,0.00152,0.00108,0,0,0
L000514,0,0,0,0,0,0,0,1,0.00344,0.0,0.02583,0,1,0
L000515,0,1,0,1,1,1,1,1,0.04207,0.02384,0.11975,2,4,1
L000516,0,0,1,0,1,0,1,1,0.05145,0.14897,0.05899,1,3,1
L000517,0,0,0,0,0,0,0,0,0.00535,0.0,0.0,0,0,0
L000518,0,0,0,0,0,0,1,0,0.0,0.03761,0.00768,0,1,0
L000519,0,1,1,1,1,1,1,1,0.01453,0.11432,0.17896,3,4,1
L000520,1,0,0,0,1,0,1,1,0.14904,0.02043,0.05455,1,3,1
L000521,0,0,0,0,0,0,0,0,0.00712,0.0,0.0,0,0,0
L000522,0,0,0,0,0,0,1,0,0.00285,0.03863,0.00505,0,1,0
L000523,0,0,0,0,1,0,1,1,0.02101,0.03762,0.08144,0,3,0
L000524,0,0,0,0,0,0,0,0,0.0,0.0,0.00297,0,0,0
L000525,0,0,0,0,1,0,1,1,0.05107,0.01436,0.02149,0,3,0
L000526,0,0,0,0,1,0,0,0,0.03191,0.0,0.00058,0,1,0
L000527,0,0,0,0,0,0,1,0,0.0,0.00674,0.00742,0,1,0
L000528,0,0,1,0,0,0,1,1,0.00871,0.08783,0.01843,1,2,1
L000529,0,1,0,0,1,1,1,1,0.01451,0.04979,0.01292,1,4,1
L000530,0,0,0,0,0,0,0,0,0.0,0.0,0.00729,0,0,0
L000531,0,0,0,0,0,0,1,1,0.00958,0.03571,0.0652,0,2,0
L000532,0,1,0,0,1,1,1,1,0.04129,0.03976,0.02196,1,4,1
L000533,0,0,0,0,0,0,1,0,0.00068,0.00971,0.00584,0,1,0
L000534,0,0,0,0,0,0,0,0,0.00373,0.0005,0.0014,0,0,0
L000535,0,0,1,0,0,0,1,0,0.0,0.06685,0.0,1,1,1
L000536,0,0,0,0,0,0,0,1,0.0,0.0,0.03784,0,1,0
L000537,0,0,0,0,0,0,0,0,0.0,0.0,0.00151,0,0,0
L000538,0,0,0,0,0,0,0,1,0.00488,0.0,0.0342,0,1,0
L000539,0,0,0,0,0,0,1,0,0.00225,0.01524,0.00188,0,1,0
L000540,0,0,0,0,0,0,1,0,0.0,0.03639,0.0,0,1,0
L000541,0,0,0,0,0,0,0,0,0.0,0.00071,0.0049,0,0,0
L000542,0,0,0,0,0,0,0,0,0.00484,0.0,0.0053,0,0,0
L000543,0,0,0,0,1,0,1,1,0.01156,0.04173,0.08776,0,3,0
L000544,0,0,0,0,0,0,0,1,0.00145,0.00278,0.02043,0,1,0
L000545,0,0,0,0,0,0,0,1,0.00749,0.00054,0.01697,0,1,0
L000546,0,0,0,0,0,0,0,0,0.0,0.0,0.00418,0,0,0
L000547,0,1,1,0,1,1,1,1,0.01528,0.10017,0.04617,2,4,1
L000548,0,0,1,0,1,0,1,1,0.01579,0.11201,0.03198,1,3,1
L000549,0,0,0,0,0,0,0,0,0.0,0.0,0.0,0,0,0
L000550,0,0,0,0,1,0,0,1,0.02624,0.0,0.02155,0,2,0
L000551,0,0,0,0,1,0,1,1,0.01057,0.03759,0.06719,0,3,0
L000552,0,0,0,0,1,0,1,1,0.04753,0.04205,0.04377,0,3,0
L000553,0,0,0,0,1,0,1,0,0.02186,0.02188,0.0,0,2,0
L000554,0,0,0,0,0,0,1,1,0.00184,0.01586,0.09742,0,2,0
L000555,0,0,0,0,0,0,0,0,0.0,0.00247,0.00473,0,0,0
L000556,0,1,0,0,0,1,0,0,0.002,0.00133,0.00397,1,1,1
L000557,0,1,0,0,0,1,0,0,0.0,0.00176,0.0,1,1,1
L000558,0,1,0,0,1,1,1,0,0.01674,0.00876,0.00828,1,3,1
L000559,0,0,0,0,0,0,1,0,0.0,0.01207,0.00353,0,1,0
L000560,0,0,0,0,0,0,0,0,0.0,0.00089,0.0,0,0,0
L000561,0,0,1,0,0,0,1,0,0.0,0.07667,0.00513,1,1,1
L000562,0,0,0,0,0,0,0,1,0.0,3e-05,0.06674,0,1,0
L000563,0,0,0,0,1,0,1,1,0.0175,0.00995,0.02811,0,3,0
L000564,0,0,0,0,0,0,0,0,0.0,0.0,0.00273,0,0,0
L000565,0,0,0,1,1,0,0,1,0.02809,0.00375,0.29544,1,2,1
L000566,0,0,0,0,0,0,0,0,0.00172,0.00299,0.0,0,0,0
L000567,0,0,0,0,0,0,0,0,0.00091,0.0,0.0,0,0,0
L000568,1,0,0,1,1,0,0,1,0.21793,0.00131,0.3292,2,2,1
L000569,0,1,1,1,0,1,1,1,0.00733,0.09378,0.15233,3,3,1
L000570,0,0,0,0,1,0,1,1,0.07706,0.00936,0.01694,0,3,0
L000571,0,1,0,1,0,1,0,1,0.0,0.00018,0.11897,2,2,1
L000572,0,0,0,0,1,0,0,0,0.02142,0.0,0.0,0,1,0
L000573,0,0,0,0,0,0,0,0,0.00169,0.0012,0.00545,0,0,0
L000574,0,0,0,0,1,0,0,1,0.0308,0.002,0.04756,0,2,0
L000575,0,0,0,0,1,0,0,0,0.08286,0.00112,0.00129,0,1,0
L000576,0,0,0,0,0,0,0,0,0.0075,0.0,0.00144,0,0,0
L000577,0,0,0,0,0,0,0,0,0.0,0.0,0.00318,0,0,0
L000578,0,0,0,0,0,0,0,0,0.0,0.0,0.00182,0,0,0
L000579,0,0,1,0,1,0,1,1,0.03373,0.10639,0.04768,1,3,1
L000580,0,0,0,0,0,0,0,0,0.00705,0.00101,0.0087,0,0,0
L000581,0,0,0,0,0,0,0,0,0.00424,0.0003,0.00917,0,0,0
L000582,0,0,0,0,0,0,1,1,0.0,0.02927,0.01274,0,2,0
L000583,0,0,0,0,1,0,1,1,0.03727,0.03833,0.03285,0,3,0
L000584,0,0,0,0,1,0,0,0,0.01014,0.00031,0.0,0,1,0
L000585,0,0,0,0,0,0,1,1,0.00816,0.03726,0.06326,0,2,0
L000586,0,0,0,0,0,0,0,1,0.0,0.0,0.01952,0,1,0
L000587,0,0,0,0,1,0,1,1,0.08647,0.04197,0.06855,0,3,0
L000588,0,1,0,0,1,1,1,1,0.01626,0.0095,0.01282,1,4,1
L000589,0,0,0,0,0,0,0,0,0.00819,2e-05,0.009,0,0,0
L000590,0,0,0,0,0,0,1,1,0.0,0.03973,0.04786,0,2,0
L000591,0,0,0,0,0,0,1,1,0.00408,0.02333,0.06839,0,2,0
L000592,0,0,0,0,0,0,0,0,0.0,0.00047,0.00203,0,0,0
L000593,0,0,0,0,0,0,0,0,0.0,0.0,0.0,0,0,0
L000594,0,0,0,0,0,0,0,0,0.00531,0.0,0.00164,0,0,0
L000595,0,0,0,0,0,0,0,1,0.00539,0.00029,0.0116,0,1,0
L000596,0,0,1,0,0,0,1,0,0.0,0.05883,0.00113,1,1,1
L000597,0,0,0,0,0,0,0,0,0.00132,0.0,0.0,0,0,0
L000598,0,0,1,0,1,0,1,0,0.01025,0.09568,0.0,1,2,1
L000599,0,0,0,0,1,0,0,0,0.03806,0.00263,0.0,0,1,0
L000600,0,0,1,0,1,0,1,1,0.01892,0.07061,0.0943,1,3,1
L000601,0,0,0,0,1,0,1,1,0.09409,0.02913,0.05364,0,3,0
L000602,0,0,0,0,0,0,1,1,0.0,0.02373,0.01217,0,2,0
L000603,0,0,1,0,1,0,1,1,0.03056,0.08277,0.09516,1,3,1
L000604,0,0,0,0,0,0,0,0,0.0,0.0,0.00162,0,0,0
L000605,0,0,0,0,0,0,0,0,0.00771,0.0,0.00406,0,0,0
L000606,0,0,0,0,1,0,0,0,0.01801,0.00085,0.00455,0,1,0
L000607,0,0,0,0,0,0,0,0,0.0,0.00028,0.0,0,0,0
L000608,0,0,0,0,0,0,1,1,0.0,0.03892,0.02745,0,2,0
L000609,0,0,0,0,0,0,1,1,0.0,0.04753,0.02625,0,2,0
L000610,0,0,0,0,0,0,1,1,0.00081,0.02317,0.08746,0,2,0
L000611,0,0,0,0,1,0,0,0,0.03351,0.00102,0.00021,0,1,0
L000612,0,0,1,1,0,0,1,1,0.00896,0.11854,0.52669,2,2,1
L000613,0,0,0,0,0,0,1,1,0.00199,0.02147,0.04096,0,2,0
L000614,0,0,1,1,0,0,1,1,0.00263,0.07321,0.10836,2,2,1
L000615,0,0,0,0,0,0,0,0,0.00207,0.0003,0.00369,0,0,0
L000616,0,0,0,0,1,0,1,1,0.01614,0.02819,0.0231,0,3,0
L000617,0,0,0,0,0,0,0,0,0.0,0.0,0.00245,0,0,0
L000618,0,0,0,0,0,0,0,0,0.0,0.0,0.00328,0,0,0
L000619,0,0,0,0,0,0,1,0,0.00293,0.02366,0.0,0,1,0
L000620,0,0,0,0,0,0,0,0,0.00426,0.00124,0.00281,0,0,0
L000621,0,0,1,1,1,0,1,1,0.01089,0.12695,0.53538,2,3,1
L000622,0,0,1,0,0,0,1,0,0.0,0.05259,0.0,1,1,1
L000623,0,0,0,0,0,0,0,1,0.0,0.0006,0.01759,0,1,0
L000624,0,0,1,0,0,0,1,0,0.00157,0.07073,0.0,1,1,1
L000625,0,0,0,0,0,0,0,0,0.0,0.0,0.0,0,0,0
L000626,0,0,0,0,1,0,0,0,0.06137,0.00071,0.0,0,1,0
L000627,0,0,1,0,1,0,1,1,0.02438,0.05889,0.03517,1,3,1
L000628,0,0,0,0,0,0,0,1,0.00167,0.00018,0.0112,0,1,0
L000629,0,0,0,0,0,0,0,0,0.0,0.0,0.0,0,0,0
L000630,1,0,1,0,1,0,1,1,0.11469,0.09429,0.03774,2,3,1
L000631,0,0,0,0,1,0,0,0,0.01288,0.0,0.00027,0,1,0
L000632,0,0,0,0,0,0,0,0,0.00525,0.0,0.00244,0,0,0
L000633,0,0,0,0,0,0,0,0,0.0,0.00178,0.00159,0,0,0
L000634,0,0,0,0,0,0,0,0,0.0,0.0,0.00204,0,0,0
L000635,0,0,0,0,0,0,1,1,0.00468,0.01722,0.04634,0,2,0
L000636,0,0,0,0,0,0,0,0,0.0,0.00058,0.0,0,0,0
L000637,0,0,0,0,1,0,0,1,0.03986,0.00458,0.06643,0,2,0
L000638,0,0,0,0,0,0,0,1,0.00168,0.0,0.0122,0,1,0
L000639,0,1,0,0,1,1,0,0,0.01512,0.0,0.00288,1,2,1
L000640,0,0,0,0,1,0,0,1,0.06327,0.0,0.08494,0,2,0
L000641,0,1,0,0,1,1,0,1,0.05801,0.0,0.01983,1,3,1
L000642,0,1,1,0,1,1,1,0,0.0158,0.05271,0.00022,2,3,1
L000643,0,1,1,0,1,1,1,1,0.02164,0.0713,0.02318,2,4,1
L000644,0,1,0,0,0,1,0,0,0.0,0.0,5e-05,1,1,1
L000645,0,0,0,0,0,0,0,0,0.0,0.00433,0.0,0,0,0
L000646,0,0,0,0,0,0,1,0,0.0061,0.02329,0.00136,0,1,0
L000647,0,0,0,0,0,0,0,1,0.00564,0.0,0.05456,0,1,0
L000648,0,0,0,0,0,0,0,0,0.0,0.00183,0.0,0,0,0
L000649,0,0,0,1,1,0,1,1,0.01474,0.00897,0.14287,1,3,1
L000650,0,0,0,0,0,0,0,0,0.00913,0.00418,0.00445,0,0,0
L000651,0,0,0,0,0,0,1,1,0.00193,0.01412,0.03096,0,2,0
L000652,0,1,0,0,0,1,0,0,0.00478,0.00049,0.00245,1,1,1
L000653,0,0,0,0,0,0,0,1,0.0,0.00028,0.017,0,1,0
L000654,0,0,0,0,0,0,0,0,0.00636,0.0,0.0014,0,0,0
L000655,0,1,0,0,0,1,0,0,0.0,0.0,0.0,1,1,1
L000656,0,0,0,0,0,0,0,0,0.00048,0.0,0.00298,0,0,0
L000657,0,0,0,0,0,0,1,0,0.0,0.00535,0.00743,0,1,0
L000658,0,0,0,0,0,0,0,0,0.00589,0.00207,0.0,0,0,0
L000659,0,0,0,0,1,0,0,0,0.01189,0.00203,0.00958,0,1,0
L000660,0,0,0,0,0,0,0,0,0.0,0.0,0.00888,0,0,0
L000661,0,0,0,0,0,0,0,0,0.0,0.0,0.00218,0,0,0
L000662,0,1,0,0,0,1,0,0,0.0044,0.0,0.00368,1,1,1
L000663,0,0,0,0,0,0,1,1,0.00787,0.02134,0.07491,0,2,0
L000664,0,0,0,0,0,0,0,0,0.00064,0.00053,0.00713,0,0,0
L000665,0,0,1,0,0,0,1,0,0.0,0.06331,0.0,1,1,1
L000666,0,0,0,0,0,0,1,0,0.0,0.00533,0.00065,0,1,0
L000667,0,0,0,0,0,0,0,0,0.0,0.0,0.00483,0,0,0
L000668,0,0,1,0,1,0,1,1,0.05999,0.1387,0.05039,1,3,1
L000669,0,0,0,0,0,0,0,0,0.0,0.00278,0.0,0,0,0
L000670,0,0,0,0,0,0,1,0,0.0,0.01814,0.00213,0,1,0
L000671,0,0,0,0,0,0,0,0,0.0,0.0,0.0,0,0,0
L000672,0,0,0,0,1,0,1,1,0.02251,0.04165,0.03123,0,3,0
L000673,0,0,0,1,0,0,1,1,0.0,0.02686,0.18347,1,2,1
L000674,0,1,1,0,0,1,1,1,0.00042,0.09735,0.09244,2,3,1
L000675,0,0,0,0,0,0,0,0,0.0,0.0,0.00187,0,0,0
L000676,0,0,0,0,0,0,1,0,0.00237,0.03686,0.0,0,1,0
L000677,0,0,1,0,1,0,1,1,0.0246,0.09196,0.028,1,3,1
L000678,0,0,0,0,1,0,1,1,0.02398,0.01254,0.03036,0,3,0
L000679,0,0,0,0,0,0,1,0,0.00317,0.01568,0.0,0,1,0
L000680,0,0,1,0,0,0,1,0,0.0,0.05071,0.00273,1,1,1
L000681,0,1,0,0,0,1,0,1,0.00391,0.00337,0.04877,1,2,1
L000682,0,0,0,0,1,0,1,1,0.04383,0.01217,0.04129,0,3,0
L000683,0,1,0,0,0,1,1,0,0.00734,0.03344,0.0,1,2,1
L000684,0,0,0,0,0,0,0,0,0.0,0.0,0.00644,0,0,0
L000685,0,0,0,0,0,0,0,1,0.00332,0.004,0.02001,0,1,0
L000686,0,0,0,0,0,0,0,0,0.0,0.0023,0.00464,0,0,0
L000687,0,0,0,0,0,0,0,0,0.00215,4e-05,0.00177,0,0,0
L000688,0,0,0,0,0,0,0,1,0.00633,5e-05,0.01555,0,1,0
L000689,0,0,0,0,0,0,1,0,0.0,0.03718,0.00592,0,1,0
L000690,0,0,0,0,0,0,0,1,0.0,0.0,0.06173,0,1,0
L000691,0,0,0,0,0,0,0,0,0.00677,0.0,0.0,0,0,0
L000692,0,0,0,0,0,0,0,1,0.00155,0.0,0.01338,0,1,0
L000693,0,0,1,0,0,0,1,1,0.0,0.16408,0.01113,1,2,1
L000694,0,0,0,0,0,0,0,0,0.0069,0.0,0.00141,0,0,0
L000695,0,0,1,0,0,0,1,0,0.00189,0.10075,0.0,1,1,1
L000696,0,0,0,0,0,0,1,1,0.0,0.03421,0.06929,0,2,0
L000697,0,0,0,0,0,0,0,1,0.0,0.00375,0.01084,0,1,0
L000698,0,0,0,0,0,0,0,0,0.00361,0.0,0.00145,0,0,0
L000699,0,0,0,0,1,0,0,0,0.01196,0.0,0.0,0,1,0
L000700,0,0,0,0,0,0,0,1,0.00719,0.0,0.02506,0,1,0
L000701,0,0,0,0,0,0,1,1,0.00201,0.03512,0.08758,0,2,0
L000702,0,0,1,1,1,0,1,1,0.02147,0.09985,0.40071,2,3,1
L000703,0,0,0,0,0,0,0,0,0.00051,0.00128,0.0,0,0,0
L000704,0,0,0,0,0,0,0,0,0.0,0.0,1e-05,0,0,0
L000705,0,0,0,0,0,0,1,0,0.0,0.01094,0.00429,0,1,0
L000706,0,0,0,0,0,0,0,0,0.00454,0.0,1e-05,0,0,0
L000707,0,0,1,0,0,0,1,1,0.00945,0.05843,0.01333,1,2,1
L000708,0,0,1,0,1,0,1,1,0.03334,0.10845,0.06234,1,3,1
L000709,0,0,0,0,0,0,0,0,0.0,0.0037,0.0,0,0,0
L000710,0,0,0,0,0,0,0,0,0.00472,6e-05,0.0,0,0,0
L000711,0,0,0,0,1,0,0,0,0.08381,0.0,0.0,0,1,0
L000712,0,0,0,0,1,0,0,0,0.01296,0.00042,0.00651,0,1,0
L000713,0,0,0,1,0,0,0,1,0.0,8e-05,0.1076,1,1,1
L000714,0,0,0,0,0,0,0,0,0.00428,0.00418,0.00331,0,0,0
L000715,0,1,1,1,0,1,1,1,0.00353,0.07424,0.18741,3,3,1
L000716,0,0,0,0,1,0,1,0,0.012,0.00841,0.0,0,2,0
L000717,0,0,0,0,0,0,1,0,0.0013,0.00593,0.00579,0,1,0
L000718,0,0,0,0,0,0,0,1,0.00034,0.0,0.04321,0,1,0
L000719,0,0,0,1,1,0,1,1,0.07991,0.01782,0.12648,1,3,1
L000720,0,0,0,0,0,0,0,1,0.0,0.00171,0.01761,0,1,0
L000721,0,0,0,0,0,0,0,0,0.00566,0.0,0.0,0,0,0
L000722,0,0,0,0,0,0,0,0,0.0,0.0,0.0,0,0,0
L000723,0,1,0,0,0,1,1,0,0.00807,0.03638,0.00534,1,2,1
L000724,0,0,0,0,0,0,0,0,0.00579,0.0,0.0,0,0,0
L000725,0,0,0,0,1,0,0,1,0.01624,0.0,0.0242,0,2,0
L000726,0,0,0,0,1,0,1,1,0.01677,0.03273,0.0856,0,3,0
L000727,0,0,1,0,1,0,1,1,0.02479,0.06361,0.06283,1,3,1
L000728,0,0,0,0,0,0,1,0,0.0,0.00528,0.0025,0,1,0
L000729,0,0,0,0,0,0,0,0,0.0,0.00042,0.00308,0,0,0
L000730,0,0,0,0,0,0,1,0,0.0,0.01374,0.0,0,1,0
L000731,0,0,0,0,0,0,0,0,0.00721,0.0,0.00106,0,0,0
L000732,0,1,1,0,0,1,1,1,0.0,0.07323,0.04147,2,3,1
L000733,0,1,1,0,1,1,1,1,0.06984,0.06864,0.07164,2,4,1
L000734,0,0,0,0,0,0,1,0,0.0,0.0392,0.0,0,1,0
L000735,0,0,0,1,1,0,0,1,0.03941,0.0,0.10806,1,2,1
L000736,0,0,0,0,0,0,0,0,0.0,0.00167,0.0,0,0,0
L000737,0,0,0,1,0,0,1,1,0.0,0.03755,0.10375,1,2,1
L000738,0,0,0,0,0,0,0,0,0.0,0.00035,0.0,0,0,0
L000739,0,0,0,0,1,0,0,0,0.01015,0.0,0.00424,0,1,0
L000740,0,0,0,0,0,0,0,0,0.0,0.0,0.00291,0,0,0
L000741,0,0,0,0,0,0,0,0,0.0,0.0017,0.0,0,0,0
L000742,0,0,0,0,1,0,0,0,0.03873,0.0,0.00516,0,1,0
L000743,0,0,0,0,1,0,1,1,0.0106,0.02303,0.04347,0,3,0
L000744,0,0,0,1,1,0,1,1,0.01376,0.02241,0.16152,1,3,1
L000745,0,0,0,0,0,0,1,0,0.00145,0.02141,0.00631,0,1,0
L000746,0,0,0,0,0,0,1,0,0.0,0.01306,0.0,0,1,0
L000747,0,1,1,0,1,1,1,0,0.06633,0.05674,0.00101,2,3,1
L000748,0,0,0,0,0,0,0,0,0.00121,0.0,0.00488,0,0,0
L000749,0,0,0,0,0,0,1,0,0.00022,0.02533,0.0,0,1,0
L000750,0,1,0,0,0,1,0,0,0.0,0.00028,0.00398,1,1,1
L000751,0,0,0,0,0,0,0,0,0.00214,0.00157,0.00652,0,0,0
L000752,0,0,0,1,0,0,1,1,0.00411,0.02808,0.10686,1,2,1
L000753,0,0,1,0,1,0,1,0,0.03663,0.05295,0.0018,1,2,1
L000754,0,0,0,0,0,0,0,0,0.00461,0.00172,0.0,0,0,0
L000755,0,1,1,0,1,1,1,0,0.0148,0.13371,0.00462,2,3,1
L000756,0,0,0,0,0,0,1,1,0.00014,0.00526,0.01485,0,2,0
L000757,0,0,0,0,0,0,0,0,0.0,0.00201,0.00408,0,0,0
L000758,0,0,0,0,0,0,0,0,0.0,0.0,0.00501,0,0,0
L000759,0,0,0,0,0,0,1,1,0.00717,0.01532,0.01137,0,2,0
L000760,0,0,0,0,0,0,0,1,0.0,0.0,0.0284,0,1,0
L000761,0,0,0,0,0,0,0,1,0.00398,0.0,0.03019,0,1,0
L000762,0,1,0,0,1,1,0,0,0.01143,0.0,0.0,1,2,1
L000763,0,0,1,0,0,0,1,1,0.0,0.05735,0.05783,1,2,1
L000764,0,1,0,0,0,1,0,0,0.0008,0.00184,0.00794,1,1,1
L000765,0,1,0,1,0,1,0,1,0.0,0.0004,0.25831,2,2,1
L000766,0,0,0,0,0,0,0,0,0.0,0.0,0.00065,0,0,0
L000767,0,0,0,0,0,0,1,0,0.0,0.03078,0.0035,0,1,0
L000768,0,0,0,0,0,0,1,1,0.00348,0.04621,0.07511,0,2,0
L000769,0,0,0,0,0,0,0,0,0.00226,0.0,0.0,0,0,0
L000770,0,0,0,0,0,0,0,1,0.0,0.0,0.02076,0,1,0
L000771,0,0,0,0,0,0,0,0,8e-05,0.0,0.0,0,0,0
L000772,0,0,0,0,0,0,0,0,0.0,0.0,0.00137,0,0,0
L000773,0,0,0,0,0,0,0,0,0.00014,0.0,0.00415,0,0,0
L000774,0,0,0,0,0,0,0,0,0.0,0.0,0.00476,0,0,0
L000775,0,1,1,0,1,1,1,1,0.01921,0.06055,0.06356,2,4,1
L000776,1,0,0,1,1,0,1,1,0.19442,0.04354,0.34405,2,3,1
L000777,0,0,0,0,0,0,1,0,0.00277,0.02319,0.0,0,1,0
L000778,0,0,0,0,1,0,0,0,0.01971,0.0,0.0,0,1,0
L000779,0,0,0,0,1,0,1,1,0.05644,0.04399,0.02723,0,3,0
L000780,0,1,0,0,0,1,0,0,0.0,0.0,0.00222,1,1,1
L000781,0,0,0,0,0,0,0,0,0.0,0.0,0.00152,0,0,0
L000782,0,0,0,0,1,0,1,0,0.03682,0.03698,0.0,0,2,0
L000783,0,0,0,0,0,0,0,0,0.0,0.00124,0.00079,0,0,0
L000784,0,0,1,1,0,0,1,1,0.0032,0.11139,0.17179,2,2,1
L000785,0,0,0,0,0,0,0,0,0.0075,0.00028,0.00205,0,0,0
L000786,0,0,0,0,0,0,0,0,0.0,0.0,0.0,0,0,0
L000787,0,0,0,0,0,0,0,1,0.0093,0.0,0.06929,0,1,0
L000788,0,0,0,0,0,0,0,0,0.0,0.0,0.0,0,0,0
L000789,0,0,0,0,0,0,1,1,0.00298,0.00799,0.01972,0,2,0
L000790,0,0,0,1,0,0,0,1,0.0,0.0,0.15417,1,1,1
L000791,0,0,0,0,0,0,0,1,0.00515,0.00372,0.02607,0,1,0
L000792,0,0,0,0,0,0,0,0,0.00166,0.00223,0.0,0,0,0
L000793,0,0,0,0,0,0,0,0,0.00595,0.00331,0.00633,0,0,0
L000794,0,0,0,0,0,0,0,0,0.00123,0.00205,9e-05,0,0,0
L000795,0,0,0,0,1,0,0,1,0.04497,0.0,0.02109,0,2,0
L000796,0,0,0,0,1,0,1,0,0.02032,0.01426,0.0,0,2,0
L000797,0,0,0,0,0,0,0,0,0.0,0.00082,0.00615,0,0,0
L000798,0,1,0,0,1,1,0,0,0.09232,0.00209,0.0,1,2,1
L000799,0,0,0,0,0,0,1,0,0.0,0.00525,0.00826,0,1,0
L000800,0,0,0,0,1,0,1,1,0.03642,0.03631,0.02659,0,3,0
L000801,0,0,0,0,0,0,0,0,0.00727,0.0,0.00966,0,0,0
L000802,0,0,0,0,1,0,1,0,0.04798,0.02687,0.00088,0,2,0
L000803,0,1,0,0,1,1,0,1,0.01545,0.0,0.01115,1,3,1
L000804,0,0,0,0,0,0,0,0,0.0,0.00096,0.0,0,0,0
L000805,0,0,0,0,0,0,0,1,0.00271,0.00253,0.02906,0,1,0
L000806,0,1,1,1,0,1,1,1,0.0,0.10838,0.29137,3,3,1
L000807,0,0,0,0,1,0,0,1,0.0334,0.00266,0.01664,0,2,0
L000808,0,0,1,0,0,0,1,1,0.0,0.05462,0.09428,1,2,1
L000809,0,0,0,0,0,0,0,0,0.0,0.00021,0.00786,0,0,0
L000810,0,0,1,0,1,0,1,1,0.01076,0.05896,0.01839,1,3,1
L000811,0,0,0,0,0,0,0,1,0.0,0.0011,0.014,0,1,0
L000812,0,0,1,0,1,0,1,0,0.01016,0.0763,0.00036,1,2,1
L000813,0,1,0,0,0,1,0,0,0.0,0.00312,0.0,1,1,1
L000814,0,0,0,0,0,0,0,0,0.00596,0.0,0.0,0,0,0
L000815,0,0,1,0,1,0,1,0,0.05219,0.2034,0.0,1,2,1
L000816,0,0,0,0,0,0,0,0,0.00583,0.00357,0.0,0,0,0
L000817,0,0,0,0,0,0,0,1,0.0,0.00054,0.03503,0,1,0
L000818,0,0,0,1,0,0,0,1,0.00463,0.00048,0.36309,1,1,1
L000819,0,0,0,0,0,0,0,0,0.00352,0.00078,0.0,0,0,0
L000820,0,0,0,0,0,0,0,0,0.0,0.00324,0.00234,0,0,0
L000821,0,0,0,0,0,0,1,0,0.00764,0.01485,0.00396,0,1,0
L000822,0,0,0,0,0,0,0,1,0.0,0.00057,0.01259,0,1,0
L000823,0,0,0,0,0,0,1,0,0.0,0.02111,0.00095,0,1,0
L000824,0,0,0,0,0,0,0,1,0.00633,0.0,0.06975,0,1,0
L000825,0,0,0,0,0,0,0,0,0.0,0.0,0.0,0,0,0
L000826,0,0,1,0,1,0,1,1,0.01157,0.05614,0.0145,1,3,1
L000827,0,0,0,0,0,0,0,0,0.0,0.00034,0.00522,0,0,0
L000828,0,0,0,0,1,0,0,0,0.02175,0.00071,0.0,0,1,0
L000829,0,0,1,1,0,0,1,1,0.0,0.09843,0.41322,2,2,1
L000830,0,1,0,1,0,1,0,1,0.0,8e-05,0.1053,2,2,1
L000831,0,0,0,0,0,0,1,1,0.00272,0.02185,0.07136,0,2,0
L000832,0,0,0,0,0,0,0,0,0.00036,0.0,0.0,0,0,0
L000833,0,0,0,0,0,0,0,0,0.0,0.00219,0.0002,0,0,0
L000834,0,0,0,0,0,0,1,0,0.00114,0.03057,0.0046,0,1,0
L000835,0,0,0,0,1,0,0,1,0.04316,0.0,0.05102,0,2,0
L000836,0,0,0,0,0,0,0,0,0.00734,0.00378,0.00068,0,0,0
L000837,0,0,0,0,0,0,0,0,0.00244,0.0016,0.00305,0,0,0
L000838,0,1,0,0,1,1,1,0,0.01506,0.03962,0.00255,1,3,1
L000839,0,0,0,0,0,0,0,0,0.0,0.0,0.0,0,0,0
L000840,1,0,0,0,1,0,0,1,0.13978,0.00284,0.01264,1,2,1
L000841,0,0,0,1,0,0,0,1,0.0,0.0,0.1583,1,1,1
L000842,0,0,0,0,0,0,0,1,0.00024,0.00499,0.01038,0,1,0
L000843,0,0,0,0,1,0,0,0,0.01343,0.00045,0.0,0,1,0
L000844,0,0,1,0,1,0,1,1,0.01751,0.07536,0.07285,1,3,1
L000845,0,0,0,0,0,0,0,0,0.0,0.0002,0.00227,0,0,0
L000846,0,0,0,0,0,0,0,1,0.00432,0.00078,0.01642,0,1,0
L000847,0,0,0,0,0,0,0,0,0.00777,0.0,0.0,0,0,0
L000848,0,0,0,0,1,0,1,0,0.02024,0.03336,0.0,0,2,0
L000849,0,0,1,1,0,0,1,1,0.0,0.06662,0.14571,2,2,1
L000850,0,0,0,0,1,0,1,1,0.02025,0.03862,0.01305,0,3,0
L000851,0,0,0,0,0,0,0,0,0.00127,0.00077,0.0,0,0,0
L000852,0,1,0,0,1,1,1,0,0.01903,0.04031,0.00879,1,3,1
L000853,0,0,1,1,1,0,1,1,0.01051,0.08053,0.23445,2,3,1
L000854,0,0,0,0,0,0,0,0,0.0,0.0,0.0,0,0,0
L000855,0,0,0,0,0,0,0,0,0.0019,0.00156,0.00266,0,0,0
L000856,0,0,0,0,0,0,0,0,0.0024,0.00076,0.00047,0,0,0
L000857,0,0,0,0,0,0,0,0,0.00294,0.00014,0.0,0,0,0
L000858,0,0,0,0,1,0,0,0,0.01752,0.0,0.0,0,1,0
L000859,0,1,0,0,1,1,1,1,0.01892,0.01659,0.02961,1,4,1
L000860,0,0,0,0,0,0,0,0,0.00603,0.0002,0.0,0,0,0
L000861,0,1,0,0,0,1,1,1,0.00185,0.01067,0.01844,1,3,1
L000862,0,0,0,0,0,0,0,0,0.0,0.00249,0.0,0,0,0
L000863,0,0,0,0,0,0,0,0,0.00378,0.00104,0.00239,0,0,0
L000864,0,0,0,0,0,0,1,1,0.0,0.01104,0.01668,0,2,0
L000865,0,0,0,0,0,0,0,0,0.0,0.00311,0.00295,0,0,0
L000866,0,0,0,0,0,0,0,0,0.00865,0.00312,0.00548,0,0,0
L000867,0,0,0,0,0,0,0,0,0.0,0.00097,0.0,0,0,0
L000868,0,0,0,0,0,0,0,0,0.00051,0.0,0.0,0,0,0
L000869,0,0,1,0,0,0,1,0,0.0042,0.06879,0.00251,1,1,1
L000870,0,0,0,0,0,0,1,0,0.00864,0.01552,0.00515,0,1,0
L000871,0,0,0,0,1,0,1,0,0.01321,0.0096,0.0,0,2,0
L000872,0,0,0,0,0,0,0,0,0.00106,0.00151,0.0,0,0,0
L000873,0,0,0,0,0,0,1,1,0.00794,0.00506,0.03576,0,2,0
L000874,0,0,0,0,0,0,0,0,0.0005,0.0,0.0,0,0,0
L000875,0,0,0,0,0,0,0,0,0.00019,0.0,0.00142,0,0,0
L000876,0,0,0,0,0,0,0,0,0.00179,0.0,0.00398,0,0,0
L000877,0,0,0,0,0,0,0,0,0.00373,0.00022,0.00373,0,0,0
L000878,0,0,0,0,0,0,0,1,0.0,0.0,0.01123,0,1,0
L000879,0,1,0,0,0,1,1,1,0.00386,0.0122,0.08878,1,3,1
L000880,0,1,0,0,0,1,0,0,0.002,0.00389,0.0064,1,1,1
L000881,0,0,0,1,0,0,0,1,0.0,0.0,0.16491,1,1,1
L000882,0,0,0,0,0,0,0,0,0.0,0.0,0.00435,0,0,0
L000883,0,0,0,0,1,0,0,1,0.03862,0.00086,0.04187,0,2,0
L000884,0,0,1,0,0,0,1,0,0.00469,0.169,0.00286,1,1,1
L000885,0,1,1,0,1,1,1,0,0.0277,0.34946,0.00383,2,3,1
L000886,0,0,0,0,1,0,0,1,0.05348,0.0011,0.02506,0,2,0
L000887,0,0,0,1,0,0,0,1,0.0,0.0031,0.41172,1,1,1
L000888,0,1,0,0,0,1,0,0,0.00055,0.0006,0.0,1,1,1
L000889,0,0,0,0,0,0,1,0,0.0,0.02533,0.00181,0,1,0
L000890,0,0,0,0,0,0,1,1,0.0006,0.02774,0.0364,0,2,0
L000891,0,0,0,0,0,0,0,0,0.00197,0.00072,0.0,0,0,0
L000892,0,0,0,0,0,0,1,1,0.0,0.01473,0.08137,0,2,0
L000893,0,1,0,0,1,1,1,1,0.02136,0.01484,0.06488,1,4,1
L000894,0,0,0,0,1,0,1,0,0.02167,0.00844,0.0012,0,2,0
L000895,0,0,1,0,0,0,1,0,0.00029,0.07686,0.00647,1,1,1
L000896,0,0,1,1,0,0,1,1,0.00741,0.53503,0.6166,2,2,1
L000897,0,0,0,0,0,0,0,1,0.00934,0.00044,0.01083,0,1,0
L000898,0,0,0,0,0,0,0,0,0.00319,0.0,0.0054,0,0,0
L000899,0,0,0,0,1,0,0,0,0.02054,0.0,0.00028,0,1,0
L000900,0,0,0,0,0,0,0,0,0.00203,0.0,0.00329,0,0,0
L000901,0,0,0,0,0,0,0,0,0.0,0.00359,0.00147,0,0,0
L000902,0,0,0,0,0,0,0,0,0.00243,0.0,0.0,0,0,0
L000903,0,0,1,0,0,0,1,1,0.0,0.05008,0.02618,1,2,1
L000904,0,0,0,0,0,0,0,0,0.0,0.00028,0.0,0,0,0
L000905,0,0,0,0,0,0,1,1,0.00507,0.02344,0.03025,0,2,0
L000906,0,1,1,0,1,1,1,1,0.04857,0.06854,0.05289,2,4,1
L000907,0,0,0,0,0,0,0,0,0.00659,0.0,0.0,0,0,0
L000908,0,0,0,0,0,0,0,0,0.00345,0.00246,6e-05,0,0,0
L000909,0,0,0,0,0,0,0,0,0.00625,0.0,0.00395,0,0,0
L000910,0,0,0,0,0,0,0,0,0.00107,0.0,0.00059,0,0,0
L000911,0,0,0,0,0,0,1,1,0.0083,0.00795,0.01735,0,2,0
L000912,0,0,0,0,1,0,1,0,0.01146,0.00834,0.0067,0,2,0
L000913,0,0,1,0,1,0,1,0,0.02268,0.08576,0.0,1,2,1
L000914,0,0,0,0,0,0,1,0,0.0,0.01665,0.0,0,1,0
L000915,0,0,1,0,1,0,1,1,0.02834,0.05984,0.03682,1,3,1
L000916,0,1,0,0,1,1,1,1,0.01381,0.03917,0.02569,1,4,1
L000917,0,0,0,0,0,0,1,1,0.00128,0.00633,0.03439,0,2,0
L000918,0,1,0,0,1,1,0,0,0.08603,0.00452,0.0,1,2,1
L000919,0,0,0,0,0,0,0,0,0.0022,0.0,0.0,0,0,0
L000920,0,0,0,1,1,0,1,1,0.02165,0.00592,0.1069,1,3,1
L000921,0,0,0,0,1,0,1,1,0.0147,0.02453,0.02617,0,3,0
L000922,0,0,0,0,1,0,0,0,0.01027,0.0,0.00312,0,1,0
L000923,0,1,1,1,1,1,1,1,0.01281,0.05298,0.2681,3,4,1
L000924,0,0,0,0,0,0,0,0,0.0,0.00184,0.00236,0,0,0
L000925,1,0,1,1,1,0,1,1,0.11384,0.05157,0.12335,3,3,1
L000926,0,1,0,0,0,1,1,0,0.00032,0.01449,0.00771,1,2,1
L000927,0,0,0,0,0,0,0,0,0.0,0.0,0.0,0,0,0
L000928,0,1,0,0,0,1,1,1,0.0,0.00576,0.02282,1,3,1
L000929,0,0,0,0,0,0,0,0,0.00723,0.00425,0.0,0,0,0
L000930,0,0,0,0,0,0,1,0,0.0,0.01308,0.0005,0,1,0
L000931,0,0,1,0,0,0,1,0,0.0,0.29651,0.0,1,1,1
L000932,0,0,0,0,1,0,0,1,0.08668,0.0,0.0783,0,2,0
L000933,0,0,0,0,0,0,1,1,0.00604,0.01262,0.03426,0,2,0
L000934,0,0,0,0,0,0,1,1,0.00845,0.01263,0.01054,0,2,0
L000935,0,0,1,1,0,0,1,1,0.0,0.0875,0.25074,2,2,1
L000936,0,0,1,0,0,0,1,0,0.0,0.05385,0.00065,1,1,1
L000937,0,0,0,1,1,0,0,1,0.01286,0.0,0.28024,1,2,1
L000938,0,0,0,0,0,0,1,0,0.0,0.00954,0.0,0,1,0
L000939,0,0,0,0,0,0,0,0,0.0051,0.0,0.00193,0,0,0
L000940,0,0,0,0,0,0,1,1,0.00151,0.01392,0.04851,0,2,0
L000941,0,0,0,0,0,0,0,0,0.00148,0.00015,0.00397,0,0,0
L000942,0,0,0,0,0,0,0,0,0.00225,0.0,0.0,0,0,0
L000943,0,1,0,0,0,1,1,1,0.00658,0.02284,0.01837,1,3,1
L000944,0,0,0,0,0,0,0,0,0.00364,0.0,0.0,0,0,0
L000945,0,1,0,0,0,1,0,0,0.0,0.0,0.0,1,1,1
L000946,0,0,0,0,0,0,0,0,0.0,0.0,0.00162,0,0,0
L000947,0,0,0,0,0,0,0,1,0.0,0.00079,0.05566,0,1,0
L000948,0,0,0,0,0,0,0,0,0.0,0.00218,0.00654,0,0,0
L000949,0,0,0,0,0,0,0,0,0.0,0.00345,0.0,0,0,0
L000950,0,0,0,0,0,0,0,0,0.0,0.0,0.00327,0,0,0
L000951,0,0,0,0,0,0,1,1,0.00991,0.01076,0.01721,0,2,0
L000952,0,0,1,1,0,0,1,1,0.0,0.20408,0.54821,2,2,1
L000953,0,0,1,0,1,0,1,1,0.09732,0.06429,0.04223,1,3,1
L000954,0,0,0,0,0,0,1,1,0.00027,0.00804,0.02641,0,2,0
L000955,0,0,0,1,0,0,0,1,0.00465,0.00367,0.16431,1,1,1
L000956,0,0,0,0,1,0,1,0,0.01003,0.04168,0.0,0,2,0
L000957,0,0,0,0,0,0,0,0,0.0,2e-05,0.0,0,0,0
L000958,0,1,0,0,0,1,0,1,0.00935,0.0,0.08079,1,2,1
L000959,0,0,0,0,0,0,0,1,0.00476,0.00074,0.03421,0,1,0
L000960,0,1,1,0,1,1,1,1,0.02272,0.07286,0.01574,2,4,1
L000961,0,0,0,0,0,0,0,0,0.0,0.00235,0.0,0,0,0
L000962,0,0,0,0,0,0,1,1,0.00154,0.03601,0.06012,0,2,0
L000963,0,1,0,0,0,1,1,1,0.00634,0.03166,0.09088,1,3,1
L000964,0,0,0,0,0,0,0,0,0.00175,0.0,0.00314,0,0,0
L000965,0,0,0,0,0,0,0,1,0.0,0.0,0.01892,0,1,0
L000966,0,0,0,0,0,0,1,0,0.00228,0.00615,0.0,0,1,0
L000967,0,0,0,0,0,0,0,0,0.00058,0.00427,0.00763,0,0,0
L000968,0,0,0,0,0,0,0,0,0.0,0.00012,0.0009,0,0,0
L000969,0,0,1,0,0,0,1,0,0.00561,0.06466,0.0,1,1,1
L000970,0,0,0,0,1,0,0,1,0.04476,0.0,0.03821,0,2,0
L000971,0,0,0,0,0,0,0,0,0.0,0.0,0.0,0,0,0
L000972,0,1,0,1,0,1,0,1,0.00612,0.00062,0.50862,2,2,1
L000973,0,0,0,0,0,0,0,1,0.0,0.00246,0.01916,0,1,0
L000974,0,0,0,0,0,0,0,0,0.00114,0.0011,0.0,0,0,0
L000975,0,0,0,0,0,0,0,0,0.00833,0.00325,0.00429,0,0,0
L000976,0,0,0,0,1,0,0,0,0.02149,0.00124,0.0,0,1,0
L000977,0,0,0,0,0,0,0,1,0.00147,0.00314,0.05212,0,1,0
L000978,0,0,0,0,0,0,0,0,0.0,0.0,0.0,0,0,0
L000979,0,0,0,0,0,0,0,1,0.0,0.00254,0.02325,0,1,0
L000980,0,0,0,0,0,0,0,0,0.0,0.0002,0.00508,0,0,0
L000981,0,0,0,0,0,0,1,0,0.00553,0.00854,0.004,0,1,0
L000982,0,0,0,0,0,0,0,0,0.0,0.00101,0.0,0,0,0
L000983,0,0,0,0,0,0,0,1,0.00783,0.0045,0.0108,0,1,0
L000984,0,0,0,0,0,0,0,1,0.0,0.0,0.03375,0,1,0
L000985,0,0,0,0,0,0,0,0,0.0,2e-05,0.00122,0,0,0
L000986,0,0,1,1,0,0,1,1,0.0,0.08044,0.12618,2,2,1
L000987,0,0,1,0,0,0,1,1,0.00736,0.06831,0.03754,1,2,1
L000988,0,0,0,0,0,0,0,0,0.00166,0.00105,0.0,0,0,0
L000989,0,0,0,0,0,0,0,0,0.00342,0.00333,0.0,0,0,0
L000990,0,1,1,0,1,1,1,0,0.07863,0.05877,0.00845,2,3,1
L000991,0,1,0,0,0,1,0,1,0.00057,0.0,0.01473,1,2,1
L000992,0,0,0,0,1,0,1,1,0.02601,0.02033,0.01809,0,3,0
L000993,0,0,0,0,0,0,1,1,0.0,0.01309,0.02875,0,2,0
L000994,0,0,0,0,0,0,0,0,0.0,0.00264,0.0,0,0,0
L000995,0,0,0,0,1,0,1,0,0.05027,0.01001,0.00562,0,2,0
L000996,0,0,1,0,0,0,1,1,3e-05,0.08442,0.04616,1,2,1
L000997,0,0,0,0,1,0,0,0,0.01003,0.00107,0.00536,0,1,0
L000998,0,0,0,0,0,0,0,1,0.0,0.00347,0.07607,0,1,0
L000999,0,0,0,0,0,0,0,0,0.00792,0.0,0.00732,0,0,0
L001000,0,1,0,0,0,1,0,1,0.00479,0.00149,0.03158,1,2,1
L001001,0,0,1,0,0,0,1,1,0.00055,0.07191,0.08138,1,2,1
L001002,0,0,0,0,0,0,0,0,0.00339,0.0,0.0,0,0,0
L001003,0,1,1,0,1,1,1,0,0.02224,0.05071,0.00267,2,3,1
L001004,0,0,0,0,1,0,1,0,0.02523,0.01823,0.00329,0,2,0
L001005,0,0,0,0,0,0,0,1,0.00155,0.0,0.01246,0,1,0
L001006,0,0,0,0,0,0,0,0,0.00415,0.001,0.0015,0,0,0
L001007,0,0,0,0,0,0,0,0,0.00161,0.00141,0.00173,0,0,0
L001008,0,0,1,0,0,0,1,0,0.00047,0.05701,0.0,1,1,1
L001009,0,1,0,0,0,1,0,0,0.0,0.00129,0.0,1,1,1
L001010,0,0,0,0,0,0,0,0,0.0,0.0,0.00172,0,0,0
L001011,0,0,0,0,0,0,1,1,0.0,0.0449,0.09806,0,2,0
L001012,0,0,0,0,0,0,1,0,0.00474,0.00796,0.00432,0,1,0
L001013,0,0,0,0,0,0,0,1,0.0,0.00266,0.05414,0,1,0
L001014,0,1,0,0,0,1,0,0,0.00711,0.00084,0.0,1,1,1
L001015,0,0,0,0,0,0,0,0,0.00396,0.0,0.00833,0,0,0
L001016,0,0,0,0,0,0,0,1,0.0,0.00439,0.01144,0,1,0
L001017,0,0,0,0,0,0,0,1,0.00277,0.0,0.01165,0,1,0
L001018,0,1,1,1,0,1,1,1,0.00373,0.13905,0.48357,3,3,1
L001019,0,0,0,0,0,0,1,1,0.00532,0.00583,0.0419,0,2,0
L001020,0,0,0,0,0,0,0,0,0.00162,0.00046,0.0,0,0,0
L001021,0,1,1,1,0,1,1,1,0.0,0.2902,0.85509,3,3,1
L001022,0,1,0,0,1,1,1,0,0.02431,0.01201,0.0,1,3,1
L001023,0,0,0,0,1,0,0,0,0.0195,0.0,0.00397,0,1,0
L001024,0,0,0,0,0,0,0,0,0.0,0.00098,0.0,0,0,0
L001025,0,0,1,0,1,0,1,1,0.02001,0.16282,0.0189,1,3,1
L001026,0,0,0,0,0,0,0,0,0.00245,0.00185,0.0,0,0,0
L001027,0,0,0,0,0,0,1,0,0.0,0.01656,0.00116,0,1,0
L001028,0,0,1,1,1,0,1,1,0.017,0.11747,0.12745,2,3,1
L001029,0,0,0,0,0,0,0,0,0.0,0.0,0.0,0,0,0
L001030,0,0,0,0,1,0,0,1,0.0223,0.0,0.01079,0,2,0
L001031,0,1,0,0,0,1,0,1,0.0,0.00048,0.02845,1,2,1
L001032,0,0,0,0,1,0,0,1,0.02695,0.0,0.02463,0,2,0
L001033,0,0,0,0,0,0,0,1,0.0,0.00037,0.06044,0,1,0
L001034,0,0,0,0,0,0,1,1,0.0,0.01491,0.05036,0,2,0
L001035,0,1,0,0,0,1,0,0,0.0,0.0,0.0,1,1,1
L001036,0,0,0,0,0,0,0,1,0.00532,0.0,0.0126,0,1,0
L001037,0,0,0,0,0,0,0,0,0.0,0.0,0.0,0,0,0
L001038,0,1,0,0,0,1,0,0,0.0,0.0,0.0,1,1,1
L001039,0,0,0,0,0,0,0,0,0.0,0.00187,0.0,0,0,0
L001040,0,0,0,0,0,0,0,0,0.0,0.00302,0.0,0,0,0
L001041,0,0,0,0,0,0,0,0,0.0,0.00124,0.00755,0,0,0
L001042,0,0,0,0,0,0,0,0,0.00121,0.00213,0.0,0,0,0
L001043,0,0,0,0,0,0,0,0,0.00548,0.0,0.0043,0,0,0
L001044,0,0,0,0,1,0,0,0,0.0336,0.00147,0.00636,0,1,0
L001045,0,0,0,0,0,0,0,0,0.0,0.00047,0.00183,0,0,0
L001046,0,0,0,0,0,0,0,0,0.0,0.00172,0.0,0,0,0
L001047,0,1,0,0,0,1,0,0,0.00716,0.0,0.0,1,1,1
L001048,0,1,1,1,0,1,1,1,0.0,0.19246,0.25516,3,3,1
L001049,0,0,0,0,0,0,0,0,0.00493,0.00229,0.00455,0,0,0
L001050,0,0,0,0,0,0,1,1,0.00325,0.04259,0.08618,0,2,0
L001051,0,0,0,0,0,0,0,0,0.00329,0.00158,0.00014,0,0,0
L001052,0,0,0,0,0,0,0,0,0.00764,0.0,0.0,0,0,0
L001053,0,0,0,0,0,0,0,1,0.0,0.0,0.03204,0,1,0
L001054,0,1,0,0,0,1,0,0,0.00257,0.0,0.00098,1,1,1
L001055,0,0,0,0,0,0,0,0,0.00465,0.0,0.00289,0,0,0
L001056,0,0,1,1,0,0,1,1,0.00156,0.11621,0.12274,2,2,1
L001057,0,0,0,0,0,0,0,0,0.00819,0.0,0.0,0,0,0
L001058,0,0,1,0,0,0,1,0,0.00403,0.07186,0.0,1,1,1
L001059,0,0,0,0,1,0,1,0,0.03306,0.04316,0.00417,0,2,0
L001060,0,0,0,0,1,0,0,0,0.01629,0.00127,0.00208,0,1,0
L001061,0,1,0,0,1,1,1,0,0.02839,0.03965,0.00576,1,3,1
L001062,0,0,0,0,0,0,0,0,0.0,0.00161,0.0082,0,0,0
L001063,0,0,0,0,0,0,0,0,0.00845,0.00192,0.00136,0,0,0
L001064,0,0,0,0,0,0,0,0,0.0,0.00163,0.00749,0,0,0
L001065,0,0,0,0,0,0,0,0,0.0,0.00234,0.00723,0,0,0
L001066,0,0,0,1,0,0,0,1,0.0,0.0044,0.10897,1,1,1
L001067,0,1,0,0,0,1,0,1,0.0,0.00269,0.08472,1,2,1
L001068,0,0,0,0,0,0,0,1,0.00275,0.00198,0.01784,0,1,0
L001069,0,0,0,0,0,0,0,1,0.0,0.00197,0.05208,0,1,0
L001070,0,0,0,0,0,0,1,0,0.00937,0.02454,0.0,0,1,0
L001071,0,1,1,1,0,1,1,1,0.0,0.14891,0.11009,3,3,1
L001072,0,0,0,0,0,0,0,0,0.0,0.0,0.0,0,0,0
L001073,0,0,0,0,1,0,0,0,0.03571,0.00241,0.0,0,1,0
L001074,0,0,0,0,0,0,0,0,0.00173,0.0,0.00205,0,0,0
L001075,0,0,0,0,1,0,1,1,0.03093,0.02185,0.0916,0,3,0
L001076,0,0,0,0,0,0,0,0,0.0057,0.00062,0.00172,0,0,0
L001077,0,0,0,0,0,0,1,1,0.0,0.01365,0.02025,0,2,0
L001078,0,0,0,0,0,0,0,0,0.0,0.0,0.00424,0,0,0
L001079,0,0,0,0,0,0,0,0,0.00269,0.0,0.00336,0,0,0
L001080,0,0,0,0,0,0,0,0,0.0,0.0,0.00756,0,0,0
L001081,0,0,0,0,1,0,1,1,0.01763,0.02028,0.01353,0,3,0
L001082,0,0,1,0,1,0,1,1,0.07883,0.07555,0.04994,1,3,1
L001083,0,0,0,0,0,0,0,1,0.0,0.00335,0.04513,0,1,0
L001084,0,0,0,0,1,0,0,0,0.01584,0.00269,0.00987,0,1,0
L001085,0,0,0,0,0,0,0,0,0.0,0.0004,0.0,0,0,0
L001086,0,0,0,0,1,0,0,0,0.03355,0.0,0.00355,0,1,0
L001087,0,0,0,0,1,0,0,0,0.02493,0.00051,0.0,0,1,0
L001088,0,0,0,0,1,0,1,1,0.01922,0.0395,0.0357,0,3,0
L001089,0,1,0,0,0,1,0,0,0.0,0.0,0.00068,1,1,1
L001090,0,0,0,0,1,0,0,1,0.03083,0.00052,0.02724,0,2,0
L001091,0,0,0,0,0,0,0,0,0.00501,0.00125,0.00219,0,0,0
L001092,0,0,0,0,0,0,0,1,0.0,0.00137,0.02502,0,1,0
L001093,0,0,0,0,0,0,0,0,0.00108,0.0032,0.00595,0,0,0
L001094,0,0,0,1,0,0,0,1,0.00159,0.00091,0.15837,1,1,1
L001095,0,0,0,0,0,0,0,1,0.0,0.0,0.01155,0,1,0
L001096,0,0,0,0,1,0,1,0,0.01323,0.03923,0.00416,0,2,0
L001097,0,0,0,0,1,0,1,1,0.04001,0.01186,0.06226,0,3,0
L001098,0,0,0,0,0,0,0,1,0.0,0.00011,0.02706,0,1,0
L001099,0,0,0,0,0,0,0,0,0.0,0.00177,0.0,0,0,0
L001100,0,0,0,0,0,0,0,0,0.0,0.0,0.0016,0,0,0
L001101,0,0,0,0,0,0,1,0,0.00054,0.00589,0.00309,0,1,0
L001102,0,0,0,0,0,0,0,0,0.0024,0.00213,0.0,0,0,0
L001103,0,0,0,0,1,0,0,1,0.03534,0.00373,0.05965,0,2,0
L001104,0,1,1,0,1,1,1,0,0.02449,0.08556,0.00315,2,3,1
L001105,0,1,0,0,0,1,0,1,0.0,0.00391,0.01455,1,2,1
L001106,0,0,0,0,0,0,0,0,0.00703,0.0,0.0,0,0,0
L001107,0,0,0,0,0,0,0,0,0.00199,0.0,0.00433,0,0,0
L001108,0,1,1,0,1,1,1,1,0.03865,0.06585,0.04926,2,4,1
L001109,0,0,0,0,0,0,0,0,0.00211,0.0,0.00346,0,0,0
L001110,0,0,0,0,0,0,1,1,0.00448,0.01304,0.07549,0,2,0
L001111,0,0,0,0,0,0,1,0,0.00742,0.03441,0.0,0,1,0
L001112,0,0,0,0,0,0,0,1,0.0,0.0,0.01149,0,1,0
L001113,0,0,0,0,0,0,1,1,0.00826,0.0155,0.04681,0,2,0
L001114,0,1,0,0,1,1,1,1,0.01142,0.0097,0.04577,1,4,1
L001115,0,0,0,0,0,0,0,0,0.0,0.00078,0.00421,0,0,0
L001116,0,0,0,0,1,0,0,1,0.08028,0.00026,0.01025,0,2,0
L001117,0,0,0,0,0,0,0,0,0.0,0.0,0.0,0,0,0
L001118,0,0,0,0,1,0,0,0,0.01317,0.00274,0.00744,0,1,0
L001119,0,1,0,0,1,1,0,0,0.02743,0.00066,0.0015,1,2,1
L001120,0,0,1,0,0,0,1,1,0.00878,0.05811,0.02129,1,2,1
L001121,0,1,0,1,0,1,0,1,0.00485,0.0,0.33637,2,2,1
L001122,0,0,0,0,0,0,0,0,0.0,0.00104,0.00818,0,0,0
L001123,0,0,0,0,1,0,0,1,0.01921,0.0,0.01911,0,2,0
L001124,0,1,0,1,1,1,1,1,0.06164,0.03134,0.32078,2,4,1
L001125,0,0,0,0,0,0,0,0,0.0,0.00024,0.00093,0,0,0
L001126,0,0,0,0,0,0,0,0,0.0,0.0,0.00699,0,0,0
L001127,0,0,0,1,0,0,0,1,0.0,0.0,0.51611,1,1,1
L001128,1,0,0,0,1,0,1,0,0.13111,0.04403,0.0,1,2,1
L001129,0,0,0,0,0,0,0,0,0.0,0.0,0.00172,0,0,0
L001130,0,0,0,0,0,0,1,0,0.00051,0.03448,0.00444,0,1,0
L001131,0,0,0,0,0,0,1,0,0.0,0.02363,0.0,0,1,0
L001132,0,0,0,0,0,0,0,0,0.0,0.00243,0.00182,0,0,0
L001133,0,0,0,0,0,0,0,0,0.0041,0.00198,0.00927,0,0,0
L001134,0,1,0,0,0,1,0,1,0.0,0.0,0.02121,1,2,1
L001135,0,0,0,0,0,0,0,0,0.0,0.0,0.0,0,0,0
L001136,0,0,0,0,0,0,0,0,0.00456,0.00022,0.0,0,0,0
L001137,0,0,0,0,0,0,0,0,0.0,0.0,0.00289,0,0,0
L001138,0,0,0,0,0,0,1,1,0.00091,0.00754,0.0267,0,2,0
L001139,0,0,0,0,0,0,0,1,0.00258,0.0,0.01086,0,1,0
L001140,1,1,0,0,1,1,1,1,0.12321,0.03574,0.06494,2,4,1
L001141,0,0,1,0,0,0,1,0,0.00346,0.09455,0.0,1,1,1
L001142,0,0,0,0,0,0,0,0,0.0,0.00183,0.00259,0,0,0
L001143,0,0,0,0,0,0,0,0,0.00127,0.00168,0.0,0,0,0
L001144,0,0,0,0,0,0,0,1,0.0,0.00035,0.0485,0,1,0
L001145,0,0,0,0,0,0,0,1,0.0,6e-05,0.03469,0,1,0
L001146,0,0,0,1,1,0,0,1,0.01078,0.00194,0.12172,1,2,1
L001147,0,0,0,1,0,0,1,1,0.00522,0.03855,0.12756,1,2,1
L001148,0,1,0,0,1,1,0,1,0.01202,0.0,0.07632,1,3,1
L001149,0,0,0,0,1,0,0,1,0.04788,0.0,0.01404,0,2,0
L001150,0,0,0,0,0,0,0,0,0.0,0.00499,0.0,0,0,0
L001151,0,1,0,0,1,1,0,1,0.03815,0.0,0.03461,1,3,1
L001152,0,0,0,0,0,0,1,0,0.0,0.00714,0.00246,0,1,0
L001153,0,0,0,1,0,0,0,1,0.00206,0.0,0.17286,1,1,1
L001154,0,0,0,0,0,0,1,1,0.0,0.00515,0.03523,0,2,0
L001155,0,0,0,0,0,0,0,0,0.0,0.0004,1e-05,0,0,0
L001156,0,1,0,0,1,1,0,1,0.02006,0.0,0.08697,1,3,1
L001157,0,0,1,1,0,0,1,1,0.0,0.08871,0.25892,2,2,1
L001158,0,1,0,0,0,1,1,0,0.0,0.02334,0.00458,1,2,1
L001159,0,0,0,0,1,0,0,1,0.02161,0.0,0.02213,0,2,0
L001160,0,0,1,0,0,0,1,0,0.00012,0.05212,0.00922,1,1,1
L001161,0,0,1,0,1,0,1,1,0.02637,0.32507,0.0153,1,3,1
L001162,0,0,1,0,1,0,1,1,0.02293,0.05504,0.02594,1,3,1
L001163,0,0,0,1,0,0,1,1,0.0,0.01726,0.11946,1,2,1
L001164,0,0,0,0,0,0,0,1,0.00078,0.001,0.02203,0,1,0
L001165,0,0,1,0,1,0,1,0,0.02922,0.06361,0.00844,1,2,1
L001166,0,1,0,1,0,1,1,1,0.00602,0.02483,0.17749,2,3,1
L001167,0,0,0,0,0,0,0,0,0.00448,0.00244,0.0,0,0,0
L001168,0,0,0,0,0,0,1,1,0.00349,0.04379,0.0255,0,2,0
L001169,0,0,0,0,0,0,0,0,0.0,0.0002,0.00074,0,0,0
L001170,0,0,0,0,1,0,0,1,0.01986,0.00175,0.03865,0,2,0
L001171,0,0,0,0,0,0,0,0,0.00527,0.00193,0.0,0,0,0
L001172,0,0,0,0,0,0,0,0,0.0,0.0,0.0,0,0,0
L001173,0,0,0,0,0,0,0,0,0.00359,0.0,0.00296,0,0,0
L001174,0,0,0,0,1,0,0,0,0.04716,0.00141,0.00048,0,1,0
L001175,0,0,0,0,0,0,0,0,0.00202,0.00016,0.0,0,0,0
L001176,0,1,0,1,0,1,1,1,0.0,0.02901,0.12371,2,3,1
L001177,0,0,1,0,0,0,1,0,0.00787,0.10659,0.0,1,1,1
L001178,0,0,0,0,0,0,0,0,0.0,0.00161,0.0,0,0,0
L001179,0,0,0,0,0,0,0,0,0.0,0.0,0.0035,0,0,0
L001180,0,0,0,0,0,0,0,0,0.0,0.0,0.0005,0,0,0
L001181,0,1,0,0,0,1,0,0,0.0,0.00155,0.0,1,1,1
L001182,0,0,0,0,0,0,0,0,0.0,0.0,0.00506,0,0,0
L001183,0,0,0,0,0,0,0,0,0.00131,0.00247,0.0,0,0,0
L001184,0,1,1,0,0,1,1,0,0.00597,0.06298,0.0,2,2,1
L001185,0,0,0,0,0,0,0,0,0.0,0.0,0.0,0,0,0
L001186,0,0,0,0,0,0,0,1,0.0,0.0,0.07508,0,1,0
L001187,0,0,0,0,0,0,0,1,0.0,0.00153,0.0357,0,1,0
L001188,0,0,0,0,0,0,0,0,0.00724,0.00144,0.00607,0,0,0
L001189,0,0,0,0,0,0,0,0,0.0,0.00247,0.00696,0,0,0
L001190,0,0,0,0,0,0,0,0,0.0,0.0,0.00265,0,0,0
L001191,0,0,1,0,1,0,1,1,0.01064,0.0537,0.026,1,3,1
L001192,0,0,0,0,0,0,1,0,0.00248,0.04958,0.00201,0,1,0
L001193,0,0,1,0,0,0,1,1,0.0,0.17319,0.03429,1,2,1
L001194,0,0,0,0,0,0,0,1,0.0,0.0,0.02733,0,1,0
L001195,0,0,0,0,0,0,0,0,0.0,0.0,0.0,0,0,0
L001196,0,0,0,0,0,0,0,1,0.0,0.0,0.01356,0,1,0
L001197,0,0,0,0,0,0,0,1,0.00115,0.0,0.02802,0,1,0
L001198,0,0,0,0,0,0,1,0,0.0,0.02859,0.0,0,1,0
L001199,0,0,0,0,0,0,0,0,0.00439,0.0,0.00141,0,0,0
L001200,0,0,0,0,0,0,0,0,0.0,0.0,0.00061,0,0,0
L001201,0,0,0,0,0,0,0,0,0.00052,0.00211,0.0,0,0,0
L001202,0,0,0,0,0,0,0,1,0.00197,0.0,0.03562,0,1,0
L001203,0,0,0,0,0,0,0,0,0.0,0.0001,0.00432,0,0,0
L001204,0,0,0,0,0,0,0,0,0.00814,0.00134,0.00131,0,0,0
L001205,0,0,0,0,0,0,0,0,0.0035,0.0002,0.0035,0,0,0
L001206,0,0,0,0,0,0,0,0,0.00081,0.00258,0.00893,0,0,0
L001207,0,0,0,0,0,0,0,0,0.0,0.0,0.00176,0,0,0
L001208,0,0,0,0,0,0,0,0,0.0,0.0,0.00703,0,0,0
L001209,0,0,0,0,0,0,0,0,0.0,0.0,0.0,0,0,0
L001210,0,0,1,1,0,0,1,1,0.0,0.05823,0.45598,2,2,1
L001211,0,0,0,0,0,0,0,0,0.0,0.0,0.00221,0,0,0
L001212,0,0,1,0,1,0,1,1,0.07566,0.06137,0.05389,1,3,1
L001213,0,0,0,0,0,0,0,0,0.0,0.00035,0.0,0,0,0
L001214,0,0,0,0,0,0,0,0,0.00228,0.0,0.00135,0,0,0
L001215,0,0,0,0,0,0,0,0,0.00411,0.0,0.0031,0,0,0
L001216,0,0,0,0,0,0,0,0,0.0,0.0,0.0,0,0,0
L001217,0,0,0,0,0,0,0,0,0.00588,0.0,0.00321,0,0,0
L001218,0,0,0,0,1,0,0,1,0.02747,0.00087,0.01305,0,2,0
L001219,0,0,0,0,0,0,0,1,0.00555,0.00235,0.0576,0,1,0
L001220,0,0,0,0,0,0,0,0,0.00865,0.0,0.0,0,0,0
L001221,0,0,0,0,1,0,1,0,0.01271,0.02644,0.0,0,2,0
L001222,0,1,0,0,0,1,0,0,0.0,0.00027,0.00469,1,1,1
L001223,0,0,0,0,1,0,1,0,0.04707,0.01373,0.0,0,2,0
L001224,0,0,0,0,0,0,0,0,0.0,0.00183,0.00564,0,0,0
L001225,0,0,0,0,0,0,1,1,0.0,0.03822,0.06738,0,2,0
L001226,0,0,0,0,0,0,0,0,0.00181,0.0009,0.00632,0,0,0
L001227,0,0,0,0,0,0,0,1,0.00471,0.00397,0.01678,0,1,0
L001228,0,0,0,0,0,0,0,0,0.0,0.0,0.00309,0,0,0
L001229,0,0,1,0,0,0,1,0,0.0,0.11716,0.0035,1,1,1
L001230,0,1,0,0,0,1,0,0,0.0,0.0,0.00076,1,1,1
L001231,0,1,1,0,0,1,1,0,0.0009,0.07084,0.00488,2,2,1
L001232,0,0,0,0,0,0,0,0,0.0,0.002,0.0,0,0,0
L001233,0,0,0,0,0,0,0,0,1e-05,0.0,0.00421,0,0,0
L001234,0,0,0,0,0,0,0,1,0.0,0.00447,0.01523,0,1,0
L001235,0,0,0,0,0,0,0,0,0.0,0.0041,0.0,0,0,0
L001236,0,0,0,0,0,0,0,0,0.00268,0.00165,0.0,0,0,0
L001237,0,1,0,0,1,1,1,1,0.03949,0.02385,0.02909,1,4,1
L001238,0,0,1,1,0,0,1,1,0.0,0.07229,0.12339,2,2,1
L001239,0,0,0,0,0,0,1,0,0.0,0.00547,0.0,0,1,0
L001240,0,0,0,0,0,0,1,1,0.00329,0.01273,0.06092,0,2,0
L001241,0,0,0,0,0,0,0,0,0.00274,0.00151,0.00614,0,0,0
L001242,0,0,0,0,1,0,0,0,0.01477,0.0,0.0,0,1,0
L001243,0,0,0,0,0,0,1,1,6e-05,0.00688,0.05434,0,2,0
L001244,0,0,0,0,0,0,0,0,0.0,0.0,0.00102,0,0,0
L001245,0,0,0,0,0,0,0,0,0.0,0.0021,0.00427,0,0,0
L001246,0,0,1,0,0,0,1,0,0.00632,0.09274,0.00186,1,1,1
L001247,0,0,0,0,0,0,0,0,0.0,0.0,0.00383,0,0,0
L001248,0,0,0,0,1,0,1,0,0.04258,0.00507,0.00084,0,2,0
L001249,0,0,0,0,0,0,0,0,0.00199,0.00023,0.0,0,0,0
L001250,0,0,0,0,0,0,0,0,0.0,0.00189,0.00495,0,0,0
L001251,0,0,1,1,0,0,1,1,0.00344,0.06135,0.27266,2,2,1
L001252,0,0,0,0,0,0,0,0,0.00645,0.00213,0.00149,0,0,0
L001253,0,0,0,0,0,0,0,0,0.0,0.00036,0.00155,0,0,0
L001254,0,1,1,1,0,1,1,1,0.00047,0.20852,0.41469,3,3,1
L001255,0,0,0,0,0,0,0,0,0.0,0.00036,0.00195,0,0,0
L001256,0,0,0,0,1,0,1,0,0.09006,0.01635,0.0,0,2,0
L001257,0,1,0,1,0,1,0,1,0.00147,0.00046,0.29793,2,2,1
L001258,0,0,0,0,0,0,0,0,0.0,0.0,0.0,0,0,0
L001259,0,0,1,0,1,0,1,0,0.02064,0.05633,0.00053,1,2,1
L001260,0,0,0,0,1,0,0,0,0.0239,0.00276,0.0,0,1,0
L001261,0,0,0,0,1,0,1,0,0.03582,0.02785,0.00141,0,2,0
L001262,0,0,0,0,0,0,0,0,0.00681,0.0,0.00691,0,0,0
L001263,0,0,0,0,0,0,0,0,0.0,0.0,0.0045,0,0,0
L001264,0,0,0,0,0,0,0,0,0.0057,0.00123,0.00456,0,0,0
L001265,0,1,0,0,0,1,1,0,0.00872,0.04221,0.0,1,2,1
L001266,0,0,0,0,0,0,1,1,0.0,0.04083,0.09827,0,2,0
L001267,0,0,1,0,0,0,1,1,0.0,0.08854,0.03275,1,2,1
L001268,0,0,0,0,0,0,0,0,0.0,0.00418,0.00114,0,0,0
L001269,0,1,0,0,0,1,0,1,0.00458,0.00031,0.01033,1,2,1
L001270,0,0,0,0,0,0,0,0,0.00349,0.0,0.0,0,0,0
L001271,0,0,0,0,0,0,0,0,0.0,0.00182,0.0,0,0,0
L001272,0,0,0,0,0,0,1,0,0.00524,0.00585,0.0,0,1,0
L001273,0,0,0,0,1,0,0,0,0.03954,0.0,0.0,0,1,0
L001274,0,0,0,0,0,0,0,0,0.00617,0.0,0.0,0,0,0
L001275,0,0,0,0,0,0,0,0,0.00457,0.00242,0.0,0,0,0
L001276,0,0,0,0,0,0,1,0,0.0,0.01315,0.0,0,1,0
L001277,0,0,0,0,0,0,1,1,0.0,0.01027,0.03578,0,2,0
L001278,0,0,0,0,0,0,0,0,0.00182,0.0,0.0,0,0,0
L001279,0,0,0,0,0,0,1,0,0.0,0.00656,0.00332,0,1,0
L001280,0,0,0,0,0,0,0,1,0.0,0.00184,0.03448,0,1,0
L001281,0,0,0,0,0,0,0,0,0.00323,0.0019,0.00049,0,0,0
L001282,0,0,0,0,0,0,0,0,0.00025,0.00073,0.0,0,0,0
L001283,0,0,0,0,0,0,0,1,0.0,0.0,0.02024,0,1,0
L001284,0,0,0,0,0,0,0,0,0.00602,0.0,0.00022,0,0,0
L001285,0,0,0,0,1,0,1,0,0.02568,0.03602,0.00359,0,2,0
L001286,0,1,1,0,1,1,1,1,0.01976,0.07476,0.01677,2,4,1
L001287,0,1,0,1,0,1,1,1,0.00452,0.01949,0.11909,2,3,1
L001288,0,0,0,0,0,0,0,0,0.0051,0.0,0.00207,0,0,0
L001289,0,0,1,0,1,0,1,1,0.01935,0.06289,0.02629,1,3,1
L001290,0,0,1,0,1,0,1,0,0.02701,0.07452,0.00369,1,2,1
L001291,0,0,0,0,1,0,1,0,0.02196,0.02589,0.00686,0,2,0
L001292,0,0,0,0,0,0,0,0,0.0,0.00184,0.0008,0,0,0
L001293,0,0,0,0,0,0,1,0,0.00411,0.0419,0.00931,0,1,0
L001294,0,0,0,0,0,0,0,0,0.00101,0.00114,0.0,0,0,0
L001295,0,0,1,1,0,0,1,1,0.0011,0.1152,0.17557,2,2,1
L001296,0,0,0,0,0,0,1,0,0.0,0.01719,0.0,0,1,0
L001297,0,0,0,0,1,0,1,1,0.01118,0.01889,0.02178,0,3,0
L001298,0,0,0,0,0,0,0,0,0.0,0.00336,0.00583,0,0,0
L001299,0,0,0,0,0,0,0,0,0.00651,0.00091,0.0,0,0,0
L001300,0,0,0,0,0,0,0,0,0.0,0.00384,0.0,0,0,0
L001301,0,0,0,0,0,0,0,1,0.0,0.00035,0.01037,0,1,0
L001302,0,0,0,0,0,0,0,0,0.00731,0.00112,0.00676,0,0,0
L001303,0,0,0,0,0,0,0,0,0.0,0.0,0.0,0,0,0
L001304,0,0,0,0,0,0,0,0,0.0,0.0,0.00352,0,0,0
L001305,0,0,0,0,0,0,0,0,0.0049,0.00435,0.0,0,0,0
L001306,0,0,0,0,0,0,1,1,0.00809,0.01463,0.02854,0,2,0
L001307,0,1,0,1,0,1,0,1,0.0,0.00111,0.49792,2,2,1
L001308,0,0,0,0,0,0,1,0,0.00481,0.02666,0.0,0,1,0
L001309,0,0,0,0,1,0,0,0,0.01462,0.0,0.00298,0,1,0
L001310,0,0,0,0,0,0,0,1,0.00232,0.0,0.01085,0,1,0
L001311,0,0,0,1,0,0,1,1,0.0,0.03553,0.17593,1,2,1
L001312,0,0,0,0,1,0,0,0,0.03275,0.00252,0.0,0,1,0
L001313,0,0,0,0,0,0,0,0,0.00897,0.0,0.00216,0,0,0
L001314,0,0,0,0,0,0,1,0,0.0,0.00754,0.00277,0,1,0
L001315,0,0,0,0,0,0,0,1,0.0,0.00053,0.03771,0,1,0
L001316,0,1,0,0,1,1,0,0,0.0316,0.00299,0.00336,1,2,1
L001317,0,0,0,0,0,0,1,0,0.00419,0.02209,0.0,0,1,0
L001318,0,0,0,0,1,0,1,1,0.09163,0.02532,0.02276,0,3,0
L001319,0,0,1,0,1,0,1,1,0.01169,0.12277,0.01765,1,3,1
L001320,0,0,0,0,0,0,1,1,0.00693,0.03695,0.07802,0,2,0
L001321,0,0,0,0,0,0,0,0,0.0,0.0,0.00242,0,0,0
L001322,0,0,1,0,1,0,1,1,0.01109,0.05688,0.05581,1,3,1
L001323,0,0,0,0,0,0,0,1,0.00221,0.00159,0.01727,0,1,0
L001324,0,0,0,0,0,0,0,1,0.0,0.00223,0.0105,0,1,0
L001325,0,0,0,0,1,0,0,1,0.09512,0.0,0.02485,0,2,0
L001326,0,0,0,0,0,0,0,0,0.0,0.00023,0.00393,0,0,0
L001327,0,0,1,0,0,0,1,1,0.00569,0.11639,0.04717,1,2,1
L001328,0,0,0,0,0,0,0,0,0.0,0.00408,0.00466,0,0,0
L001329,0,0,1,0,0,0,1,1,0.0,0.09727,0.02108,1,2,1
L001330,0,0,1,0,1,0,1,1,0.01889,0.09278,0.02426,1,3,1
L001331,0,0,0,0,0,0,0,0,0.00662,0.0,0.0,0,0,0
L001332,0,0,0,0,1,0,1,1,0.05563,0.02948,0.01862,0,3,0
L001333,0,1,1,0,1,1,1,0,0.04493,0.08835,0.00344,2,3,1
L001334,0,0,0,0,0,0,0,0,0.0,0.0,0.00682,0,0,0
L001335,0,0,0,0,0,0,0,0,0.0,0.0,0.0016,0,0,0
L001336,0,0,0,0,0,0,0,0,0.0,0.0,0.00331,0,0,0
L001337,0,0,0,0,0,0,0,0,0.00252,0.00364,0.00057,0,0,0
L001338,0,0,0,0,0,0,0,1,0.0,0.00223,0.02529,0,1,0
L001339,0,0,0,0,0,0,0,0,0.0,0.0,0.0,0,0,0
L001340,0,0,0,0,1,0,0,1,0.03412,0.0,0.0352,0,2,0
L001341,0,0,0,0,0,0,0,0,0.00895,0.0,0.0,0,0,0
L001342,0,0,0,0,0,0,0,0,0.0,0.00018,0.0,0,0,0
L001343,0,0,0,0,1,0,0,0,0.02189,0.0,0.00547,0,1,0
L001344,0,0,0,0,0,0,0,0,0.0,0.00106,0.0,0,0,0
L001345,0,0,0,0,0,0,0,1,0.0,0.0,0.01491,0,1,0
L001346,0,0,0,0,0,0,0,0,0.0,0.0,0.00887,0,0,0
L001347,0,0,0,0,0,0,0,0,0.00024,0.00206,0.00327,0,0,0
L001348,0,0,0,1,0,0,1,1,0.0,0.01418,0.14969,1,2,1
L001349,0,0,0,0,0,0,0,0,0.0,0.0011,0.0,0,0,0
L001350,0,0,0,0,0,0,0,1,0.00109,0.0,0.03938,0,1,0
L001351,0,0,1,1,1,0,1,1,0.04216,0.1638,0.39508,2,3,1
L001352,0,0,0,0,0,0,0,0,0.00551,0.00028,0.0,0,0,0
L001353,0,0,0,0,0,0,0,0,0.0,0.00107,0.0,0,0,0
L001354,0,0,0,0,0,0,1,0,0.00131,0.03382,0.00267,0,1,0
L001355,0,0,0,0,0,0,0,0,0.00142,0.0,0.00493,0,0,0
L001356,0,0,0,0,0,0,0,0,0.0,0.0,0.00169,0,0,0
L001357,0,0,0,0,1,0,1,0,0.01349,0.03117,0.0,0,2,0
L001358,0,1,0,0,0,1,1,1,0.00866,0.01901,0.05187,1,3,1
L001359,0,0,0,0,0,0,1,1,0.0,0.02498,0.01427,0,2,0
L001360,0,1,1,0,0,1,1,1,0.00362,0.05183,0.05486,2,3,1
L001361,0,0,0,0,0,0,0,0,0.0,0.0007,0.0,0,0,0
L001362,0,0,0,0,0,0,0,0,0.0,0.0,0.0,0,0,0
L001363,0,0,0,0,1,0,0,1,0.03044,0.0,0.04218,0,2,0
L001364,0,0,0,0,0,0,0,0,0.00304,0.0,0.00013,0,0,0
L001365,0,0,0,0,0,0,0,1,0.00386,0.00017,0.03267,0,1,0
L001366,0,0,0,1,0,0,0,1,0.00126,0.0,0.1175,1,1,1
L001367,0,0,0,0,0,0,0,0,0.0017,0.00338,0.00079,0,0,0
L001368,0,0,0,0,0,0,0,0,0.0,0.00052,0.00361,0,0,0
L001369,0,1,1,0,0,1,1,1,0.0,0.08703,0.01029,2,3,1
L001370,0,1,0,0,1,1,1,1,0.02568,0.01822,0.01349,1,4,1
L001371,0,0,1,0,1,0,1,1,0.01665,0.06207,0.0372,1,3,1
L001372,0,0,0,0,0,0,0,0,0.0,0.0,0.00074,0,0,0
L001373,0,0,0,0,0,0,0,0,0.00194,0.00044,0.0,0,0,0
L001374,0,0,1,0,0,0,1,0,0.0,0.05708,0.0,1,1,1
L001375,0,0,0,0,0,0,1,1,0.00149,0.03224,0.0167,0,2,0
L001376,0,0,0,0,1,0,1,0,0.04119,0.02308,0.0,0,2,0
L001377,0,0,0,0,1,0,0,1,0.01951,0.00122,0.0269,0,2,0
L001378,0,0,0,0,0,0,1,0,0.00721,0.01249,0.00495,0,1,0
L001379,0,0,0,0,1,0,1,0,0.04282,0.00732,0.0,0,2,0
L001380,0,0,0,0,0,0,1,0,0.00512,0.03201,0.0,0,1,0
L001381,0,0,1,0,0,0,1,1,0.0,0.1326,0.03779,1,2,1
L001382,0,0,0,0,1,0,0,0,0.02042,0.0,0.0,0,1,0
L001383,0,0,0,0,0,0,0,0,0.00646,0.0,0.00408,0,0,0
L001384,0,0,0,0,1,0,1,0,0.01093,0.00707,0.0,0,2,0
L001385,0,0,0,0,0,0,0,0,0.0,0.0,0.0,0,0,0
L001386,0,1,0,0,1,1,1,1,0.01738,0.01582,0.02941,1,4,1
L001387,0,0,0,0,0,0,1,0,0.0,0.03524,0.0,0,1,0
L001388,0,0,0,0,0,0,0,0,0.0,0.0,0.0,0,0,0
L001389,0,0,0,0,0,0,0,0,0.0,0.0,0.00351,0,0,0
L001390,0,0,0,0,0,0,0,0,0.00248,0.0,0.00267,0,0,0
L001391,0,0,0,0,0,0,1,0,0.0,0.00709,0.00217,0,1,0
L001392,0,0,0,0,0,0,0,0,0.0,0.00095,0.00054,0,0,0
L001393,0,0,0,0,0,0,0,0,0.0,0.0,0.0066,0,0,0
L001394,0,0,0,1,1,0,1,1,0.01797,0.04226,0.10275,1,3,1
L001395,0,0,0,0,0,0,0,0,0.0,0.00164,0.00614,0,0,0
L001396,0,1,0,1,0,1,0,1,0.00686,0.0,0.35281,2,2,1
L001397,0,0,0,0,0,0,0,0,0.0,0.00211,0.0,0,0,0
L001398,0,0,0,1,0,0,0,1,0.0007,0.00372,0.16669,1,1,1
L001399,0,1,0,0,1,1,0,1,0.02206,0.00238,0.01298,1,3,1
L001400,0,0,0,0,0,0,0,1,0.0,0.00458,0.06131,0,1,0
L001401,0,0,0,0,0,0,1,1,0.00183,0.03253,0.09185,0,2,0
L001402,0,0,0,0,0,0,0,0,0.0,0.0,0.00266,0,0,0
L001403,0,0,0,0,0,0,1,0,0.0,0.02153,0.00116,0,1,0
L001404,0,1,0,0,0,1,0,1,0.00946,0.00113,0.05408,1,2,1
L001405,0,0,0,1,0,0,0,1,0.00172,0.00109,0.15847,1,1,1
L001406,0,1,0,0,0,1,0,1,0.0,0.00398,0.0125,1,2,1
L001407,0,0,0,0,0,0,0,0,0.00153,0.0,0.00607,0,0,0
L001408,0,0,0,0,0,0,0,0,0.0036,0.00184,0.0,0,0,0
L001409,0,0,0,0,0,0,1,1,0.0,0.02309,0.01542,0,2,0
L001410,0,0,0,1,0,0,0,1,2e-05,0.0,0.12018,1,1,1
L001411,0,0,0,0,0,0,0,0,0.00149,0.0,0.00214,0,0,0
L001412,1,0,0,1,1,0,1,1,0.109,0.0217,0.12376,2,3,1
L001413,0,0,0,0,0,0,1,0,0.00187,0.00526,0.0,0,1,0
L001414,0,0,0,0,0,0,0,0,0.00101,0.00023,0.0,0,0,0
L001415,0,0,0,0,1,0,1,1,0.01429,0.02574,0.03924,0,3,0
L001416,0,0,0,0,0,0,0,1,0.00687,0.0,0.04188,0,1,0
L001417,0,0,0,0,0,0,0,0,0.00537,0.00034,0.0,0,0,0
L001418,0,1,0,0,0,1,1,1,0.00476,0.03799,0.03744,1,3,1
L001419,0,0,1,0,0,0,1,1,0.0,0.06139,0.01173,1,2,1
L001420,0,0,0,0,1,0,0,1,0.0129,0.0,0.0198,0,2,0
L001421,0,1,0,0,1,1,1,1,0.08224,0.03146,0.04464,1,4,1
L001422,0,0,1,0,0,0,1,0,0.00892,0.06148,0.0,1,1,1
L001423,0,0,0,0,0,0,0,0,7e-05,0.00066,0.00087,0,0,0
L001424,0,1,0,0,0,1,1,0,0.0,0.02104,0.00703,1,2,1
L001425,0,0,1,0,1,0,1,1,0.0183,0.08376,0.02893,1,3,1
L001426,0,0,0,0,0,0,0,0,0.0,0.00091,0.00211,0,0,0
L001427,0,0,0,0,0,0,0,1,0.00531,0.00108,0.01471,0,1,0
L001428,0,0,0,0,0,0,0,0,0.00156,0.0,0.00813,0,0,0
L001429,0,1,0,0,0,1,0,0,0.0,0.0,0.0,1,1,1
L001430,0,0,0,0,1,0,0,0,0.03647,0.00086,0.0,0,1,0
L001431,0,0,0,0,0,0,0,0,0.0,0.0,0.0004,0,0,0
L001432,0,1,0,0,1,1,1,1,0.01738,0.00909,0.03217,1,4,1
L001433,0,0,0,0,0,0,0,0,0.0,0.0,0.0,0,0,0
L001434,0,0,0,0,0,0,0,0,0.00172,0.0001,0.0,0,0,0
L001435,0,0,0,0,1,0,0,0,0.01217,0.0,0.00485,0,1,0
L001436,0,0,0,0,0,0,0,1,0.00269,0.00095,0.03842,0,1,0
L001437,0,0,0,0,0,0,0,0,0.0,0.00051,0.00752,0,0,0
L001438,0,0,0,0,0,0,1,0,0.0,0.032,0.0085,0,1,0
L001439,0,0,0,0,1,0,1,1,0.04599,0.0264,0.02474,0,3,0
L001440,0,1,0,0,1,1,1,1,0.02308,0.00908,0.0793,1,4,1
L001441,0,0,0,0,0,0,0,0,0.00091,0.0,0.00519,0,0,0
L001442,0,0,1,0,1,0,1,1,0.05794,0.06557,0.0182,1,3,1
L001443,0,0,0,0,0,0,0,0,0.0,0.0,0.00602,0,0,0
L001444,0,0,0,0,0,0,0,0,0.0,0.00082,0.00599,0,0,0
L001445,0,1,0,0,1,1,0,0,0.01109,0.0,0.0,1,2,1
L001446,0,0,0,0,1,0,1,1,0.02517,0.00756,0.01522,0,3,0
L001447,0,1,0,0,0,1,0,0,0.00282,0.0,0.00504,1,1,1
L001448,1,0,0,0,1,0,1,0,0.10557,0.01408,0.00625,1,2,1
L001449,0,0,0,0,1,0,0,0,0.07646,0.0,0.00164,0,1,0
L001450,0,0,0,0,0,0,1,1,0.00709,0.03123,0.02087,0,2,0
L001451,0,0,0,0,0,0,0,1,0.00131,0.00084,0.01299,0,1,0
L001452,0,0,0,1,0,0,1,1,0.0,0.00707,0.19772,1,2,1
L001453,0,0,1,1,0,0,1,1,0.00218,0.60333,0.36325,2,2,1
L001454,0,0,0,0,1,0,1,0,0.01495,0.03364,0.00013,0,2,0
L001455,0,0,0,0,0,0,1,0,0.00205,0.03334,0.00647,0,1,0
L001456,0,0,0,0,0,0,0,0,0.00517,0.0,0.00547,0,0,0
L001457,0,0,0,0,0,0,1,1,0.0,0.0264,0.07307,0,2,0
L001458,0,0,0,0,1,0,0,0,0.01809,0.00361,0.00532,0,1,0
L001459,0,0,0,0,1,0,0,1,0.07467,0.0,0.02042,0,2,0
L001460,0,0,0,0,0,0,0,0,0.0,0.00245,0.00021,0,0,0
L001461,0,0,0,0,0,0,0,0,0.00631,0.00196,0.0,0,0,0
L001462,0,1,0,0,0,1,0,0,0.00718,0.0,0.0018,1,1,1
L001463,0,0,1,0,0,0,1,0,0.00086,0.06534,0.0,1,1,1
L001464,0,0,1,0,1,0,1,0,0.08755,0.18019,0.0069,1,2,1
L001465,0,0,0,0,0,0,1,1,0.0,0.02567,0.06309,0,2,0
L001466,0,0,1,1,0,0,1,1,0.008,0.05273,0.12511,2,2,1
L001467,0,1,0,0,0,1,1,1,0.0017,0.02625,0.03498,1,3,1
L001468,0,0,0,0,0,0,1,1,0.00242,0.01165,0.02122,0,2,0
L001469,0,0,0,0,0,0,1,0,0.00346,0.01565,0.0,0,1,0
L001470,0,0,0,0,0,0,0,1,0.00543,0.00281,0.04704,0,1,0
L001471,0,0,0,0,1,0,0,1,0.0173,0.0,0.02146,0,2,0
L001472,0,1,0,0,0,1,0,0,0.0,0.0,0.0,1,1,1
L001473,0,0,1,0,0,0,1,0,0.00161,0.07593,0.0,1,1,1
L001474,0,0,0,0,0,0,1,0,0.00487,0.00599,0.0,0,1,0
L001475,0,0,0,0,0,0,0,0,0.0007,0.0,0.0068,0,0,0
L001476,0,0,0,0,0,0,0,0,0.00279,0.0,0.00837,0,0,0
L001477,0,0,0,0,0,0,0,0,0.0,0.0,0.0,0,0,0
L001478,0,0,0,0,0,0,0,0,0.0,0.00062,0.00371,0,0,0
L001479,0,0,0,0,0,0,0,0,0.00536,0.00324,0.0,0,0,0
L001480,0,0,0,0,0,0,1,0,0.0,0.03458,0.0,0,1,0
L001481,0,0,0,0,0,0,0,0,0.0,0.0,0.00068,0,0,0
L001482,0,0,0,0,0,0,1,1,0.00448,0.02486,0.02479,0,2,0
L001483,0,0,0,0,0,0,0,0,0.0,0.00261,0.0,0,0,0
L001484,0,1,0,0,0,1,0,0,0.00647,0.00047,0.0,1,1,1
L001485,0,0,0,0,0,0,0,0,0.0,0.0,0.0,0,0,0
L001486,0,0,0,0,0,0,0,0,0.00372,0.00328,0.00157,0,0,0
L001487,0,0,0,0,0,0,1,1,0.0,0.01408,0.01471,0,2,0
L001488,0,0,1,0,1,0,1,1,0.08713,0.40726,0.03549,1,3,1
L001489,0,0,0,0,0,0,0,1,0.0,0.0,0.01114,0,1,0
L001490,0,1,0,0,0,1,0,1,0.0,0.00051,0.05543,1,2,1
L001491,0,0,0,0,0,0,0,0,0.00873,0.0,0.0,0,0,0
L001492,0,0,0,0,0,0,0,1,0.00451,0.0,0.03322,0,1,0
L001493,0,0,0,0,1,0,0,1,0.01002,0.0,0.02516,0,2,0
L001494,0,0,0,0,0,0,0,0,0.00461,0.0,0.00142,0,0,0
L001495,0,0,0,0,0,0,0,0,0.00273,0.00116,0.00519,0,0,0
L001496,0,0,0,0,0,0,0,0,0.00182,0.0,0.0,0,0,0
L001497,0,0,0,0,0,0,0,0,0.00263,0.00403,0.00315,0,0,0
L001498,0,0,0,0,0,0,1,1,0.00533,0.03694,0.08036,0,2,0
L001499,0,0,0,0,0,0,0,0,0.0,0.00072,0.00322,0,0,0
L001500,0,0,0,0,0,0,0,0,0.0,0.00295,0.0,0,0,0
L001501,0,0,0,1,0,0,1,1,0.0,0.02273,0.12072,1,2,1
L001502,0,1,0,0,1,1,1,0,0.04981,0.02119,0.00655,1,3,1
L001503,0,0,0,0,1,0,1,0,0.02706,0.02137,0.00968,0,2,0
L001504,0,0,0,0,0,0,1,0,0.00271,0.00545,0.0,0,1,0
L001505,0,0,0,0,0,0,0,1,0.00038,0.00238,0.04836,0,1,0
L001506,0,0,0,0,0,0,0,0,0.00758,0.00087,0.0,0,0,0
L001507,0,1,0,0,0,1,0,1,0.00479,0.0,0.02925,1,2,1
L001508,0,0,0,0,0,0,0,0,0.00242,0.0,0.0,0,0,0
L001509,0,1,1,0,1,1,1,1,0.02449,0.05263,0.02053,2,4,1
L001510,0,0,0,0,0,0,0,0,0.0,0.00052,0.00894,0,0,0
L001511,0,0,0,0,0,0,0,0,3e-05,0.00336,0.0,0,0,0
L001512,0,1,0,0,0,1,0,0,0.00714,0.00129,0.0,1,1,1
L001513,0,0,0,0,1,0,0,1,0.03474,0.00339,0.01785,0,2,0
L001514,0,0,0,0,0,0,0,1,0.0,0.0,0.01801,0,1,0
L001515,0,0,0,0,1,0,1,0,0.03925,0.01354,0.00582,0,2,0
L001516,0,1,1,0,0,1,1,0,0.00444,0.05426,0.00911,2,2,1
L001517,0,0,1,1,0,0,1,1,0.0,0.06062,0.35394,2,2,1
L001518,0,0,0,0,0,0,0,0,0.00025,0.00254,0.0,0,0,0
L001519,0,0,0,1,0,0,0,1,0.0,0.0,0.18868,1,1,1
L001520,0,0,0,0,0,0,0,0,0.0,0.0,0.00303,0,0,0
L001521,0,0,0,0,0,0,0,0,0.0021,0.0,0.0,0,0,0
L001522,0,0,0,0,0,0,0,0,0.0,0.00143,8e-05,0,0,0
L001523,0,0,0,0,0,0,1,1,0.00821,0.01529,0.04842,0,2,0
L001524,0,1,0,0,0,1,1,0,0.0,0.01907,0.00145,1,2,1
L001525,0,1,1,0,0,1,1,1,0.0,0.20058,0.01033,2,3,1
L001526,0,0,0,0,1,0,0,1,0.01324,0.00169,0.02473,0,2,0
L001527,0,0,0,0,0,0,0,0,0.0,0.00311,0.00584,0,0,0
L001528,0,0,0,0,0,0,0,0,0.00646,0.00188,0.00305,0,0,0
L001529,0,0,0,0,0,0,0,0,0.00181,0.00038,0.0,0,0,0
L001530,0,0,0,0,0,0,0,0,0.00659,0.0,0.0,0,0,0
L001531,0,0,0,0,0,0,0,0,0.00297,0.0,0.0,0,0,0
L001532,0,0,0,0,0,0,0,1,0.0,0.0,0.02084,0,1,0
L001533,1,0,0,1,1,0,0,1,0.11339,0.0013,0.17764,2,2,1
L001534,0,0,0,0,0,0,1,0,0.00043,0.00585,0.0,0,1,0
L001535,0,0,0,0,0,0,0,0,0.00365,0.00042,0.00837,0,0,0
L001536,0,0,0,0,0,0,0,1,0.00556,0.0,0.01202,0,1,0
L001537,0,0,0,0,0,0,0,0,0.0,0.0,0.0,0,0,0
L001538,0,0,0,0,0,0,1,0,0.0,0.0232,0.00109,0,1,0
L001539,0,0,0,0,0,0,0,0,0.0,0.0,0.0,0,0,0
L001540,0,0,0,0,1,0,0,1,0.03816,0.0,0.01227,0,2,0
L001541,1,1,0,1,1,1,0,1,0.20523,0.00036,0.46271,3,3,1
L001542,0,0,1,0,1,0,1,1,0.03633,0.0879,0.06288,1,3,1
L001543,0,0,0,0,0,0,0,0,0.0,0.0,0.0,0,0,0
L001544,0,0,0,0,0,0,0,1,0.0,0.00245,0.05051,0,1,0
L001545,0,0,0,0,0,0,0,1,0.0,0.00215,0.0101,0,1,0
L001546,0,0,0,0,0,0,0,0,0.0,0.00015,0.005,0,0,0
L001547,0,1,1,1,0,1,1,1,0.0,0.11749,0.12463,3,3,1
L001548,0,0,0,0,1,0,0,0,0.02807,0.0,0.0068,0,1,0
L001549,0,0,1,0,0,0,1,0,0.00515,0.10098,0.00806,1,1,1
L001550,0,0,0,0,0,0,0,0,0.00266,0.00298,0.0,0,0,0
L001551,0,0,0,0,0,0,0,0,0.0,0.0,0.00576,0,0,0
L001552,0,0,0,0,0,0,1,1,0.0,0.02008,0.01148,0,2,0
L001553,0,0,0,0,0,0,0,1,0.00552,0.00065,0.01386,0,1,0
L001554,0,0,0,0,0,0,0,0,0.00058,0.0002,0.00877,0,0,0
L001555,0,0,0,0,0,0,0,0,0.0,0.0,0.0,0,0,0
L001556,0,0,0,0,0,0,0,1,0.0,0.00175,0.0515,0,1,0
L001557,0,0,0,0,0,0,0,0,0.00319,0.0,0.00687,0,0,0
L001558,0,0,0,0,0,0,0,0,0.0,0.00049,0.00072,0,0,0
L001559,0,0,1,0,1,0,1,1,0.01007,0.15389,0.01252,1,3,1
L001560,0,0,0,0,0,0,1,1,0.00038,0.04046,0.04234,0,2,0
L001561,0,0,1,0,1,0,1,1,0.07911,0.1261,0.02776,1,3,1
L001562,0,0,1,0,1,0,1,0,0.02415,0.07293,0.0052,1,2,1
L001563,0,0,0,0,1,0,1,1,0.03185,0.03898,0.02435,0,3,0
L001564,0,0,0,0,0,0,0,0,0.00459,0.0,0.0036,0,0,0
L001565,0,0,0,0,0,0,0,1,0.00571,0.00257,0.01331,0,1,0
L001566,0,1,1,0,0,1,1,1,0.00606,0.08778,0.0617,2,3,1
L001567,0,0,0,0,0,0,0,0,0.00629,0.0003,0.00843,0,0,0
L001568,0,0,0,0,0,0,0,0,0.0,0.0,0.0,0,0,0
L001569,0,0,0,0,0,0,0,0,0.00524,0.0,0.00414,0,0,0
L001570,0,0,0,1,0,0,0,1,0.00276,0.0,0.15821,1,1,1
L001571,0,1,1,1,0,1,1,1,0.0,0.0705,0.246,3,3,1
L001572,0,0,0,0,1,0,0,1,0.01126,0.00137,0.03573,0,2,0
L001573,0,0,0,0,0,0,1,0,0.00033,0.02761,0.00696,0,1,0
L001574,0,0,0,0,0,0,0,1,0.0,0.00318,0.03725,0,1,0
L001575,0,0,0,0,0,0,1,0,0.0,0.02598,0.00259,0,1,0
L001576,0,0,0,0,0,0,0,0,0.0,0.0,0.00272,0,0,0
L001577,0,0,0,0,0,0,0,1,0.0,0.00101,0.01245,0,1,0
L001578,0,0,0,0,0,0,0,0,0.0,0.0,0.0,0,0,0
L001579,0,0,0,0,0,0,0,0,0.0,0.0,0.00066,0,0,0
L001580,0,0,0,0,0,0,1,1,0.0,0.0123,0.02759,0,2,0
L001581,0,0,0,0,0,0,0,0,0.0,8e-05,0.0055,0,0,0
L001582,0,0,0,0,0,0,1,1,0.00412,0.01674,0.01586,0,2,0
L001583,0,0,0,1,1,0,1,1,0.01813,0.03403,0.23208,1,3,1
L001584,0,0,0,0,0,0,1,1,0.0,0.01094,0.01684,0,2,0
L001585,0,0,0,0,0,0,1,0,0.00156,0.01368,0.00795,0,1,0
L001586,0,0,0,0,1,0,1,0,0.01522,0.0415,0.0,0,2,0
L001587,0,0,0,0,1,0,0,0,0.02591,0.0,0.0,0,1,0
L001588,0,0,1,1,0,0,1,1,0.00294,0.12184,0.4226,2,2,1
L001589,0,0,0,0,0,0,0,1,0.0,0.00157,0.04552,0,1,0
L001590,0,0,0,0,0,0,0,0,0.0,0.0,0.0,0,0,0
L001591,0,0,1,0,0,0,1,0,0.00193,0.05782,0.00932,1,1,1
L001592,0,1,0,0,0,1,0,1,0.0,0.00184,0.05053,1,2,1
L001593,0,0,0,0,0,0,1,1,0.00868,0.01316,0.03678,0,2,0
L001594,0,0,0,0,0,0,0,0,0.0,0.00137,0.0,0,0,0
L001595,0,0,0,0,0,0,0,0,0.0,0.00048,0.00657,0,0,0
L001596,0,1,0,0,1,1,1,1,0.0156,0.01538,0.02311,1,4,1
L001597,0,0,0,0,0,0,0,0,0.00707,0.0,0.0049,0,0,0
L001598,0,0,0,0,0,0,0,1,0.00279,0.00047,0.02138,0,1,0
L001599,0,0,0,0,0,0,0,0,0.0,0.00079,0.00657,0,0,0
L001600,0,0,0,0,1,0,0,0,0.07704,0.0,0.0,0,1,0
L001601,0,0,0,0,0,0,0,1,0.0,0.00054,0.01051,0,1,0
L001602,0,0,0,0,1,0,0,0,0.09933,0.00309,0.00816,0,1,0
L001603,0,0,0,0,0,0,0,0,0.0,0.00386,0.00154,0,0,0
L001604,0,0,1,0,0,0,1,1,0.0,0.10185,0.0376,1,2,1
L001605,0,0,0,0,0,0,0,0,0.0,0.0,0.00516,0,0,0
L001606,0,0,0,0,0,0,0,1,0.0,0.0,0.07103,0,1,0
L001607,0,0,0,0,0,0,0,1,0.0,0.00154,0.01449,0,1,0
L001608,0,0,0,0,0,0,0,0,0.00467,0.00112,0.0,0,0,0
L001609,0,0,0,0,0,0,1,1,0.0,0.011,0.01679,0,2,0
L001610,0,0,0,0,1,0,0,0,0.0192,0.00199,0.00179,0,1,0
L001611,0,0,1,0,1,0,1,0,0.02542,0.10207,0.0,1,2,1
L001612,0,0,0,0,0,0,1,0,0.0,0.03104,0.0,0,1,0
L001613,0,0,0,0,1,0,1,0,0.03154,0.00589,0.0,0,2,0
L001614,0,0,0,0,0,0,0,0,0.00502,0.0,0.00642,0,0,0
L001615,0,0,0,1,0,0,0,1,0.00477,0.00393,0.25119,1,1,1
L001616,0,0,0,0,0,0,0,0,0.0,0.00123,3e-05,0,0,0
L001617,0,0,0,0,1,0,1,1,0.01274,0.01023,0.06276,0,3,0
L001618,0,0,0,0,0,0,0,1,0.0,0.0,0.08079,0,1,0
L001619,0,0,0,0,0,0,0,0,0.0,0.00087,0.0,0,0,0
L001620,0,0,0,0,0,0,0,0,0.00258,0.0,0.0098,0,0,0
L001621,0,1,1,0,1,1,1,1,0.03529,0.05518,0.05833,2,4,1
L001622,0,0,1,0,0,0,1,0,0.00074,0.06216,0.0,1,1,1
L001623,0,1,0,0,0,1,1,1,0.00261,0.03791,0.01507,1,3,1
L001624,0,0,0,0,0,0,0,0,0.0,0.0,0.00112,0,0,0
L001625,0,0,0,0,1,0,0,1,0.0329,0.0,0.05054,0,2,0
L001626,0,0,0,0,0,0,1,1,0.0,0.04769,0.04962,0,2,0
L001627,0,0,0,0,0,0,1,1,0.00323,0.00802,0.01429,0,2,0
L001628,0,0,0,0,0,0,0,0,0.00732,0.00098,0.0,0,0,0
L001629,0,0,0,0,0,0,0,0,0.00016,0.00193,0.00259,0,0,0
L001630,0,0,0,0,0,0,1,1,0.00056,0.00888,0.03851,0,2,0
L001631,0,0,0,0,0,0,0,0,0.0,0.00342,0.00173,0,0,0
L001632,0,0,0,0,1,0,1,0,0.02958,0.04727,0.0,0,2,0
L001633,0,0,0,0,0,0,1,1,0.0,0.01604,0.03328,0,2,0
L001634,0,1,0,0,0,1,0,0,0.0,0.00162,0.00363,1,1,1
L001635,0,0,0,0,0,0,0,1,0.00627,0.0,0.01125,0,1,0
L001636,0,0,0,0,0,0,0,1,0.0,0.00137,0.01607,0,1,0
L001637,0,0,0,0,0,0,1,1,0.0,0.03067,0.04212,0,2,0
L001638,0,0,0,0,0,0,0,0,0.0003,0.00163,0.0,0,0,0
L001639,0,0,0,0,1,0,1,1,0.04937,0.01566,0.01601,0,3,0
L001640,0,0,0,0,0,0,1,0,0.0,0.04356,0.0,0,1,0
L001641,0,0,0,0,0,0,0,0,0.0,0.00099,0.0,0,0,0
L001642,0,0,0,0,0,0,0,1,0.00582,0.0,0.03288,0,1,0
L001643,0,0,0,0,0,0,0,0,0.00106,0.00265,0.00767,0,0,0
L001644,0,0,0,0,0,0,0,1,0.0,0.00126,0.06454,0,1,0
L001645,0,0,0,0,0,0,1,1,0.0,0.0388,0.03523,0,2,0
L001646,0,0,0,0,0,0,0,0,0.00082,0.0,0.0,0,0,0
L001647,0,0,0,1,0,0,0,1,0.00747,0.00077,0.59511,1,1,1
L001648,0,0,0,0,0,0,0,0,0.00166,0.0009,0.0,0,0,0
L001649,0,0,0,0,1,0,0,0,0.01572,0.0,0.0,0,1,0
L001650,0,0,0,0,0,0,0,0,0.00418,0.0,0.00119,0,0,0
L001651,0,1,1,0,1,1,1,1,0.0896,0.08032,0.01473,2,4,1
L001652,0,0,0,0,0,0,0,0,3e-05,0.0,0.00308,0,0,0
L001653,0,0,1,0,0,0,1,1,0.0,0.1317,0.04798,1,2,1
L001654,0,0,0,0,1,0,0,0,0.01864,0.00292,0.00253,0,1,0
L001655,0,1,0,0,1,1,1,1,0.02836,0.04437,0.05896,1,4,1
L001656,0,0,0,0,0,0,0,1,0.00276,0.0,0.01728,0,1,0
L001657,0,0,0,0,1,0,1,1,0.03891,0.03839,0.07829,0,3,0
L001658,0,1,0,0,1,1,0,1,0.04743,0.00073,0.09938,1,3,1
L001659,0,0,0,0,1,0,0,1,0.05132,0.0,0.03341,0,2,0
L001660,0,1,0,0,1,1,0,1,0.05661,0.00179,0.02972,1,3,1
L001661,0,0,1,0,0,0,1,1,0.0,0.2589,0.07204,1,2,1
L001662,0,0,0,0,0,0,1,0,0.0,0.01542,0.0,0,1,0
L001663,0,0,0,0,0,0,0,0,0.0,0.0,0.0,0,0,0
L001664,0,1,0,0,0,1,0,1,0.0,0.0,0.06487,1,2,1
L001665,0,0,0,0,0,0,0,0,0.00849,0.0,0.00033,0,0,0
L001666,0,0,0,0,0,0,0,0,0.0,0.0,0.00612,0,0,0
L001667,0,0,0,0,1,0,0,1,0.03629,0.0,0.09128,0,2,0
L001668,0,0,1,0,0,0,1,0,0.00053,0.06021,0.00695,1,1,1
L001669,0,1,1,1,1,1,1,1,0.02736,0.19095,0.5005,3,4,1
L001670,0,0,0,0,1,0,0,1,0.05344,0.00149,0.0128,0,2,0
L001671,0,0,0,0,0,0,0,0,0.0,0.0,0.0,0,0,0
L001672,0,0,1,0,0,0,1,1,0.0,0.06119,0.019,1,2,1
L001673,0,0,0,0,0,0,0,0,0.00191,0.0,0.0,0,0,0
L001674,0,0,0,0,0,0,0,1,0.00414,0.00276,0.0272,0,1,0
L001675,0,0,0,0,0,0,0,0,0.0055,0.0,0.00944,0,0,0
L001676,0,0,0,0,0,0,0,0,0.00536,0.0,0.0,0,0,0
L001677,0,0,0,0,0,0,1,1,0.00062,0.00622,0.09011,0,2,0
L001678,0,0,0,1,1,0,1,1,0.01865,0.02192,0.28144,1,3,1
L001679,1,1,0,1,1,1,1,1,0.10302,0.02874,0.38092,3,4,1
L001680,0,0,0,0,0,0,0,1,0.0,0.00094,0.02465,0,1,0
L001681,0,0,0,0,0,0,1,0,0.0,0.00587,0.0,0,1,0
L001682,0,1,0,1,1,1,1,1,0.01247,0.00545,0.18302,2,4,1
L001683,0,0,0,0,0,0,0,1,0.00076,0.00056,0.01472,0,1,0
L001684,0,0,0,0,1,0,1,0,0.0133,0.00662,0.0,0,2,0
L001685,0,0,0,0,0,0,0,0,0.0,0.00097,0.00447,0,0,0
L001686,0,0,0,0,0,0,0,1,0.0,0.0,0.01986,0,1,0
L001687,0,0,0,1,1,0,1,1,0.06984,0.03621,0.11482,1,3,1
L001688,0,0,0,0,0,0,1,1,0.00655,0.01325,0.06382,0,2,0
L001689,0,0,0,0,1,0,0,1,0.04149,0.0,0.04786,0,2,0
L001690,0,0,0,0,0,0,0,0,0.0,0.0,0.0,0,0,0
L001691,0,1,0,0,0,1,1,0,0.0,0.03352,0.0,1,2,1
L001692,0,0,0,0,0,0,0,0,0.0,0.0,0.0,0,0,0
L001693,0,0,0,0,0,0,0,0,0.00631,0.0,0.0,0,0,0
L001694,0,0,0,1,0,0,1,1,0.00207,0.01124,0.18817,1,2,1
L001695,0,0,0,0,0,0,0,0,0.0,0.0,0.00064,0,0,0
L001696,0,0,0,0,1,0,0,1,0.01166,0.0,0.09695,0,2,0
L001697,0,0,0,0,0,0,1,1,0.00397,0.04407,0.03975,0,2,0
L001698,0,0,0,0,0,0,0,0,0.00793,0.0,0.0,0,0,0
L001699,0,0,0,0,0,0,0,1,0.00231,0.00111,0.01326,0,1,0
L001700,0,0,0,1,0,0,1,1,0.0,0.0411,0.30397,1,2,1
L001701,0,0,0,1,1,0,1,1,0.01013,0.00824,0.36799,1,3,1
L001702,0,0,0,0,0,0,0,0,0.00203,0.0,0.00428,0,0,0
L001703,0,0,0,0,0,0,0,0,0.00335,0.0,0.0,0,0,0
L001704,0,0,0,0,0,0,0,0,0.0,0.00419,0.0,0,0,0
L001705,0,0,0,0,1,0,0,1,0.03786,0.0,0.08061,0,2,0
L001706,0,0,0,0,1,0,1,1,0.01314,0.0307,0.01574,0,3,0
L001707,0,0,0,0,1,0,0,0,0.01179,0.0,0.0,0,1,0
L001708,0,0,0,0,0,0,1,1,0.0,0.00777,0.05526,0,2,0
L001709,0,0,1,1,1,0,1,1,0.04182,0.16703,0.27189,2,3,1
L001710,0,0,0,0,0,0,1,1,0.0,0.01248,0.02036,0,2,0
L001711,0,0,0,0,1,0,0,0,0.01266,0.0,0.00113,0,1,0
L001712,0,1,0,1,1,1,0,1,0.01757,0.0,0.38016,2,3,1
L001713,0,0,0,0,0,0,0,0,0.0,0.00262,0.0,0,0,0
L001714,0,0,0,0,0,0,0,0,0.0,0.00018,0.0,0,0,0
L001715,0,0,1,1,0,0,1,1,0.0,0.06895,0.17391,2,2,1
L001716,0,1,1,0,0,1,1,0,0.0,0.0657,0.0,2,2,1
L001717,1,0,0,1,1,0,1,1,0.1229,0.03061,0.181,2,3,1
L001718,0,0,0,0,0,0,0,1,0.00252,0.0,0.04384,0,1,0
L001719,0,0,0,0,0,0,0,1,0.00675,0.0002,0.0447,0,1,0
L001720,0,0,0,0,0,0,0,0,0.0,0.0015,0.00482,0,0,0
L001721,0,0,0,0,0,0,0,0,0.0,0.0,0.00099,0,0,0
L001722,0,0,0,0,0,0,0,0,0.00546,0.00314,0.0,0,0,0
L001723,0,0,0,0,1,0,1,1,0.02339,0.02814,0.03701,0,3,0
L001724,0,0,0,0,0,0,0,0,0.00578,0.0,0.0,0,0,0
L001725,0,0,0,1,1,0,1,1,0.02906,0.00591,0.189,1,3,1
L001726,0,1,1,0,0,1,1,1,0.00167,0.10887,0.0233,2,3,1
L001727,0,0,0,0,0,0,0,0,0.00293,0.00047,0.0,0,0,0
L001728,0,0,0,1,1,0,1,1,0.01411,0.01452,0.18088,1,3,1
L001729,0,0,0,0,0,0,0,1,0.00385,0.00151,0.0502,0,1,0
L001730,0,1,0,0,1,1,1,1,0.02461,0.03078,0.08101,1,4,1
L001731,0,0,0,0,0,0,0,0,0.0,0.00056,0.0009,0,0,0
L001732,0,1,1,0,1,1,1,0,0.07976,0.0628,0.00424,2,3,1
L001733,0,0,1,0,0,0,1,1,0.0,0.05189,0.01431,1,2,1
L001734,0,0,0,0,1,0,0,0,0.01238,0.0,0.0,0,1,0
L001735,0,0,0,0,0,0,0,1,0.00841,0.0,0.02219,0,1,0
L001736,0,0,0,0,1,0,1,1,0.06644,0.03051,0.04502,0,3,0
L001737,0,1,0,0,0,1,0,0,0.00052,6e-05,0.0,1,1,1
L001738,0,0,0,0,0,0,0,1,0.0,0.00032,0.01317,0,1,0
L001739,0,0,0,0,0,0,1,1,0.00369,0.02658,0.01773,0,2,0
L001740,0,0,0,0,0,0,0,0,0.0,0.00084,0.0,0,0,0
L001741,0,0,0,0,0,0,1,1,0.00328,0.02556,0.03717,0,2,0
L001742,0,0,0,0,0,0,0,0,0.0,0.00494,0.0,0,0,0
L001743,0,0,0,0,0,0,0,0,0.0,0.0,0.0,0,0,0
L001744,0,0,0,0,0,0,0,0,0.00721,0.0,0.00408,0,0,0
L001745,0,0,0,0,0,0,0,0,0.0,0.00132,0.00482,0,0,0
L001746,0,0,0,0,1,0,0,1,0.0131,0.0005,0.05063,0,2,0
L001747,0,0,0,0,0,0,0,0,0.0,0.0,0.00471,0,0,0
L001748,0,0,0,0,0,0,0,1,0.0,0.0,0.05792,0,1,0
L001749,0,0,1,0,0,0,1,0,0.0,0.09085,0.0,1,1,1
L001750,0,0,0,0,0,0,0,0,0.0,0.0,0.0,0,0,0
L001751,0,1,0,0,0,1,1,1,0.0,0.02025,0.01638,1,3,1
L001752,0,0,0,0,0,0,0,0,0.00492,0.00109,0.00649,0,0,0
L001753,0,0,0,0,0,0,0,0,0.0,0.0,0.0,0,0,0
L001754,0,0,0,0,0,0,0,0,0.00276,0.0,0.0,0,0,0
L001755,0,0,0,0,1,0,1,1,0.04285,0.01962,0.04358,0,3,0
L001756,0,0,0,0,1,0,0,0,0.02453,0.00231,0.00233,0,1,0
L001757,0,1,1,0,0,1,1,1,0.0,0.08632,0.02463,2,3,1
L001758,0,0,0,0,0,0,0,0,0.00342,0.0,0.00326,0,0,0
L001759,0,0,0,0,0,0,0,0,0.0,0.0,0.0,0,0,0
L001760,0,0,0,0,0,0,0,0,0.0,0.00148,0.00011,0,0,0
L001761,0,0,0,0,0,0,0,0,0.0,0.00199,0.00718,0,0,0
L001762,0,0,0,0,0,0,1,1,0.0012,0.01749,0.03101,0,2,0
L001763,0,0,0,0,0,0,1,0,0.00404,0.03962,0.00525,0,1,0
L001764,0,0,0,0,1,0,1,1,0.02476,0.03172,0.02852,0,3,0
L001765,0,0,0,0,0,0,0,0,0.00368,0.00188,0.0025,0,0,0
L001766,0,0,0,0,0,0,0,0,0.0006,0.00333,0.00164,0,0,0
L001767,0,0,0,0,0,0,1,1,0.00826,0.01873,0.02567,0,2,0
L001768,0,0,0,1,1,0,0,1,0.02754,0.00179,0.16622,1,2,1
L001769,0,0,0,0,1,0,0,1,0.03278,0.00411,0.06455,0,2,0
L001770,0,0,0,0,1,0,0,0,0.0364,0.0,0.0,0,1,0
L001771,0,1,0,0,0,1,1,0,0.0,0.00623,0.0089,1,2,1
L001772,0,0,0,0,0,0,0,0,0.00154,0.00125,0.0,0,0,0
L001773,0,0,0,1,1,0,1,1,0.03573,0.01908,0.40567,1,3,1
L001774,0,0,0,0,0,0,0,0,0.00211,0.0,0.0,0,0,0
L001775,0,1,0,0,1,1,0,0,0.0246,0.00062,0.00145,1,2,1
L001776,1,1,0,0,1,1,1,1,0.16497,0.02158,0.06049,2,4,1
L001777,0,0,0,0,0,0,1,1,0.0,0.01689,0.02178,0,2,0
L001778,0,0,0,0,0,0,0,0,0.00219,0.00218,0.00322,0,0,0
L001779,0,0,0,0,0,0,0,0,0.0057,0.0,0.0,0,0,0
L001780,0,0,0,0,1,0,1,1,0.05622,0.03541,0.0313,0,3,0
L001781,0,0,0,0,1,0,0,1,0.04861,0.0,0.08614,0,2,0
L001782,0,0,0,0,1,0,0,1,0.02054,0.00199,0.01134,0,2,0
L001783,0,0,0,0,0,0,0,0,0.0,0.00133,0.00384,0,0,0
L001784,0,0,0,0,1,0,0,0,0.01729,0.0,0.0013,0,1,0
L001785,0,0,0,0,0,0,0,0,0.0047,0.00053,0.00047,0,0,0
L001786,0,0,0,0,0,0,0,0,0.00262,0.00445,0.0,0,0,0
L001787,0,0,0,0,0,0,1,1,0.00115,0.0427,0.04201,0,2,0
L001788,0,0,0,0,0,0,0,1,0.0,0.00143,0.0102,0,1,0
L001789,0,0,0,0,0,0,0,0,0.0,0.00127,0.0,0,0,0
L001790,0,0,0,0,0,0,0,0,0.0,0.0,0.00719,0,0,0
L001791,0,0,1,0,1,0,1,1,0.01182,0.06748,0.03739,1,3,1
L001792,0,0,0,0,0,0,1,0,0.0,0.03063,0.0022,0,1,0
L001793,0,0,0,0,1,0,1,0,0.0122,0.00507,0.0,0,2,0
L001794,0,0,0,0,0,0,0,1,0.00518,0.0,0.09507,0,1,0
L001795,0,0,0,0,0,0,0,0,0.0085,0.0022,0.00764,0,0,0
L001796,0,0,0,0,1,0,1,1,0.03264,0.034,0.07759,0,3,0
L001797,0,1,0,0,0,1,0,1,0.0,0.00199,0.02857,1,2,1
L001798,0,0,0,0,0,0,0,0,0.0,0.00407,0.0,0,0,0
L001799,0,0,0,0,1,0,0,1,0.04697,3e-05,0.01258,0,2,0
L001800,0,0,0,0,0,0,0,0,0.00148,0.0,0.00465,0,0,0
L001801,0,0,0,0,1,0,0,0,0.01178,0.0,0.0,0,1,0
L001802,0,0,0,0,0,0,0,0,0.002,0.0,0.0035,0,0,0
L001803,0,0,0,0,0,0,0,0,0.00137,0.0,0.00307,0,0,0
L001804,0,0,0,0,1,0,0,0,0.0512,0.00046,0.0,0,1,0
L001805,0,0,0,0,0,0,0,0,0.0,0.0,7e-05,0,0,0
L001806,0,0,0,0,0,0,0,0,0.0,0.00293,0.00489,0,0,0
L001807,0,0,0,0,0,0,1,1,0.0,0.01183,0.05,0,2,0
L001808,0,0,0,0,0,0,0,0,0.0,0.0,0.0,0,0,0
L001809,0,0,1,1,0,0,1,1,0.00103,0.1405,0.50817,2,2,1
L001810,0,0,0,0,0,0,0,0,0.00805,0.00422,0.00097,0,0,0
L001811,0,0,0,1,0,0,0,1,0.00594,0.00162,0.35339,1,1,1
L001812,0,0,0,0,0,0,0,0,0.0,0.0,0.0,0,0,0
L001813,0,1,1,0,0,1,1,0,0.00262,0.05294,0.00645,2,2,1
L001814,0,1,0,0,1,1,0,0,0.01204,0.0,0.0,1,2,1
L001815,0,0,0,0,0,0,1,1,0.00846,0.02126,0.02327,0,2,0
L001816,0,0,0,0,0,0,0,0,0.0,0.00242,0.00065,0,0,0
L001817,0,1,1,0,0,1,1,0,0.00012,0.07043,0.0,2,2,1
L001818,0,0,0,0,0,0,0,0,0.00126,0.0,0.0,0,0,0
L001819,0,0,0,0,0,0,0,0,0.00499,0.00177,0.0,0,0,0
L001820,0,0,0,0,0,0,0,0,0.0,0.0,0.00135,0,0,0
L001821,0,1,1,1,0,1,1,1,0.00199,0.45747,1.65496,3,3,1
L001822,0,0,0,0,1,0,0,0,0.01833,0.00218,0.00764,0,1,0
L001823,0,0,0,0,0,0,0,0,0.0,0.00152,0.0,0,0,0
L001824,0,0,0,0,0,0,0,0,0.0,0.00148,0.0,0,0,0
L001825,0,0,0,0,0,0,0,0,0.0,0.0,0.00124,0,0,0
L001826,0,1,1,0,0,1,1,0,0.0,0.17086,0.0,2,2,1
L001827,0,0,0,0,0,0,0,0,0.0062,0.00097,0.00595,0,0,0
L001828,0,0,0,0,0,0,0,0,0.0,0.0,0.0,0,0,0
L001829,0,0,0,0,0,0,0,0,0.0,0.0,0.0,0,0,0
L001830,0,0,0,0,0,0,0,0,0.0,0.0001,0.00356,0,0,0
L001831,0,1,1,0,1,1,1,0,0.01683,0.05122,0.0,2,3,1
L001832,0,0,0,0,0,0,1,0,0.00351,0.01706,0.00201,0,1,0
L001833,0,0,0,0,0,0,0,0,0.00121,0.00204,0.0,0,0,0
L001834,0,0,0,0,1,0,0,0,0.02444,0.00371,0.00464,0,1,0
L001835,0,0,0,0,1,0,1,0,0.01967,0.01607,0.00029,0,2,0
L001836,0,0,0,0,0,0,1,0,0.0,0.04239,0.0,0,1,0
L001837,0,0,0,0,0,0,0,0,0.0,0.00471,0.00613,0,0,0
L001838,0,0,0,0,1,0,0,0,0.03889,0.002,0.00039,0,1,0
L001839,0,0,0,0,1,0,1,1,0.0163,0.00986,0.05233,0,3,0
L001840,0,0,0,0,0,0,0,0,0.00796,0.0,0.0,0,0,0
L001841,0,0,0,0,0,0,0,0,0.0,0.0,0.0,0,0,0
L001842,0,0,0,0,0,0,0,0,0.0,0.00078,0.0,0,0,0
L001843,0,1,1,0,1,1,1,0,0.01536,0.05279,0.0,2,3,1
L001844,0,0,0,0,0,0,0,0,0.00273,0.00122,0.0,0,0,0
L001845,0,0,0,0,0,0,0,0,0.0,0.0,0.00606,0,0,0
L001846,0,0,0,0,0,0,0,0,0.0,0.0,0.00416,0,0,0
L001847,0,1,1,0,1,1,1,0,0.02609,0.06646,0.0,2,3,1
L001848,0,0,0,0,1,0,0,0,0.02648,0.00299,0.0,0,1,0
L001849,0,0,0,0,1,0,0,1,0.04886,0.00175,0.08124,0,2,0
L001850,0,0,0,0,1,0,0,0,0.02698,0.00045,0.0,0,1,0
L001851,0,0,1,1,0,0,1,1,0.00674,0.06549,0.15031,2,2,1
L001852,0,0,0,0,0,0,0,1,0.0,0.00148,0.01713,0,1,0
L001853,0,0,0,0,0,0,0,0,0.00726,0.0,0.0,0,0,0
L001854,0,0,0,0,1,0,0,1,0.03037,0.00056,0.05449,0,2,0
L001855,0,0,0,0,0,0,0,0,0.0,0.00295,0.0,0,0,0
L001856,0,1,0,0,0,1,0,1,0.0,0.00118,0.04979,1,2,1
L001857,0,0,1,0,0,0,1,0,0.0058,0.16886,0.0,1,1,1
L001858,0,0,0,0,0,0,0,0,0.00036,0.0,0.0,0,0,0
L001859,0,0,0,0,0,0,0,0,0.0,1e-05,0.0,0,0,0
L001860,0,0,0,0,0,0,0,0,0.00422,0.00163,0.00227,0,0,0
L001861,0,0,1,1,0,0,1,1,0.0,0.57918,0.33707,2,2,1
L001862,0,0,0,0,0,0,0,1,0.00275,0.0,0.01861,0,1,0
L001863,0,0,0,0,0,0,1,0,0.00114,0.04362,0.00178,0,1,0
L001864,0,0,0,0,1,0,0,0,0.02026,0.00254,0.00062,0,1,0
L001865,0,0,0,0,1,0,0,0,0.01023,0.0,0.0,0,1,0
L001866,0,0,0,0,0,0,0,0,0.0,0.0034,0.0007,0,0,0
L001867,0,0,0,0,0,0,0,0,0.0,0.0,0.0,0,0,0
L001868,0,0,0,0,0,0,0,0,0.0039,0.00176,0.00279,0,0,0
L001869,0,0,0,0,1,0,0,0,0.02727,0.00058,0.00074,0,1,0
L001870,0,1,0,0,1,1,1,1,0.03368,0.04251,0.07186,1,4,1
L001871,0,0,0,0,0,0,0,0,0.00243,0.0,0.0,0,0,0
L001872,0,1,1,0,1,1,1,1,0.03539,0.05139,0.09201,2,4,1
L001873,0,0,0,0,0,0,0,1,0.0,0.00014,0.04554,0,1,0
L001874,0,0,0,0,1,0,0,0,0.01167,0.0,0.00599,0,1,0
L001875,0,0,0,0,0,0,1,0,0.00011,0.04992,0.0,0,1,0
L001876,0,0,0,0,1,0,1,0,0.04382,0.00586,0.00177,0,2,0
L001877,0,0,0,0,0,0,0,0,0.0,0.00116,0.00265,0,0,0
L001878,0,0,0,0,0,0,0,1,0.00846,0.00179,0.0893,0,1,0
L001879,0,0,0,0,0,0,0,0,0.00474,0.0,0.0,0,0,0
L001880,0,0,0,0,0,0,1,0,0.0,0.04769,0.0,0,1,0
L001881,0,0,0,0,0,0,0,0,0.0,0.00381,0.00041,0,0,0
L001882,0,0,0,0,0,0,0,0,0.00047,0.0,0.0011,0,0,0
L001883,0,0,0,0,0,0,0,1,0.0,0.00294,0.05418,0,1,0
L001884,0,0,0,0,0,0,0,0,0.00514,0.00078,0.0,0,0,0
L001885,0,0,0,0,0,0,0,1,0.0,0.00155,0.09837,0,1,0
L001886,0,0,1,0,0,0,1,1,0.00295,0.10394,0.01024,1,2,1
L001887,0,0,1,0,0,0,1,0,0.0,0.07411,0.0,1,1,1
L001888,0,1,0,1,1,1,0,1,0.05473,0.0,0.26302,2,3,1
L001889,0,0,0,0,1,0,0,0,0.01454,0.00189,0.0,0,1,0
L001890,0,1,0,0,1,1,0,0,0.07557,0.0,0.00367,1,2,1
L001891,0,0,1,1,0,0,1,1,0.00574,0.06293,0.27229,2,2,1
L001892,0,0,0,0,1,0,0,0,0.04967,0.0,0.00095,0,1,0
L001893,0,0,0,0,0,0,1,1,0.0,0.01244,0.05915,0,2,0
L001894,0,1,0,0,0,1,0,0,0.0,0.00086,0.0,1,1,1
L001895,0,0,0,0,0,0,0,1,0.00623,0.00232,0.07466,0,1,0
L001896,0,0,0,0,1,0,0,1,0.09905,0.00068,0.02402,0,2,0
L001897,0,0,0,0,0,0,0,0,0.00359,0.0,0.0,0,0,0
L001898,0,0,0,0,0,0,1,0,0.00133,0.02149,0.0,0,1,0
L001899,0,1,0,0,0,1,0,0,0.0,0.0,0.0,1,1,1
L001900,0,0,0,0,0,0,0,0,0.0,0.00091,0.00559,0,0,0
L001901,0,1,1,1,1,1,1,1,0.0129,0.25014,0.51634,3,4,1
L001902,0,0,0,0,0,0,0,0,0.00247,0.00422,0.00656,0,0,0
L001903,0,0,0,0,0,0,0,1,0.00587,0.0,0.03897,0,1,0
L001904,0,0,0,0,1,0,0,0,0.01029,0.0,0.00108,0,1,0
L001905,0,0,0,0,0,0,0,0,0.0,0.00061,0.0,0,0,0
L001906,0,0,1,0,1,0,1,1,0.02957,0.13227,0.02822,1,3,1
L001907,0,0,1,0,1,0,1,1,0.0577,0.05702,0.04918,1,3,1
L001908,0,0,0,0,0,0,0,0,0.0,0.00225,0.0,0,0,0
L001909,0,0,0,0,0,0,0,1,0.0,0.00343,0.06892,0,1,0
L001910,0,1,0,0,0,1,1,0,0.0,0.01236,0.00061,1,2,1
L001911,0,0,0,0,0,0,0,0,0.00157,0.0,0.00519,0,0,0
L001912,0,0,0,0,0,0,0,0,0.0,0.00149,0.0,0,0,0
L001913,0,0,0,0,0,0,0,0,0.00183,0.0,0.00459,0,0,0
L001914,0,0,1,1,1,0,1,1,0.01458,0.09178,0.2635,2,3,1
L001915,0,0,0,0,0,0,1,0,0.0,0.02853,0.00075,0,1,0
L001916,0,0,0,0,1,0,1,1,0.03287,0.01053,0.01077,0,3,0
L001917,0,0,0,0,1,0,0,0,0.01031,0.0,0.00237,0,1,0
L001918,0,0,0,0,0,0,0,0,0.00191,0.0,0.0062,0,0,0
L001919,0,0,0,0,0,0,0,1,0.0,0.0002,0.07896,0,1,0
L001920,0,0,0,0,0,0,1,1,0.0,0.00684,0.01132,0,2,0
L001921,0,1,1,0,0,1,1,0,0.0,0.0824,0.0,2,2,1
L001922,0,0,1,1,0,0,1,1,0.0025,0.12807,0.3104,2,2,1
L001923,1,0,0,0,1,0,0,0,0.1064,0.0,0.00833,1,1,1
L001924,0,0,0,0,0,0,1,1,0.00031,0.02657,0.06945,0,2,0
L001925,0,0,1,0,0,0,1,0,0.0,0.05483,0.0052,1,1,1
L001926,0,0,0,0,0,0,0,1,0.00173,0.0,0.02379,0,1,0
L001927,0,0,0,0,0,0,0,0,0.00235,0.0,0.00685,0,0,0
L001928,0,0,0,0,0,0,0,0,0.00297,0.00046,0.0,0,0,0
L001929,0,0,0,0,1,0,0,1,0.01639,0.00204,0.02411,0,2,0
L001930,0,0,0,0,1,0,0,0,0.02847,0.0,0.00875,0,1,0
L001931,0,0,0,0,0,0,1,1,0.00411,0.03183,0.07759,0,2,0
L001932,0,0,0,0,0,0,0,0,0.0,0.00067,0.00549,0,0,0
L001933,0,0,0,0,0,0,0,0,0.0,0.00207,0.00597,0,0,0
L001934,0,0,0,0,0,0,0,1,0.00598,0.0,0.02183,0,1,0
L001935,0,0,0,0,0,0,0,0,0.0,0.00028,0.00393,0,0,0
L001936,0,1,1,1,1,1,1,1,0.01114,0.72989,0.85018,3,4,1
L001937,0,0,0,0,0,0,0,0,0.0,0.00296,0.0,0,0,0
L001938,0,1,0,0,0,1,1,0,0.0,0.03042,0.0,1,2,1
L001939,0,0,0,0,0,0,0,1,0.0,0.00306,0.04847,0,1,0
L001940,0,0,1,0,1,0,1,1,0.03691,0.10035,0.02755,1,3,1
L001941,0,0,0,0,0,0,1,1,0.00557,0.02436,0.05312,0,2,0
L001942,0,0,0,0,0,0,0,0,0.0,0.00051,0.00297,0,0,0
L001943,0,0,0,0,0,0,0,0,0.0,0.00116,0.0,0,0,0
L001944,0,0,0,0,1,0,1,1,0.03048,0.01349,0.02668,0,3,0
L001945,0,0,0,1,0,0,0,1,0.0,0.0,0.18664,1,1,1
L001946,0,0,0,0,1,0,1,1,0.01162,0.0306,0.0134,0,3,0
L001947,0,1,1,1,0,1,1,1,0.0014,0.29711,0.28335,3,3,1
L001948,0,0,0,0,0,0,1,0,0.00101,0.02643,0.0,0,1,0
L001949,0,0,0,0,0,0,0,1,0.00723,0.0,0.01625,0,1,0
L001950,0,0,0,0,0,0,0,0,0.0,0.00123,0.0,0,0,0
L001951,0,0,0,0,0,0,0,0,0.00083,0.00053,0.0,0,0,0
L001952,0,1,1,0,0,1,1,0,0.0027,0.05424,0.00115,2,2,1
L001953,0,0,0,0,0,0,0,0,0.0,0.0,0.0,0,0,0
L001954,0,0,0,0,0,0,0,0,0.0,0.00341,0.0,0,0,0
L001955,0,0,0,1,0,0,0,1,0.00213,0.00044,0.15542,1,1,1
L001956,0,1,1,1,1,1,1,1,0.0205,0.14379,0.12222,3,4,1
L001957,0,0,0,0,0,0,0,0,0.0,0.0,0.0,0,0,0
L001958,0,0,0,0,0,0,0,1,0.00178,0.0,0.017,0,1,0
L001959,0,1,0,0,0,1,0,0,0.00356,0.00132,0.0,1,1,1
L001960,0,0,0,0,0,0,0,0,0.0,0.0,0.0,0,0,0
L001961,0,0,1,0,0,0,1,1,0.0011,0.13735,0.02927,1,2,1
L001962,0,0,0,0,0,0,0,0,0.0,0.00428,0.0,0,0,0
L001963,0,0,0,0,0,0,0,0,0.0,0.00213,0.0,0,0,0
L001964,0,0,1,1,0,0,1,1,0.00535,0.12906,0.57008,2,2,1
L001965,0,0,0,0,0,0,1,0,0.0,0.04989,0.0,0,1,0
L001966,0,0,0,0,1,0,0,0,0.01066,0.00373,0.00266,0,1,0
L001967,0,0,0,0,0,0,0,0,0.0,0.0,0.0,0,0,0
L001968,0,0,0,0,0,0,0,0,0.0,0.00339,0.0,0,0,0
L001969,0,0,0,0,1,0,1,0,0.05295,0.02214,0.00073,0,2,0
L001970,0,0,1,1,0,0,1,1,0.0,0.05591,0.1977,2,2,1
L001971,0,0,0,0,0,0,0,0,0.0,0.00165,0.00347,0,0,0
L001972,0,0,0,0,1,0,0,0,0.02914,0.0,0.00552,0,1,0
L001973,0,0,0,0,0,0,0,1,0.00132,0.0,0.02295,0,1,0
L001974,0,0,0,0,1,0,0,0,0.06208,0.00312,0.006,0,1,0
L001975,0,0,0,0,1,0,1,0,0.04488,0.0145,0.0,0,2,0
L001976,0,0,0,0,0,0,0,0,0.0,0.0,0.00812,0,0,0
L001977,0,0,0,1,0,0,0,1,0.00157,0.0,0.14544,1,1,1
L001978,0,0,0,0,0,0,0,0,0.0,0.0,0.0,0,0,0
L001979,0,0,0,0,1,0,1,0,0.02512,0.03048,0.0,0,2,0
L001980,0,1,0,0,1,1,0,0,0.03651,0.00101,0.00809,1,2,1
L001981,0,0,0,0,0,0,0,0,0.00543,0.0,0.0,0,0,0
L001982,0,0,0,0,0,0,0,0,0.0,0.0,0.00679,0,0,0
L001983,0,0,0,0,0,0,0,0,0.00397,0.0,0.0,0,0,0
L001984,0,0,0,0,0,0,0,0,0.0,0.0,0.00391,0,0,0
L001985,0,0,0,0,0,0,0,0,0.0,0.0,0.0,0,0,0
L001986,0,0,0,0,1,0,0,0,0.04364,0.00157,0.0,0,1,0
L001987,0,0,0,0,0,0,0,1,0.00524,0.0,0.01343,0,1,0
L001988,0,0,0,0,0,0,0,0,0.00199,0.00434,0.0,0,0,0
L001989,0,0,0,0,0,0,0,1,0.0,0.00088,0.02173,0,1,0
L001990,0,0,0,0,0,0,1,0,0.0,0.01885,0.0,0,1,0
L001991,0,0,0,0,0,0,0,0,0.00283,4e-05,0.0,0,0,0
L001992,0,0,0,0,0,0,0,0,0.0009,0.0,0.00575,0,0,0
L001993,0,0,0,0,0,0,0,0,0.0,0.0,0.00992,0,0,0
L001994,0,0,0,0,1,0,0,0,0.01683,0.00094,0.00349,0,1,0
L001995,0,0,1,1,0,0,1,1,0.0,0.14109,0.15634,2,2,1
L001996,0,0,1,0,0,0,1,0,0.0,0.06308,0.0,1,1,1
L001997,0,0,1,0,0,0,1,1,0.0,0.0939,0.04547,1,2,1
L001998,0,1,1,0,1,1,1,1,0.05689,0.06046,0.09059,2,4,1
L001999,0,0,0,0,1,0,0,0,0.01496,0.00097,0.0026,0,1,0
L002000,0,0,0,0,0,0,0,0,0.00308,0.00098,0.00367,0,0,0
L002001,0,0,0,0,0,0,0,0,0.00653,0.0,0.00428,0,0,0
L002002,0,0,0,0,0,0,1,0,0.0,0.00525,0.00575,0,1,0
L002003,0,0,0,0,0,0,0,0,0.00405,0.0,0.00095,0,0,0
L002004,0,0,0,0,0,0,0,0,0.0,0.0,0.00763,0,0,0
L002005,0,0,0,0,0,0,0,0,0.0,0.00036,0.00777,0,0,0
L002006,0,0,1,0,1,0,1,0,0.02212,0.12786,0.00512,1,2,1
L002007,0,1,0,0,1,1,1,1,0.03458,0.00598,0.01464,1,4,1
L002008,0,0,0,0,0,0,0,0,0.0,0.00402,0.0,0,0,0
L002009,0,0,0,0,0,0,1,0,0.0,0.02523,0.00791,0,1,0
L002010,0,0,0,0,1,0,0,0,0.01089,0.0,0.0,0,1,0
L002011,0,0,0,0,0,0,1,0,0.00374,0.03713,0.0,0,1,0
L002012,0,0,0,0,0,0,0,1,0.00358,0.0,0.01122,0,1,0
L002013,0,1,0,1,1,1,1,1,0.06498,0.04688,0.19865,2,4,1
L002014,0,0,0,0,0,0,0,0,0.00318,0.00133,0.0,0,0,0
L002015,0,0,0,0,0,0,0,1,0.0,0.0,0.02861,0,1,0
L002016,0,0,1,0,0,0,1,1,0.00841,0.05225,0.01114,1,2,1
L002017,0,0,0,0,0,0,0,0,0.0,0.0,0.00209,0,0,0
L002018,0,0,0,0,0,0,0,1,0.00448,0.0,0.03881,0,1,0
L002019,0,0,0,0,0,0,1,1,0.00015,0.00732,0.02091,0,2,0
L002020,0,1,0,0,0,1,0,0,0.0,0.00083,0.00114,1,1,1
L002021,0,0,0,0,1,0,0,0,0.06173,0.0025,0.00197,0,1,0
L002022,0,0,0,0,0,0,0,0,0.0,0.00255,0.00192,0,0,0
L002023,0,0,0,0,1,0,0,1,0.01057,0.0,0.07508,0,2,0
L002024,0,0,0,0,0,0,0,1,0.0,0.00037,0.03655,0,1,0
L002025,0,0,0,0,0,0,0,1,0.00362,0.0,0.01871,0,1,0
L002026,0,0,0,0,0,0,0,0,0.00185,0.0,0.00156,0,0,0
L002027,0,0,0,0,0,0,0,0,0.0,0.00077,0.0,0,0,0
L002028,0,0,0,0,0,0,0,0,0.0,0.00011,0.00042,0,0,0
L002029,0,0,0,0,1,0,1,1,0.01273,0.00557,0.01194,0,3,0
L002030,0,0,0,0,0,0,0,0,0.0,0.0,0.0,0,0,0
L002031,0,0,0,0,0,0,0,0,0.0,0.00121,0.0,0,0,0
L002032,0,1,0,0,1,1,0,0,0.01038,0.00031,0.0,1,2,1
L002033,0,0,0,0,0,0,1,1,0.0,0.01964,0.02345,0,2,0
L002034,0,0,0,0,0,0,0,0,0.0,0.00021,0.0,0,0,0
L002035,0,0,0,0,0,0,0,1,0.00094,0.00062,0.01789,0,1,0
L002036,0,0,0,0,0,0,0,0,0.0,0.0,0.00074,0,0,0
L002037,0,0,0,0,0,0,0,0,0.00014,0.0021,0.00414,0,0,0
L002038,0,0,0,0,0,0,0,0,0.00663,0.00223,0.00428,0,0,0
L002039,0,1,0,1,0,1,0,1,0.0,0.00135,0.17361,2,2,1
L002040,0,0,0,0,0,0,0,0,0.00122,0.0,0.0,0,0,0
L002041,0,1,0,1,0,1,1,1,0.0,0.0427,0.14906,2,3,1
L002042,0,0,1,0,0,0,1,0,0.0,0.0503,0.00237,1,1,1
L002043,0,0,0,0,1,0,0,0,0.01543,0.0,0.00517,0,1,0
L002044,0,0,0,0,0,0,0,0,0.0,0.0,0.00337,0,0,0
L002045,0,0,0,0,0,0,0,0,0.0,0.0007,0.0,0,0,0
L002046,0,0,0,0,0,0,0,0,0.0,0.0,0.0036,0,0,0
L002047,0,0,0,0,0,0,0,1,0.0,0.0,0.02323,0,1,0
L002048,0,0,0,0,0,0,0,0,0.00275,0.00289,0.0,0,0,0
L002049,0,1,0,0,0,1,1,1,0.0,0.02216,0.03677,1,3,1
L002050,0,1,0,1,0,1,0,1,0.00496,0.00366,0.11344,2,2,1
L002051,0,0,0,0,0,0,0,0,0.00228,0.0036,0.0,0,0,0
L002052,0,0,0,0,0,0,0,0,0.00542,0.0,0.0,0,0,0
L002053,0,0,0,0,0,0,0,0,0.00875,0.0,0.00286,0,0,0
L002054,0,0,0,0,0,0,0,0,0.00046,0.0011,0.0,0,0,0
L002055,0,0,0,0,0,0,0,0,0.00651,0.00026,0.00449,0,0,0
L002056,0,0,0,0,0,0,0,0,0.0,0.0,0.00083,0,0,0
L002057,0,0,0,0,0,0,0,0,0.00324,0.0,0.00204,0,0,0
L002058,0,0,0,0,0,0,0,0,0.00916,0.0,0.0,0,0,0
L002059,0,0,0,0,0,0,0,0,0.0,0.0,0.0,0,0,0
L002060,0,0,0,0,0,0,0,0,0.00038,0.0,0.0,0,0,0
L002061,0,0,1,1,0,0,1,1,0.0079,0.07195,0.13897,2,2,1
L002062,0,0,0,0,1,0,0,0,0.01194,0.00305,0.00125,0,1,0
L002063,0,0,1,0,0,0,1,0,0.0,0.14406,0.0,1,1,1
L002064,0,0,0,0,0,0,0,0,0.0,0.0,0.00224,0,0,0
L002065,0,0,0,0,0,0,0,0,0.0,0.00153,0.00556,0,0,0
L002066,0,0,0,0,0,0,0,0,0.0021,0.00019,0.0001,0,0,0
L002067,0,1,0,1,0,1,0,1,0.00342,0.00345,0.19937,2,2,1
L002068,0,1,0,0,1,1,0,1,0.05729,0.0,0.04861,1,3,1
L002069,0,0,1,0,0,0,1,1,0.0,0.05939,0.0411,1,2,1
L002070,0,0,0,0,0,0,0,0,0.0,0.00016,0.0023,0,0,0
L002071,0,0,0,0,0,0,0,1,0.0001,0.0,0.034,0,1,0
L002072,0,0,0,0,0,0,1,0,0.0,0.01354,0.0,0,1,0
L002073,0,1,0,0,1,1,0,1,0.04108,0.00147,0.06586,1,3,1
L002074,0,0,0,0,0,0,0,0,0.0,0.00039,0.00189,0,0,0
L002075,0,0,0,0,0,0,1,0,0.00393,0.02825,0.0,0,1,0
L002076,0,0,0,0,0,0,0,1,0.0,0.0,0.04594,0,1,0
L002077,0,0,0,0,0,0,0,1,0.0,0.0,0.02394,0,1,0
L002078,0,0,1,0,0,0,1,0,0.0,0.06823,0.00467,1,1,1
L002079,0,0,0,0,1,0,1,1,0.02372,0.02634,0.04105,0,3,0
L002080,0,0,0,0,1,0,0,1,0.01464,0.00065,0.03936,0,2,0
L002081,0,0,0,0,0,0,0,0,0.0,0.0,0.00524,0,0,0
L002082,0,0,0,0,0,0,0,1,0.00227,0.0,0.01761,0,1,0
L002083,0,0,1,0,1,0,1,1,0.06314,0.12008,0.01771,1,3,1
L002084,0,0,0,0,1,0,0,1,0.03699,0.0,0.05137,0,2,0
L002085,0,0,0,0,0,0,0,0,0.0,0.00016,0.0,0,0,0
L002086,0,0,0,0,1,0,0,0,0.01258,0.0,0.00254,0,1,0
L002087,0,0,0,0,0,0,1,0,0.00917,0.01521,0.0,0,1,0
L002088,0,0,0,0,0,0,0,0,0.00346,0.0,0.0,0,0,0
L002089,0,0,0,0,0,0,0,0,0.00097,0.00029,0.00183,0,0,0
L002090,0,0,1,0,1,0,1,0,0.0244,0.06033,0.0,1,2,1
L002091,0,0,0,0,1,0,1,0,0.02068,0.01255,0.0,0,2,0
L002092,0,0,0,0,0,0,0,1,0.00778,0.00066,0.09548,0,1,0
L002093,0,1,0,0,0,1,1,1,0.0,0.03611,0.05054,1,3,1
L002094,0,0,0,0,0,0,0,0,0.0,0.0,0.00179,0,0,0
L002095,0,0,0,0,0,0,1,1,0.0,0.01061,0.05652,0,2,0
L002096,0,0,0,0,1,0,0,0,0.01764,0.0,0.0,0,1,0
L002097,0,0,0,0,0,0,0,0,0.0,0.00045,0.0,0,0,0
L002098,0,1,0,0,0,1,0,0,0.00995,0.0,0.0,1,1,1
L002099,0,0,0,0,0,0,0,0,0.00581,0.0,0.00288,0,0,0
L002100,0,1,0,0,1,1,1,1,0.04137,0.01207,0.05383,1,4,1
L002101,0,0,0,0,0,0,1,0,0.0,0.00524,0.0,0,1,0
L002102,0,0,1,0,0,0,1,1,0.00191,0.1422,0.03867,1,2,1
L002103,0,0,0,0,0,0,0,0,0.0,0.00241,0.0,0,0,0
L002104,0,0,0,0,0,0,0,0,0.00265,0.0,0.00405,0,0,0
L002105,0,0,0,0,0,0,0,0,0.0,0.00024,0.0,0,0,0
L002106,0,0,0,0,0,0,1,0,0.00049,0.02082,0.0,0,1,0
L002107,0,1,0,1,0,1,1,1,0.0,0.00727,0.11474,2,3,1
L002108,0,0,0,0,0,0,0,0,0.00785,0.00116,0.00394,0,0,0
L002109,0,0,0,0,1,0,0,1,0.02413,0.0,0.04093,0,2,0
L002110,0,0,0,0,0,0,0,0,0.0,0.0,0.00145,0,0,0
L002111,0,0,0,0,0,0,0,0,0.0,0.0,0.0,0,0,0
L002112,0,0,0,0,1,0,0,1,0.06191,0.00111,0.08642,0,2,0
L002113,0,0,0,0,0,0,0,0,0.0,0.0,0.00781,0,0,0
L002114,0,0,0,0,1,0,1,1,0.02098,0.02833,0.03308,0,3,0
L002115,0,0,0,0,0,0,1,0,0.00549,0.04118,0.003,0,1,0
L002116,0,0,0,0,0,0,0,0,0.0,0.00315,0.00097,0,0,0
L002117,0,1,0,0,1,1,1,1,0.01941,0.01243,0.01638,1,4,1
L002118,0,0,0,0,0,0,0,0,0.00281,0.00359,0.00836,0,0,0
L002119,0,0,1,0,0,0,1,1,0.0,0.06249,0.03814,1,2,1
L002120,0,0,0,0,0,0,1,0,0.00229,0.0162,0.0,0,1,0
L002121,0,0,0,0,1,0,1,0,0.0123,0.04242,0.0,0,2,0
L002122,0,0,0,0,1,0,0,1,0.03149,0.0026,0.0277,0,2,0
L002123,0,0,0,0,1,0,0,1,0.02053,0.00171,0.08515,0,2,0
L002124,0,0,0,1,0,0,0,1,0.0033,0.0041,0.2692,1,1,1
L002125,0,1,0,0,0,1,0,0,0.00024,0.0009,0.00718,1,1,1
L002126,0,1,0,0,1,1,0,1,0.02667,0.00445,0.02389,1,3,1
L002127,0,0,0,0,0,0,1,1,0.006,0.01138,0.06229,0,2,0
L002128,0,0,0,0,0,0,0,0,0.00134,0.0,0.0,0,0,0
L002129,0,0,0,0,0,0,0,0,0.00091,0.0,0.00546,0,0,0
L002130,0,0,0,0,0,0,0,0,0.00043,0.00094,0.0,0,0,0
L002131,0,0,0,0,0,0,1,1,0.0,0.01523,0.03841,0,2,0
L002132,0,0,0,0,1,0,0,0,0.02274,0.0,0.0,0,1,0
L002133,0,0,0,0,0,0,1,0,0.00544,0.02428,0.0,0,1,0
L002134,0,0,0,0,0,0,0,0,0.0,0.0,0.00618,0,0,0
L002135,0,0,0,0,0,0,0,1,0.0,0.00095,0.01509,0,1,0
L002136,0,0,0,1,0,0,0,1,0.0,0.0,0.11144,1,1,1
L002137,0,0,0,0,0,0,0,1,0.00521,0.0,0.0396,0,1,0
L002138,0,0,0,0,0,0,0,0,0.0026,0.0,0.0,0,0,0
L002139,0,0,0,0,0,0,0,0,0.0,0.0,0.0,0,0,0
L002140,0,0,0,0,0,0,0,0,0.00546,0.00187,0.00247,0,0,0
L002141,0,0,0,0,0,0,1,1,0.0,0.00875,0.01227,0,2,0
L002142,0,0,0,0,0,0,0,0,0.0,0.0,0.0,0,0,0
L002143,0,0,0,0,1,0,1,0,0.07504,0.04235,0.0,0,2,0
L002144,0,0,0,0,0,0,0,0,0.0,0.0,0.0,0,0,0
L002145,0,0,0,0,1,0,0,1,0.02057,0.0,0.0146,0,2,0
L002146,0,0,0,0,0,0,0,0,0.00194,0.0,0.0,0,0,0
L002147,0,0,0,0,0,0,0,0,0.00384,0.00166,0.00864,0,0,0
L002148,0,0,0,1,0,0,0,1,0.00813,0.00156,0.15832,1,1,1
L002149,0,0,0,0,0,0,1,1,0.0,0.04095,0.04485,0,2,0
L002150,0,0,0,0,0,0,0,0,0.0,0.0,0.00041,0,0,0
L002151,0,0,0,0,0,0,0,0,0.0,0.0,0.00594,0,0,0
L002152,0,0,1,0,0,0,1,1,0.0,0.14548,0.01396,1,2,1
L002153,0,0,0,0,0,0,0,0,0.00578,0.00013,0.00426,0,0,0
L002154,0,0,0,0,0,0,0,0,0.00277,0.00155,0.00475,0,0,0
L002155,0,0,1,0,0,0,1,0,0.00401,0.07298,0.00374,1,1,1
L002156,0,0,0,0,1,0,0,0,0.01439,0.00494,0.00258,0,1,0
L002157,0,0,0,0,0,0,1,0,0.00049,0.02075,0.0,0,1,0
L002158,0,0,1,0,1,0,1,0,0.04192,0.07475,0.00257,1,2,1
L002159,0,0,0,0,0,0,1,0,0.0,0.01637,0.00393,0,1,0
L002160,0,0,0,0,0,0,0,0,0.0,0.00181,0.0,0,0,0
L002161,0,1,0,0,1,1,1,1,0.03615,0.0223,0.06535,1,4,1
L002162,0,0,0,0,1,0,0,1,0.03142,0.00055,0.01089,0,2,0
L002163,0,0,0,0,0,0,0,0,0.0,0.0,0.00036,0,0,0
L002164,0,0,0,0,0,0,0,0,0.00719,0.0,0.0085,0,0,0
L002165,0,0,0,0,0,0,0,0,0.00234,0.00152,0.0,0,0,0
L002166,0,0,0,0,0,0,0,0,0.00557,0.0,0.00472,0,0,0
L002167,0,0,0,0,0,0,0,0,0.0,0.00212,0.00266,0,0,0
L002168,0,0,0,0,0,0,0,0,0.0,0.00027,0.0,0,0,0
L002169,0,0,0,0,0,0,0,0,0.0,0.00335,0.00093,0,0,0
L002170,0,1,0,0,0,1,0,0,0.00069,0.0,0.0,1,1,1
L002171,0,0,0,0,1,0,0,0,0.05332,0.00324,0.0,0,1,0
L002172,0,0,0,0,0,0,0,0,0.00932,0.0,0.0,0,0,0
L002173,0,1,1,0,0,1,1,0,0.00377,0.05351,0.0,2,2,1
L002174,0,0,0,0,0,0,0,0,0.0,8e-05,0.0,0,0,0
L002175,0,0,0,0,1,0,0,1,0.01961,0.00301,0.03357,0,2,0
L002176,0,0,0,0,0,0,1,1,0.00262,0.00705,0.03027,0,2,0
L002177,0,0,0,0,0,0,0,0,0.0,0.00031,0.00945,0,0,0
L002178,0,0,0,0,0,0,0,0,0.0,6e-05,0.0,0,0,0
L002179,0,1,0,0,1,1,1,1,0.08487,0.00819,0.01323,1,4,1
L002180,0,0,0,0,0,0,0,1,0.00693,0.0,0.02825,0,1,0
L002181,0,0,0,0,0,0,0,0,0.0,0.00045,0.0,0,0,0
L002182,0,0,0,1,1,0,0,1,0.01278,0.00297,0.33901,1,2,1
L002183,0,0,1,1,0,0,1,1,0.00457,0.05329,0.13723,2,2,1
L002184,0,0,0,0,0,0,0,0,0.0,0.00144,0.0,0,0,0
L002185,0,0,0,1,1,0,0,1,0.0567,0.00153,0.44124,1,2,1
L002186,0,0,0,0,1,0,0,0,0.03605,0.00175,0.0,0,1,0
L002187,0,1,0,0,1,1,1,0,0.02153,0.04447,0.0,1,3,1
L002188,0,0,0,0,0,0,0,0,0.0,0.0,0.0,0,0,0
L002189,1,0,0,1,1,0,0,1,0.28766,0.00033,0.76857,2,2,1
L002190,0,1,0,0,0,1,1,0,0.0,0.03873,0.00026,1,2,1
L002191,0,0,0,0,0,0,0,0,0.00461,0.0,0.0,0,0,0
L002192,0,0,0,0,0,0,1,1,0.00019,0.00992,0.02649,0,2,0
L002193,0,0,0,0,0,0,0,0,0.00403,0.0,0.0,0,0,0
L002194,0,0,0,0,1,0,1,1,0.01019,0.0433,0.05216,0,3,0
L002195,0,0,0,0,0,0,0,0,0.00545,0.00041,0.00581,0,0,0
L002196,0,0,0,0,1,0,0,0,0.03457,0.00194,0.0,0,1,0
L002197,0,0,0,0,0,0,0,0,0.0,0.00317,0.00614,0,0,0
L002198,0,0,0,0,1,0,1,1,0.04479,0.02621,0.04008,0,3,0
L002199,0,0,0,0,1,0,0,0,0.01774,0.00052,0.00588,0,1,0
L002200,0,0,0,0,0,0,0,0,0.0,0.00104,0.0,0,0,0
L002201,0,0,0,0,0,0,0,0,0.00048,0.00068,0.00126,0,0,0
L002202,0,0,0,0,0,0,0,0,0.0,0.0,0.00938,0,0,0
L002203,0,0,0,0,1,0,1,1,0.01118,0.03621,0.03359,0,3,0
L002204,0,0,0,0,0,0,0,0,0.0,0.00131,0.0,0,0,0
L002205,0,0,0,0,0,0,0,1,0.0024,0.0,0.01536,0,1,0
L002206,0,0,0,0,0,0,1,0,0.0,0.02848,0.00095,0,1,0
L002207,0,0,0,0,0,0,0,1,0.0052,0.0,0.04384,0,1,0
L002208,0,0,0,0,0,0,0,0,0.0,0.0,0.00053,0,0,0
L002209,0,1,1,0,0,1,1,1,0.00077,0.07262,0.078,2,3,1
L002210,0,0,0,0,0,0,0,1,0.0,0.0,0.03227,0,1,0
L002211,0,0,0,0,1,0,1,1,0.01316,0.02652,0.02613,0,3,0
L002212,0,0,0,0,0,0,0,0,0.00015,0.0,0.0,0,0,0
L002213,0,0,0,0,0,0,0,0,0.0,0.0,0.0,0,0,0
L002214,0,0,1,1,0,0,1,1,0.0,0.08376,0.10458,2,2,1
L002215,0,1,0,0,0,1,0,0,0.0,0.00204,0.0,1,1,1
L002216,0,0,0,0,0,0,0,0,0.0,0.0,0.0,0,0,0
L002217,0,0,0,0,1,0,0,1,0.01034,0.0035,0.026,0,2,0
L002218,0,1,0,0,1,1,1,0,0.02094,0.0492,0.00725,1,3,1
L002219,0,0,0,0,0,0,0,0,0.00934,0.0,0.00376,0,0,0
L002220,0,0,1,0,0,0,1,0,0.0,0.05195,0.00392,1,1,1
L002221,0,0,0,0,0,0,0,0,0.00512,0.00108,0.00441,0,0,0
L002222,0,0,0,0,0,0,0,0,0.0,0.0,0.0,0,0,0
L002223,0,0,0,0,0,0,1,1,0.0,0.01018,0.03012,0,2,0
L002224,0,0,0,0,0,0,0,0,0.0,0.0,0.00868,0,0,0
L002225,0,0,0,0,1,0,1,0,0.0265,0.04089,0.00467,0,2,0
L002226,0,0,0,0,0,0,1,1,0.0,0.02474,0.03316,0,2,0
L002227,0,0,0,0,0,0,0,0,0.0,0.0,0.0,0,0,0
L002228,0,0,0,0,0,0,0,0,0.00369,0.0,0.00516,0,0,0
L002229,0,0,0,0,0,0,0,0,0.00269,0.00299,0.0,0,0,0
L002230,0,0,0,0,0,0,1,1,0.00592,0.02773,0.02002,0,2,0
L002231,0,0,0,0,1,0,0,0,0.06034,0.00107,0.00562,0,1,0
L002232,0,0,0,0,1,0,1,1,0.04259,0.04392,0.02254,0,3,0
L002233,0,0,0,0,0,0,0,0,0.00111,0.0,0.00714,0,0,0
L002234,0,0,0,0,0,0,0,0,0.00224,0.0018,0.0053,0,0,0
L002235,0,0,0,0,1,0,0,0,0.02935,0.0,0.00473,0,1,0
L002236,0,0,0,0,0,0,0,0,0.00101,0.0,0.0,0,0,0
L002237,0,0,0,0,0,0,0,1,0.00186,0.00498,0.03682,0,1,0
L002238,0,0,0,0,1,0,1,1,0.01699,0.03623,0.03668,0,3,0
L002239,0,0,0,0,1,0,1,1,0.01227,0.02466,0.09675,0,3,0
L002240,0,1,1,0,1,1,1,1,0.01053,0.23552,0.06359,2,4,1
L002241,0,0,0,0,0,0,0,0,0.00512,0.0,0.00244,0,0,0
L002242,0,0,0,0,0,0,0,0,0.00291,1e-05,0.0,0,0,0
L002243,0,0,0,0,1,0,0,0,0.04867,0.0029,0.0,0,1,0
L002244,0,0,0,0,1,0,0,0,0.05,0.0,0.00479,0,1,0
L002245,0,0,0,0,0,0,0,0,0.00031,0.00313,0.0,0,0,0
L002246,0,0,0,0,0,0,0,0,0.00065,0.0,0.0013,0,0,0
L002247,0,0,0,0,1,0,0,0,0.01502,6e-05,0.00279,0,1,0
L002248,0,0,0,0,0,0,0,0,0.0,0.0,0.0,0,0,0
L002249,0,0,0,0,0,0,1,0,0.0,0.02143,0.00263,0,1,0
L002250,0,1,0,0,0,1,0,1,0.0,0.00067,0.04767,1,2,1
L002251,0,0,0,0,0,0,0,0,0.0,0.00394,0.0,0,0,0
L002252,0,0,0,0,0,0,0,0,0.0,0.00052,0.0,0,0,0
L002253,0,0,0,0,0,0,0,0,0.00061,0.00196,0.0,0,0,0
L002254,0,0,0,0,0,0,1,0,0.00345,0.01051,0.0,0,1,0
L002255,0,0,1,1,0,0,1,1,0.00225,0.07338,0.16108,2,2,1
L002256,0,0,0,0,0,0,1,0,0.0,0.00957,0.0,0,1,0
L002257,0,0,0,0,0,0,0,0,0.00104,0.0,0.00243,0,0,0
L002258,0,0,0,0,1,0,0,1,0.08998,0.0003,0.06616,0,2,0
L002259,0,0,0,0,0,0,0,1,0.00154,0.0,0.03078,0,1,0
L002260,0,0,0,0,0,0,0,0,0.00864,0.00093,0.00067,0,0,0
L002261,0,0,0,0,0,0,0,0,0.0,0.00246,0.00398,0,0,0
L002262,0,0,0,0,0,0,0,0,0.0,0.0,0.0,0,0,0
L002263,0,1,0,0,0,1,1,0,0.00466,0.04776,0.00145,1,2,1
L002264,0,1,0,0,1,1,1,0,0.01645,0.02614,0.0075,1,3,1
L002265,0,0,0,0,0,0,1,0,0.0,0.04154,0.00581,0,1,0
L002266,0,1,0,1,0,1,0,1,0.0,0.0,0.47589,2,2,1
L002267,0,0,0,0,0,0,0,1,0.0,0.00328,0.02314,0,1,0
L002268,0,1,0,0,0,1,1,1,0.0,0.01041,0.0364,1,3,1
L002269,0,0,1,1,0,0,1,1,0.0,0.26099,0.50067,2,2,1
L002270,0,0,0,0,1,0,1,1,0.01508,0.00923,0.05641,0,3,0
L002271,0,0,0,0,0,0,0,0,0.00193,0.0003,0.00248,0,0,0
L002272,0,0,0,0,0,0,0,0,0.0,0.0,0.0,0,0,0
L002273,0,0,0,0,0,0,0,0,0.00422,0.0,0.0,0,0,0
L002274,0,0,0,0,0,0,0,0,0.00221,0.00111,0.0,0,0,0
L002275,0,0,0,0,1,0,1,0,0.02149,0.02517,0.00858,0,2,0
L002276,0,0,0,0,0,0,0,1,0.00781,0.00177,0.02799,0,1,0
L002277,0,0,0,0,0,0,0,0,0.0,0.0,0.0,0,0,0
L002278,0,1,1,1,0,1,1,1,0.0,0.07776,0.28871,3,3,1
L002279,0,0,0,0,1,0,0,1,0.01209,0.00254,0.06009,0,2,0
L002280,0,0,0,0,0,0,0,0,0.0,0.0,0.00188,0,0,0
L002281,0,0,0,0,0,0,0,0,0.0,0.0,0.00563,0,0,0
L002282,0,0,0,0,0,0,0,0,0.00387,0.0,0.00153,0,0,0
L002283,0,0,0,0,0,0,0,0,0.0,0.0,0.00423,0,0,0
L002284,0,0,1,0,1,0,1,1,0.02814,0.0688,0.02241,1,3,1
L002285,0,0,0,0,0,0,0,0,0.00358,0.00403,0.00596,0,0,0
L002286,0,0,0,0,0,0,0,1,0.0,0.0,0.02545,0,1,0
L002287,0,0,0,0,0,0,0,0,0.00062,0.00238,0.00023,0,0,0
L002288,0,0,0,0,0,0,1,1,0.0,0.02014,0.09048,0,2,0
L002289,0,0,0,0,0,0,0,0,0.0,0.00038,0.0,0,0,0
L002290,0,1,0,0,1,1,0,0,0.01867,0.0,0.00432,1,2,1
L002291,0,0,0,0,1,0,0,0,0.0457,0.0,0.00499,0,1,0
L002292,0,0,0,0,1,0,0,0,0.05988,0.0,0.0,0,1,0
L002293,0,1,1,1,0,1,1,1,0.0,0.06449,0.51336,3,3,1
L002294,0,0,0,0,0,0,1,1,0.0,0.03873,0.09384,0,2,0
L002295,0,0,1,1,1,0,1,1,0.02675,0.1217,0.17389,2,3,1
L002296,0,0,0,0,0,0,0,0,0.00187,0.0,0.0,0,0,0
L002297,0,0,1,0,1,0,1,0,0.03386,0.06094,0.00609,1,2,1
L002298,0,0,0,0,1,0,1,1,0.04726,0.01049,0.01287,0,3,0
L002299,0,0,0,0,1,0,0,1,0.05946,0.00161,0.01038,0,2,0
L002300,0,0,0,0,0,0,1,1,0.00126,0.02055,0.01101,0,2,0
L002301,0,0,0,0,0,0,0,0,0.0,0.0,0.00235,0,0,0
L002302,0,0,0,0,1,0,1,0,0.03272,0.03055,0.00415,0,2,0
L002303,0,0,0,0,0,0,0,0,0.0,0.0,0.00765,0,0,0
L002304,0,0,0,1,0,0,1,1,0.00064,0.03152,0.10122,1,2,1
L002305,0,0,0,0,0,0,1,1,0.00427,0.00931,0.02232,0,2,0
L002306,0,0,0,0,0,0,0,1,0.0,0.00228,0.0161,0,1,0
L002307,0,0,0,0,0,0,0,0,0.0074,0.00155,0.00074,0,0,0
L002308,0,1,0,1,0,1,0,1,0.0,0.0,0.24728,2,2,1
L002309,0,0,0,0,1,0,0,0,0.01291,0.00101,0.0,0,1,0
L002310,0,0,1,0,0,0,1,1,0.0,0.07176,0.02189,1,2,1
L002311,0,0,1,0,1,0,1,1,0.03757,0.06728,0.02345,1,3,1
L002312,0,0,1,1,0,0,1,1,0.00037,0.40128,1.08296,2,2,1
L002313,0,0,0,0,0,0,0,0,0.0,0.00207,0.0,0,0,0
L002314,0,0,0,0,0,0,0,0,9e-05,0.00149,0.00313,0,0,0
L002315,0,0,0,0,0,0,0,0,0.0,0.00106,0.00374,0,0,0
L002316,0,0,0,0,0,0,0,0,0.00072,0.0,0.00496,0,0,0
L002317,0,0,0,0,0,0,0,0,0.0,0.00146,0.0,0,0,0
L002318,0,0,0,0,0,0,0,0,0.0,0.00264,0.00536,0,0,0
L002319,0,0,0,0,0,0,0,0,0.00275,0.00208,0.00066,0,0,0
L002320,0,0,0,0,1,0,0,1,0.02542,0.00396,0.01831,0,2,0
L002321,0,0,0,0,0,0,0,0,0.0,0.0,0.00266,0,0,0
L002322,0,1,1,0,0,1,1,1,0.00584,0.06657,0.05971,2,3,1
L002323,0,0,0,0,1,0,0,1,0.02801,0.0,0.02963,0,2,0
L002324,0,0,0,0,0,0,1,1,0.00309,0.01766,0.02405,0,2,0
L002325,0,0,0,0,1,0,1,0,0.02202,0.01415,0.00557,0,2,0
L002326,0,0,1,0,0,0,1,1,0.00223,0.08625,0.03748,1,2,1
L002327,0,0,0,0,0,0,0,0,0.0,0.00337,0.00346,0,0,0
L002328,0,0,0,0,0,0,0,0,0.00152,0.00183,0.0,0,0,0
L002329,0,0,0,0,1,0,1,1,0.07697,0.02992,0.03405,0,3,0
L002330,0,0,0,0,1,0,0,0,0.02665,0.0,0.00674,0,1,0
L002331,0,0,1,0,1,0,1,0,0.068,0.16544,0.0,1,2,1
L002332,0,0,0,0,1,0,0,1,0.02237,0.0,0.01999,0,2,0
L002333,0,0,0,0,0,0,0,0,0.00151,0.0,0.00231,0,0,0
L002334,1,0,0,1,1,0,0,1,0.13088,0.0,0.24115,2,2,1
L002335,1,0,0,1,1,0,0,1,0.13983,0.00052,0.10542,2,2,1
L002336,0,0,1,0,0,0,1,0,0.0,0.12896,0.00118,1,1,1
L002337,0,0,0,0,0,0,0,0,0.00482,0.0,0.00417,0,0,0
L002338,0,0,0,0,1,0,1,1,0.03677,0.04041,0.06456,0,3,0
L002339,0,0,0,0,0,0,0,0,0.0,0.00255,0.00238,0,0,0
L002340,0,0,0,0,0,0,1,0,0.0007,0.00728,0.0,0,1,0
L002341,0,0,0,0,1,0,0,0,0.02103,0.0,0.00244,0,1,0
L002342,0,0,0,0,0,0,0,0,0.0,0.0,0.0,0,0,0
L002343,0,1,1,1,0,1,1,1,0.00721,0.06922,0.38696,3,3,1
L002344,0,0,0,0,0,0,0,0,0.0,0.0,0.00257,0,0,0
L002345,0,0,0,0,0,0,0,0,0.0,0.00015,0.0,0,0,0
L002346,0,0,0,1,0,0,1,1,0.00627,0.0399,0.10325,1,2,1
L002347,0,0,0,0,1,0,1,0,0.02644,0.02535,0.00425,0,2,0
L002348,0,0,1,1,0,0,1,1,0.00385,0.08871,0.15991,2,2,1
L002349,0,0,1,0,0,0,1,0,0.00505,0.08523,0.0,1,1,1
L002350,0,1,0,0,0,1,1,1,0.00224,0.01511,0.03401,1,3,1
L002351,0,0,0,0,0,0,1,0,0.0,0.0287,0.0,0,1,0
L002352,0,0,0,0,1,0,0,1,0.03446,0.0,0.04043,0,2,0
L002353,0,0,0,0,0,0,0,1,0.0,0.0,0.01488,0,1,0
L002354,0,0,0,0,0,0,0,0,0.0,0.0,0.00414,0,0,0
L002355,0,1,0,0,0,1,1,1,0.00217,0.0331,0.01717,1,3,1
L002356,0,0,0,1,0,0,0,1,0.00219,0.00202,0.3455,1,1,1
L002357,0,0,0,0,0,0,0,1,0.00286,0.0,0.04343,0,1,0
L002358,0,0,0,0,0,0,0,0,0.00191,0.00117,0.0,0,0,0
L002359,0,0,0,0,0,0,0,0,0.00341,0.00035,0.00417,0,0,0
L002360,0,0,0,0,0,0,0,0,0.0029,0.00209,0.0,0,0,0
L002361,0,0,0,0,0,0,0,1,0.0,0.0,0.04571,0,1,0
L002362,0,0,0,0,0,0,0,0,0.0,0.0,0.00102,0,0,0
L002363,0,0,0,0,0,0,0,0,0.0,0.0008,0.0,0,0,0
L002364,0,1,0,0,1,1,1,1,0.03697,0.02609,0.02052,1,4,1
L002365,0,0,0,0,0,0,0,1,6e-05,0.001,0.01943,0,1,0
L002366,0,0,0,0,1,0,0,0,0.0162,0.0,0.0,0,1,0
L002367,0,0,0,0,0,0,0,0,0.00591,0.00261,0.00124,0,0,0
L002368,0,0,0,0,0,0,0,0,0.00312,0.0,0.0,0,0,0
L002369,0,0,0,0,0,0,0,1,0.01,0.00032,0.01078,0,1,0
L002370,0,0,0,0,1,0,0,1,0.01799,5e-05,0.07032,0,2,0
L002371,0,0,0,0,0,0,0,0,0.0,0.0,0.0,0,0,0
L002372,0,0,1,0,0,0,1,1,0.0,0.0868,0.07783,1,2,1
L002373,0,0,0,0,0,0,0,1,0.0,0.0,0.06432,0,1,0
L002374,0,0,0,0,1,0,0,0,0.01212,0.00055,0.00339,0,1,0
L002375,0,0,0,0,0,0,0,1,0.0,0.00071,0.01748,0,1,0
L002376,0,0,0,0,0,0,0,0,0.0,0.00068,0.0,0,0,0
L002377,0,0,0,0,0,0,1,0,0.00462,0.00606,0.00727,0,1,0
L002378,0,1,1,0,1,1,1,1,0.02864,0.09107,0.06263,2,4,1
L002379,0,0,0,0,0,0,0,0,0.00359,0.00062,0.00279,0,0,0
L002380,0,0,1,0,0,0,1,1,0.00238,0.05146,0.02747,1,2,1
L002381,0,0,0,0,0,0,1,0,0.00014,0.01643,0.0,0,1,0
L002382,0,0,0,0,0,0,0,0,0.0064,0.0,0.00515,0,0,0
L002383,0,0,0,0,0,0,0,0,0.00308,0.0,0.0,0,0,0
L002384,0,0,0,0,0,0,0,0,0.0,0.0,0.0,0,0,0
L002385,0,0,0,0,1,0,1,0,0.0297,0.02144,0.00767,0,2,0
L002386,0,0,1,0,0,0,1,1,0.0,0.10726,0.02178,1,2,1
L002387,0,0,0,0,0,0,0,0,0.0,0.00138,0.0,0,0,0
L002388,0,0,0,0,0,0,0,0,0.00439,0.0022,0.00724,0,0,0
L002389,0,0,0,0,1,0,0,1,0.08817,0.00068,0.04225,0,2,0
L002390,0,0,0,0,1,0,0,0,0.03011,0.00055,0.0,0,1,0
L002391,0,0,0,0,1,0,0,1,0.01184,9e-05,0.01917,0,2,0
L002392,0,0,1,0,0,0,1,1,0.00469,0.22017,0.01885,1,2,1
L002393,0,0,0,0,0,0,1,0,0.00403,0.00865,0.0,0,1,0
L002394,0,0,0,0,0,0,0,0,0.00214,0.00054,0.00015,0,0,0
L002395,0,0,1,0,0,0,1,1,0.00462,0.05987,0.03786,1,2,1
L002396,0,0,0,0,0,0,0,1,5e-05,0.00184,0.05771,0,1,0
L002397,0,0,0,0,0,0,1,1,0.0,0.01941,0.04951,0,2,0
L002398,0,0,0,0,0,0,0,0,0.0,0.00036,0.0,0,0,0
L002399,0,0,1,0,0,0,1,1,0.00478,0.10132,0.02473,1,2,1
L002400,0,0,0,0,1,0,1,0,0.03424,0.01131,0.00688,0,2,0
L002401,0,0,0,0,0,0,0,0,0.00489,0.0013,0.00418,0,0,0
L002402,0,0,0,0,0,0,0,0,0.00365,0.0011,0.00119,0,0,0
L002403,0,1,0,0,0,1,1,1,0.0,0.03209,0.06783,1,3,1
L002404,0,0,0,0,0,0,0,0,0.00935,0.0,0.0,0,0,0
L002405,0,0,0,0,0,0,0,0,0.00149,0.0,0.0,0,0,0
L002406,0,0,1,0,0,0,1,1,0.00968,0.05272,0.04118,1,2,1
L002407,0,0,0,0,1,0,1,1,0.01822,0.01459,0.03394,0,3,0
L002408,0,0,0,0,0,0,1,0,0.00397,0.01441,0.00515,0,1,0
L002409,0,0,1,0,1,0,1,0,0.0223,0.45446,0.0,1,2,1
L002410,0,0,1,1,1,0,1,1,0.01779,0.60887,0.94552,2,3,1
L002411,0,0,0,0,0,0,1,1,0.00417,0.0353,0.04488,0,2,0
L002412,0,0,0,0,0,0,0,0,0.00499,0.0,0.00338,0,0,0
L002413,0,0,0,0,1,0,1,0,0.02317,0.01337,0.0,0,2,0
L002414,0,1,1,1,0,1,1,1,0.0,0.1389,0.37107,3,3,1
L002415,0,0,0,0,1,0,0,1,0.09865,0.00211,0.06993,0,2,0
L002416,0,0,0,0,1,0,0,1,0.02578,0.0,0.0131,0,2,0
L002417,0,0,0,0,0,0,0,0,0.00293,0.0,0.0,0,0,0
L002418,0,0,0,0,0,0,0,0,0.00461,0.0,0.00526,0,0,0
L002419,0,0,0,0,0,0,0,0,0.0,0.0,0.0,0,0,0
L002420,0,0,0,0,0,0,0,0,0.0,0.0021,0.0,0,0,0
L002421,0,0,0,0,1,0,0,0,0.05224,0.0,0.0,0,1,0
L002422,0,0,0,0,1,0,1,1,0.01671,0.02002,0.01006,0,3,0
L002423,0,0,1,0,1,0,1,1,0.01676,0.05999,0.02156,1,3,1
L002424,0,0,0,0,0,0,0,1,0.00557,0.0,0.08164,0,1,0
L002425,0,0,0,0,0,0,1,0,0.00233,0.02172,0.00115,0,1,0
L002426,0,1,0,0,1,1,0,1,0.04016,0.00223,0.07818,1,3,1
L002427,0,0,0,0,1,0,1,0,0.08475,0.03565,0.00282,0,2,0
L002428,0,0,0,0,1,0,0,1,0.04826,0.00251,0.03205,0,2,0
L002429,0,0,0,0,0,0,0,0,0.0,0.0,0.0,0,0,0
L002430,0,1,0,0,1,1,1,1,0.03696,0.02966,0.0115,1,4,1
L002431,0,0,0,0,0,0,0,1,0.00515,0.00043,0.01517,0,1,0
L002432,0,0,0,0,0,0,0,0,0.00217,0.0,0.00305,0,0,0
L002433,0,0,0,0,0,0,0,0,0.00452,0.0,0.0,0,0,0
L002434,0,0,0,0,0,0,1,0,0.00305,0.01265,0.0,0,1,0
L002435,0,0,0,0,1,0,1,1,0.01732,0.02644,0.03733,0,3,0
L002436,0,0,0,0,1,0,0,1,0.01464,0.00048,0.02131,0,2,0
L002437,1,0,0,0,1,0,1,1,0.14045,0.02759,0.01379,1,3,1
L002438,0,0,0,0,0,0,1,1,0.00557,0.00773,0.03862,0,2,0
L002439,0,0,0,0,1,0,0,0,0.03656,0.00127,0.00113,0,1,0
L002440,0,0,0,0,0,0,0,0,0.00323,0.00107,0.00236,0,0,0
L002441,0,0,0,0,0,0,0,0,0.0,0.00267,0.0,0,0,0
L002442,0,1,0,0,0,1,0,1,0.00127,0.0,0.04688,1,2,1
L002443,0,1,0,0,1,1,0,0,0.03398,0.00028,0.00549,1,2,1
L002444,0,0,0,0,0,0,0,1,0.0,0.0,0.04324,0,1,0
L002445,0,0,0,0,1,0,1,0,0.05229,0.01263,0.00595,0,2,0
L002446,0,0,0,0,0,0,0,0,0.0,0.0,0.0,0,0,0
L002447,0,0,0,0,0,0,0,1,0.0,0.00142,0.01791,0,1,0
L002448,0,1,0,0,0,1,1,0,0.00583,0.02668,0.00907,1,2,1
L002449,0,0,0,0,1,0,0,1,0.01432,0.00126,0.06279,0,2,0
L002450,0,0,0,1,0,0,1,1,0.00964,0.02601,0.19033,1,2,1
L002451,0,0,0,0,0,0,0,1,0.0,0.0,0.02348,0,1,0
L002452,0,1,0,0,0,1,0,0,0.00132,0.00245,0.00171,1,1,1
L002453,0,0,0,0,1,0,0,0,0.0161,0.00323,0.0,0,1,0
L002454,0,0,0,1,0,0,0,1,0.00268,0.0,0.17984,1,1,1
L002455,0,0,0,0,0,0,0,1,0.0015,0.00126,0.04069,0,1,0
L002456,0,0,0,0,0,0,1,1,0.00241,0.02596,0.0121,0,2,0
L002457,0,0,0,0,0,0,0,0,0.00712,0.00228,0.0,0,0,0
L002458,0,0,0,0,0,0,0,0,0.00488,0.00063,0.0,0,0,0
L002459,0,0,0,0,0,0,1,1,0.00341,0.01786,0.03565,0,2,0
L002460,0,0,0,0,0,0,0,0,0.0,0.00157,0.00113,0,0,0
L002461,0,1,0,0,1,1,1,1,0.0168,0.03381,0.04675,1,4,1
L002462,0,0,0,0,0,0,0,0,0.00277,0.0,0.00357,0,0,0
L002463,0,0,0,0,0,0,0,0,0.00333,0.0,0.00478,0,0,0
L002464,0,0,0,0,1,0,1,0,0.01193,0.04428,0.0,0,2,0
L002465,1,0,0,1,1,0,1,1,0.10016,0.03969,0.16379,2,3,1
L002466,0,0,0,0,1,0,0,0,0.01538,0.00049,0.0,0,1,0
L002467,0,0,0,0,0,0,0,0,0.00143,0.00057,0.0,0,0,0
L002468,0,1,0,0,1,1,0,0,0.04838,0.00496,0.0058,1,2,1
L002469,0,0,0,0,0,0,0,0,0.0,0.0,0.0,0,0,0
L002470,0,0,0,0,0,0,0,0,0.0,0.0035,0.0,0,0,0
L002471,0,0,0,0,0,0,0,0,0.00594,0.0,0.00286,0,0,0
L002472,0,0,0,0,0,0,0,0,0.0,0.0,0.0,0,0,0
L002473,0,0,0,0,0,0,0,0,0.0005,0.00135,0.0,0,0,0
L002474,0,0,0,0,0,0,0,0,0.00398,0.0,0.00024,0,0,0
L002475,0,0,0,0,0,0,0,1,0.00046,0.00045,0.01252,0,1,0
L002476,0,0,0,0,1,0,1,1,0.02793,0.01578,0.05248,0,3,0
L002477,0,0,0,0,0,0,0,0,0.0,0.00121,0.00278,0,0,0
L002478,0,1,0,0,0,1,1,1,0.0,0.03609,0.07338,1,3,1
L002479,0,0,0,0,0,0,0,0,0.00123,0.0,0.0,0,0,0
L002480,0,0,0,0,0,0,1,0,0.0,0.0164,0.0,0,1,0
L002481,0,0,0,0,0,0,1,1,0.0,0.02756,0.01867,0,2,0
L002482,0,0,0,0,0,0,0,0,0.00306,0.0,0.0,0,0,0
L002483,0,0,0,0,1,0,0,0,0.01054,0.00074,0.00395,0,1,0
L002484,0,0,1,0,0,0,1,1,0.0,0.09836,0.04297,1,2,1
L002485,0,0,0,0,1,0,0,0,0.01676,0.0,0.0,0,1,0
L002486,0,0,0,0,0,0,1,1,0.0,0.01039,0.09879,0,2,0
L002487,0,0,1,0,0,0,1,1,0.00266,0.0745,0.04304,1,2,1
L002488,0,0,0,0,0,0,0,0,0.0,6e-05,0.00772,0,0,0
L002489,0,0,1,0,0,0,1,0,0.0,0.10881,0.00093,1,1,1
L002490,0,0,0,0,1,0,0,0,0.01503,0.0,0.0,0,1,0
L002491,0,1,0,0,1,1,1,1,0.04213,0.01274,0.01067,1,4,1
L002492,0,0,0,0,1,0,0,1,0.02944,0.0,0.0368,0,2,0
L002493,0,0,0,0,0,0,0,0,0.0014,0.0,0.0,0,0,0
L002494,0,1,0,0,0,1,1,1,0.00222,0.00639,0.04957,1,3,1
L002495,0,0,0,0,1,0,0,0,0.06077,0.0,0.00933,0,1,0
L002496,0,0,0,0,0,0,0,0,0.0,0.00127,0.00101,0,0,0
L002497,0,0,0,0,0,0,0,0,0.0,0.0,0.00275,0,0,0
L002498,1,0,0,1,1,0,0,1,0.3718,8e-05,0.72959,2,2,1
L002499,0,0,0,0,0,0,0,1,0.00081,0.003,0.01216,0,1,0
L002500,0,0,0,0,0,0,0,0,0.00232,0.0,0.0,0,0,0
L002501,0,0,0,0,0,0,0,0,0.00341,0.0,0.00849,0,0,0
L002502,0,0,0,0,0,0,0,0,0.0,0.00053,0.0,0,0,0
L002503,0,0,0,0,0,0,0,1,0.00705,0.0,0.01631,0,1,0
L002504,0,0,1,1,0,0,1,1,0.0,0.41595,0.41641,2,2,1
L002505,0,0,0,0,0,0,0,0,0.0,0.0,0.00156,0,0,0
L002506,0,1,0,1,1,1,1,1,0.02549,0.00686,0.15519,2,4,1
L002507,0,0,0,0,0,0,1,1,0.0,0.00981,0.03859,0,2,0
L002508,0,0,0,0,0,0,1,0,0.00243,0.02225,0.00684,0,1,0
L002509,0,0,0,0,0,0,0,0,0.00089,0.00067,0.00738,0,0,0
L002510,0,1,0,0,0,1,0,0,0.0067,0.0022,0.0,1,1,1
L002511,0,0,0,0,0,0,1,1,0.00333,0.04733,0.09547,0,2,0
L002512,0,0,0,0,0,0,1,1,0.00399,0.03023,0.03487,0,2,0
L002513,0,0,0,0,0,0,0,0,0.00076,0.0,0.00252,0,0,0
L002514,0,0,1,1,1,0,1,1,0.01147,0.08978,0.43057,2,3,1
L002515,0,0,0,0,0,0,1,0,0.0,0.00567,0.0,0,1,0
L002516,0,0,0,0,0,0,0,0,0.00188,0.00121,0.00215,0,0,0
L002517,0,0,0,0,0,0,0,0,0.0,0.0,0.00562,0,0,0
L002518,0,0,0,0,1,0,1,0,0.02058,0.01531,0.00454,0,2,0
L002519,0,0,0,0,0,0,0,0,0.0,0.0,0.00942,0,0,0
L002520,0,0,0,0,1,0,0,0,0.04791,0.0,0.00016,0,1,0
L002521,0,1,0,0,0,1,0,0,0.0,0.0,0.0,1,1,1
L002522,0,0,0,0,1,0,1,1,0.04314,0.01948,0.05529,0,3,0
L002523,0,0,0,0,0,0,0,0,0.0,0.0,0.00916,0,0,0
L002524,0,0,0,0,0,0,0,0,0.0,0.0,0.0,0,0,0
L002525,0,0,0,0,1,0,1,1,0.06039,0.01535,0.08157,0,3,0
L002526,0,0,0,0,0,0,0,0,0.00806,0.0,0.00141,0,0,0
L002527,0,0,0,0,0,0,0,0,0.0,0.00455,0.0,0,0,0
L002528,0,0,0,0,0,0,0,1,0.0,0.0,0.07772,0,1,0
L002529,0,0,0,0,0,0,0,0,0.0,0.00272,0.00104,0,0,0
L002530,0,0,0,0,0,0,0,1,0.0,0.0,0.01821,0,1,0
L002531,0,0,0,0,1,0,1,1,0.04634,0.0092,0.03256,0,3,0
L002532,0,0,1,1,0,0,1,1,0.0,0.05515,0.15209,2,2,1
L002533,0,0,0,0,0,0,0,0,0.00177,0.00121,0.0,0,0,0
L002534,0,0,1,1,0,0,1,1,0.0,0.25407,0.29299,2,2,1
L002535,0,0,0,1,0,0,1,1,0.0,0.02341,0.8292,1,2,1
L002536,0,0,0,0,0,0,0,0,0.0,0.0,0.0,0,0,0
L002537,0,0,0,0,0,0,0,0,0.0,0.0,0.00112,0,0,0
L002538,0,0,0,0,0,0,0,0,0.0,0.0,0.00181,0,0,0
L002539,0,0,0,0,1,0,1,1,0.07868,0.02847,0.08516,0,3,0
L002540,0,1,0,1,1,1,1,1,0.02873,0.021,0.1001,2,4,1
L002541,0,0,0,0,0,0,0,1,0.00722,0.0,0.03425,0,1,0
L002542,0,0,0,0,0,0,0,0,0.0,0.00329,0.0076,0,0,0
L002543,0,0,0,0,0,0,0,0,0.0,0.0,0.00337,0,0,0
L002544,0,0,0,1,0,0,0,1,0.0,0.00108,0.33103,1,1,1
L002545,0,0,0,0,0,0,0,1,0.00276,0.00081,0.01023,0,1,0
L002546,0,0,0,0,0,0,0,1,0.0,0.0,0.01004,0,1,0
L002547,0,0,0,0,1,0,1,1,0.01794,0.0149,0.04754,0,3,0
L002548,0,1,1,0,1,1,1,0,0.03518,0.06437,0.00666,2,3,1
L002549,0,0,0,0,0,0,0,0,0.00042,0.00228,0.00533,0,0,0
L002550,0,0,0,0,0,0,0,0,0.00423,0.00442,0.0,0,0,0
L002551,0,0,0,0,0,0,0,0,0.0,0.0,0.0,0,0,0
L002552,0,0,0,0,0,0,0,0,0.0,0.00066,0.00264,0,0,0
L002553,0,0,0,0,0,0,0,0,0.0,0.00223,0.00286,0,0,0
L002554,0,0,0,0,1,0,1,0,0.06845,0.01306,0.00363,0,2,0
L002555,0,0,0,0,0,0,0,1,0.0,0.0,0.02057,0,1,0
L002556,0,0,0,0,0,0,0,0,0.00513,0.00088,0.0,0,0,0
L002557,0,0,0,0,0,0,1,0,0.00151,0.03807,0.0,0,1,0
L002558,0,0,0,0,0,0,0,0,0.0,0.00054,0.0,0,0,0
L002559,0,0,0,0,0,0,0,0,0.00197,0.0,0.0,0,0,0
L002560,0,0,0,1,0,0,0,1,0.00292,0.00272,0.18025,1,1,1
L002561,0,0,0,1,1,0,1,1,0.03983,0.00732,0.37956,1,3,1
L002562,0,1,0,0,0,1,0,0,0.0,0.0,0.0,1,1,1
L002563,0,0,0,0,0,0,0,0,0.0,0.00264,0.0,0,0,0
L002564,0,0,0,0,0,0,0,0,0.00319,0.0,0.00163,0,0,0
L002565,0,0,0,0,0,0,0,0,0.00058,0.0,0.0,0,0,0
L002566,0,0,0,0,0,0,0,0,0.00039,0.0,0.0,0,0,0
L002567,0,0,0,0,0,0,0,0,0.0,0.00041,0.00079,0,0,0
L002568,0,0,0,0,1,0,0,0,0.01138,0.00047,0.00296,0,1,0
L002569,0,0,0,0,1,0,0,0,0.0419,0.00169,0.0,0,1,0
L002570,0,0,0,0,0,0,0,0,0.0,0.0,0.0,0,0,0
L002571,0,0,0,0,0,0,0,0,0.0,0.0,0.0,0,0,0
L002572,0,1,0,0,0,1,0,1,0.0,0.0,0.04045,1,2,1
L002573,0,1,0,0,0,1,1,0,0.00472,0.00576,0.0,1,2,1
L002574,0,0,0,0,0,0,1,0,0.0,0.01892,0.00033,0,1,0
L002575,0,0,0,0,1,0,0,0,0.01932,0.00181,0.0,0,1,0
L002576,0,0,0,0,1,0,0,0,0.01376,0.00075,0.00034,0,1,0
L002577,0,0,0,1,0,0,0,1,0.00448,0.0,0.1471,1,1,1
L002578,0,0,0,0,0,0,0,0,0.00072,0.0,0.0,0,0,0
L002579,0,0,0,0,1,0,1,0,0.01188,0.00641,0.00256,0,2,0
L002580,0,0,0,0,0,0,0,0,0.00276,0.00061,0.00145,0,0,0
L002581,0,0,0,0,0,0,1,0,0.00276,0.00635,0.0,0,1,0
L002582,0,0,0,0,0,0,0,0,0.0,0.00397,0.0,0,0,0
L002583,0,0,0,0,0,0,1,1,0.00726,0.03423,0.04421,0,2,0
L002584,0,0,0,0,0,0,1,1,0.0,0.00786,0.04689,0,2,0
L002585,0,0,0,0,0,0,0,0,0.0,0.00179,0.0068,0,0,0
L002586,0,0,0,0,0,0,0,0,0.0,0.0,0.00364,0,0,0
L002587,0,0,0,0,1,0,0,0,0.03113,0.00283,0.00502,0,1,0
L002588,0,0,0,0,1,0,1,0,0.01217,0.04197,0.0,0,2,0
L002589,0,0,1,0,1,0,1,0,0.02205,0.11605,0.00396,1,2,1
L002590,0,1,1,0,1,1,1,1,0.01479,0.05604,0.02481,2,4,1
L002591,0,0,0,0,0,0,0,1,0.0,0.0,0.01709,0,1,0
L002592,0,0,0,0,1,0,1,1,0.01075,0.04909,0.01196,0,3,0
L002593,0,1,1,0,0,1,1,1,0.00779,0.12208,0.02175,2,3,1
L002594,0,0,0,0,1,0,0,0,0.02547,0.0,0.0,0,1,0
L002595,1,0,0,0,1,0,0,0,0.18984,0.00353,0.00875,1,1,1
L002596,0,0,0,0,1,0,0,0,0.011,0.00122,0.00569,0,1,0
L002597,0,0,0,0,1,0,0,0,0.05834,0.0,0.00074,0,1,0
L002598,0,0,0,0,1,0,0,0,0.01844,0.0,0.0,0,1,0
L002599,0,0,0,0,0,0,0,0,0.0,9e-05,0.00801,0,0,0
L002600,0,0,0,0,0,0,0,0,0.0,0.00184,7e-05,0,0,0
L002601,0,0,0,0,0,0,0,0,0.0,0.00301,0.00157,0,0,0
L002602,0,0,0,0,0,0,0,0,0.00424,0.0027,0.0,0,0,0
L002603,0,0,0,0,0,0,0,0,0.0,0.00378,0.0,0,0,0
L002604,0,0,0,0,0,0,0,0,0.0,0.0,0.00192,0,0,0
L002605,0,0,0,0,0,0,0,0,0.0026,0.0,0.0,0,0,0
L002606,0,0,0,0,0,0,0,0,0.00252,0.00245,0.00278,0,0,0
L002607,0,1,0,0,0,1,0,0,0.00938,0.00278,0.0,1,1,1
L002608,0,0,0,0,0,0,0,0,0.0,0.00145,0.0,0,0,0
L002609,0,0,0,0,1,0,0,1,0.01568,0.00369,0.01752,0,2,0
L002610,0,0,0,0,1,0,1,0,0.02946,0.00586,0.00061,0,2,0
L002611,0,0,0,0,0,0,1,0,0.00496,0.03827,0.0,0,1,0
L002612,0,0,1,0,0,0,1,0,0.00421,0.10434,0.0,1,1,1
L002613,0,0,0,0,1,0,0,0,0.05454,0.00062,0.0,0,1,0
L002614,0,0,0,0,0,0,0,0,0.0,0.0,0.00356,0,0,0
L002615,0,0,0,0,0,0,0,1,0.00107,0.00142,0.03654,0,1,0
L002616,0,0,0,0,0,0,0,0,0.0,0.0035,0.0,0,0,0
L002617,0,1,0,0,0,1,0,0,0.0,0.0,0.00511,1,1,1
L002618,0,0,0,0,0,0,0,0,0.00138,0.00255,0.0,0,0,0
L002619,0,1,1,1,0,1,1,1,0.00062,0.12263,0.15004,3,3,1
L002620,0,0,0,1,1,0,0,1,0.01298,0.0,0.17217,1,2,1
L002621,0,1,0,0,1,1,0,1,0.03563,0.0011,0.02595,1,3,1
L002622,0,0,0,0,0,0,0,0,0.00489,0.00391,0.00297,0,0,0
L002623,0,0,1,0,0,0,1,0,0.0,0.14162,0.00315,1,1,1
L002624,0,0,0,0,0,0,0,0,0.0,0.0,0.0,0,0,0
L002625,0,0,0,0,0,0,1,0,0.00248,0.01594,0.0,0,1,0
L002626,0,0,0,0,0,0,1,0,0.00441,0.03687,0.0,0,1,0
L002627,0,0,1,0,0,0,1,0,0.00158,0.0522,0.0,1,1,1
L002628,0,0,0,0,1,0,1,1,0.06129,0.00895,0.06959,0,3,0
L002629,0,0,0,0,0,0,0,0,0.0,0.0,0.0,0,0,0
L002630,0,1,0,0,0,1,0,0,0.0,0.0,0.0,1,1,1
L002631,0,1,0,0,0,1,0,1,0.00292,0.0,0.04818,1,2,1
L002632,0,0,0,0,1,0,1,1,0.04321,0.03924,0.09978,0,3,0
L002633,0,0,0,0,0,0,0,1,0.00169,0.0,0.02214,0,1,0
L002634,0,0,0,0,0,0,1,0,0.00038,0.03639,0.0032,0,1,0
L002635,0,0,1,0,0,0,1,1,0.0023,0.06135,0.05783,1,2,1
L002636,0,0,0,0,0,0,0,0,0.0,0.0,0.0,0,0,0
L002637,0,0,0,0,0,0,0,0,0.00498,0.00074,0.00132,0,0,0
L002638,0,0,1,1,1,0,1,1,0.02641,0.06459,0.24807,2,3,1
L002639,0,0,0,0,1,0,0,1,0.01178,0.0,0.03187,0,2,0
L002640,0,0,0,0,0,0,0,0,0.00061,0.00136,0.00049,0,0,0
L002641,0,0,0,1,0,0,0,1,0.00546,0.0,0.24871,1,1,1
L002642,0,0,1,0,1,0,1,1,0.04016,0.09623,0.02236,1,3,1
L002643,0,0,0,0,0,0,0,0,0.0,0.00301,0.00526,0,0,0
L002644,0,0,0,0,1,0,1,1,0.01108,0.03946,0.0161,0,3,0
L002645,0,0,1,0,1,0,1,1,0.04925,0.11924,0.02422,1,3,1
L002646,0,0,0,0,1,0,0,0,0.04016,0.00403,0.0,0,1,0
L002647,0,0,1,0,1,0,1,0,0.02394,0.104,0.0,1,2,1
L002648,0,0,0,0,0,0,0,0,0.00595,0.00046,0.0,0,0,0
L002649,0,0,0,0,0,0,0,0,0.0039,0.0,0.0,0,0,0
L002650,0,0,0,0,0,0,0,1,0.0,0.0,0.0545,0,1,0
L002651,0,0,0,0,0,0,0,0,0.0,0.0,0.00049,0,0,0
L002652,0,1,0,0,0,1,1,0,0.0,0.01368,0.0,1,2,1
L002653,0,0,0,0,0,0,0,0,0.0,0.0,0.00553,0,0,0
L002654,0,0,0,0,1,0,1,0,0.04812,0.0271,0.0,0,2,0
L002655,0,0,0,0,1,0,1,1,0.04951,0.01195,0.01659,0,3,0
L002656,0,0,0,0,1,0,1,1,0.03342,0.02068,0.02644,0,3,0
L002657,0,0,0,0,0,0,0,0,0.0,0.0,0.00048,0,0,0
L002658,0,0,0,0,0,0,0,0,0.00863,0.00163,0.00112,0,0,0
L002659,0,0,1,1,0,0,1,1,0.00372,0.15685,0.38945,2,2,1
L002660,0,0,0,0,0,0,0,0,0.0,0.00283,0.0,0,0,0
L002661,0,0,1,0,0,0,1,1,0.00685,0.06892,0.01154,1,2,1
L002662,0,0,0,0,0,0,0,1,0.00172,0.0,0.01309,0,1,0
L002663,0,0,0,0,0,0,0,0,0.0,0.00355,0.0,0,0,0
L002664,0,0,0,1,0,0,0,1,0.0,0.0,0.16128,1,1,1
L002665,0,0,0,0,0,0,0,1,0.0,0.0,0.01046,0,1,0
L002666,0,0,0,1,0,0,1,1,0.0,0.01157,0.22571,1,2,1
L002667,1,0,0,0,1,0,1,0,0.11861,0.02952,0.00713,1,2,1
L002668,0,1,0,0,0,1,1,1,0.00928,0.01053,0.03937,1,3,1
L002669,0,0,0,0,0,0,0,0,0.00679,0.00151,0.00217,0,0,0
L002670,0,0,1,0,0,0,1,1,0.0,0.06342,0.0229,1,2,1
L002671,0,0,1,0,0,0,1,0,0.00512,0.15316,0.0,1,1,1
L002672,0,0,0,0,0,0,0,0,0.0052,0.00359,0.0,0,0,0
L002673,0,0,0,0,0,0,0,0,0.0,0.0,0.0,0,0,0
L002674,0,0,0,0,1,0,1,0,0.04158,0.01171,0.00982,0,2,0
L002675,0,0,0,0,0,0,0,0,0.00253,0.0,0.0,0,0,0
L002676,0,0,0,0,0,0,0,0,0.00328,0.00108,0.0,0,0,0
L002677,0,0,0,0,1,0,0,0,0.01689,0.00133,0.0,0,1,0
L002678,0,1,1,0,0,1,1,0,0.00191,0.11862,0.00726,2,2,1
L002679,0,0,0,1,0,0,0,1,0.0,0.00074,0.14486,1,1,1
L002680,0,0,1,0,1,0,1,1,0.02366,0.07013,0.03352,1,3,1
L002681,0,0,0,0,0,0,0,0,0.00146,0.0,0.0,0,0,0
L002682,0,0,0,0,0,0,0,0,0.00385,0.00087,0.00253,0,0,0
L002683,0,0,0,0,0,0,1,1,0.00321,0.04947,0.01166,0,2,0
L002684,0,0,0,0,0,0,0,0,0.00356,0.0,0.00112,0,0,0
L002685,0,0,0,0,0,0,0,0,0.0,0.0,0.0,0,0,0
L002686,0,0,0,1,0,0,0,1,0.0,0.00086,0.33041,1,1,1
L002687,0,0,0,0,1,0,1,1,0.0112,0.00838,0.02226,0,3,0
L002688,0,0,0,0,0,0,0,0,0.0089,0.0,0.00707,0,0,0
L002689,0,0,0,0,1,0,0,1,0.03355,0.0,0.0231,0,2,0
L002690,0,0,0,0,0,0,0,1,0.00549,0.00103,0.06171,0,1,0
L002691,0,1,0,0,0,1,0,0,0.00601,0.00334,0.0,1,1,1
L002692,0,0,1,1,0,0,1,1,0.0,0.15261,0.93524,2,2,1
L002693,0,0,0,0,0,0,0,0,0.00124,0.00233,0.0,0,0,0
L002694,0,0,0,0,0,0,1,0,0.0,0.01349,0.00044,0,1,0
L002695,0,0,0,0,0,0,0,0,0.0,0.00429,0.0,0,0,0
L002696,0,0,0,0,1,0,1,1,0.01321,0.02926,0.02745,0,3,0
L002697,0,0,0,1,1,0,0,1,0.05787,0.00054,0.14168,1,2,1
L002698,0,0,0,0,0,0,0,0,0.00097,0.0,0.00739,0,0,0
L002699,0,0,0,0,0,0,0,0,0.0,0.00103,0.00556,0,0,0
L002700,0,0,0,0,1,0,1,0,0.03284,0.02261,0.0,0,2,0
L002701,0,0,0,0,0,0,0,0,0.00854,0.0,0.00205,0,0,0
L002702,0,0,0,0,0,0,0,0,0.00719,0.00173,0.00495,0,0,0
L002703,0,0,0,0,0,0,0,1,0.0,0.00066,0.02473,0,1,0
L002704,0,0,0,0,0,0,0,0,0.0,0.0,0.00086,0,0,0
L002705,0,0,0,0,1,0,1,1,0.04772,0.0202,0.01647,0,3,0
L002706,0,0,0,0,0,0,0,0,0.0,0.00141,0.00994,0,0,0
L002707,0,0,0,0,1,0,0,0,0.01271,0.00049,0.00082,0,1,0
L002708,0,1,0,0,0,1,1,1,0.0,0.00978,0.02783,1,3,1
L002709,0,0,0,0,0,0,1,0,0.00416,0.01124,0.00059,0,1,0
L002710,0,1,0,0,0,1,1,0,0.00301,0.02591,0.0,1,2,1
L002711,1,0,0,0,1,0,0,0,0.10015,0.0,0.0,1,1,1
L002712,0,1,1,1,0,1,1,1,0.00199,0.51714,0.87084,3,3,1
L002713,0,1,1,1,1,1,1,1,0.03246,0.33618,0.61448,3,4,1
L002714,0,0,0,0,1,0,0,0,0.01075,0.0,0.0,0,1,0
L002715,0,0,0,0,0,0,0,0,0.00596,7e-05,0.00669,0,0,0
L002716,0,1,0,0,0,1,0,0,0.0,0.0,0.0,1,1,1
L002717,0,0,0,0,0,0,0,0,0.0,0.0,0.00291,0,0,0
L002718,0,0,0,0,0,0,1,0,0.00748,0.00589,0.00066,0,1,0
L002719,0,0,0,0,0,0,0,0,0.00205,0.0,0.0,0,0,0
L002720,0,0,1,0,1,0,1,1,0.0734,0.05621,0.02217,1,3,1
L002721,0,0,1,0,1,0,1,1,0.03843,0.05486,0.01443,1,3,1
L002722,0,0,0,0,0,0,0,0,0.0,0.00197,0.0018,0,0,0
L002723,0,0,0,0,0,0,0,1,0.0,0.0,0.04916,0,1,0
L002724,0,0,0,1,0,0,1,1,0.00263,0.03841,0.22599,1,2,1
L002725,0,0,0,0,0,0,0,0,0.0,0.0,0.0,0,0,0
L002726,0,0,0,0,0,0,0,0,0.0,0.0,0.00731,0,0,0
L002727,0,0,0,0,0,0,0,0,0.0,0.0,0.0079,0,0,0
L002728,0,0,0,0,0,0,0,0,0.00248,0.00256,0.0,0,0,0
L002729,0,0,0,0,0,0,0,0,0.0,0.0,0.00279,0,0,0
L002730,0,0,0,0,0,0,0,0,0.0,0.0,0.00134,0,0,0
L002731,0,0,0,0,1,0,1,1,0.01044,0.00528,0.01495,0,3,0
L002732,0,0,0,0,1,0,0,0,0.01444,0.00267,0.00348,0,1,0
L002733,0,0,0,0,0,0,0,0,0.0,0.00099,0.00645,0,0,0
L002734,0,0,1,0,0,0,1,0,0.00891,0.07091,0.0,1,1,1
L002735,0,0,0,0,1,0,1,1,0.03837,0.03652,0.02432,0,3,0
L002736,0,0,0,0,0,0,0,0,0.0,0.0,0.0044,0,0,0
L002737,0,0,0,0,0,0,1,1,0.00105,0.01468,0.05572,0,2,0
L002738,0,0,0,0,0,0,0,0,0.0,0.00066,0.00181,0,0,0
L002739,0,1,0,0,0,1,0,0,0.00916,0.0,9e-05,1,1,1
L002740,0,0,0,0,0,0,1,0,0.0,0.03041,0.00057,0,1,0
L002741,0,0,1,0,1,0,1,1,0.04748,0.23178,0.01366,1,3,1
L002742,0,0,0,0,0,0,0,0,0.00515,0.0,0.00224,0,0,0
L002743,0,0,0,0,0,0,0,0,0.0,0.0,0.0,0,0,0
L002744,0,0,0,0,1,0,0,1,0.03743,0.00129,0.04419,0,2,0
L002745,0,0,0,0,1,0,0,0,0.02141,0.0,0.0,0,1,0
L002746,0,0,0,0,0,0,0,0,0.0,0.0,0.00748,0,0,0
L002747,0,0,0,0,0,0,0,0,0.0,0.00156,0.00204,0,0,0
L002748,0,0,0,0,0,0,0,0,0.0,0.0,0.0,0,0,0
L002749,0,0,1,1,0,0,1,1,0.00202,0.24865,0.46302,2,2,1
L002750,0,0,1,0,1,0,1,1,0.01777,0.06204,0.03531,1,3,1
L002751,0,0,0,0,0,0,0,0,0.0,0.00051,0.00296,0,0,0
L002752,0,0,0,0,0,0,0,1,0.00545,0.00083,0.0734,0,1,0
L002753,0,0,0,0,0,0,0,0,0.00141,0.0,0.00721,0,0,0
L002754,0,0,0,0,0,0,0,0,0.0,0.0014,0.00207,0,0,0
L002755,0,0,0,0,0,0,0,0,0.00362,0.0,0.0,0,0,0
L002756,0,0,0,0,1,0,1,0,0.02895,0.01635,0.00666,0,2,0
L002757,0,0,0,0,0,0,0,0,0.0,0.0,0.0,0,0,0
L002758,0,0,0,0,0,0,1,1,0.00113,0.02173,0.02146,0,2,0
L002759,0,0,0,0,0,0,0,1,0.0,0.0,0.03192,0,1,0
L002760,0,0,0,0,0,0,0,0,0.0,0.0,0.0,0,0,0
L002761,0,0,0,0,1,0,0,0,0.03688,0.0,0.00186,0,1,0
L002762,0,0,0,0,0,0,0,0,0.0,0.0,0.00145,0,0,0
L002763,0,0,0,0,1,0,1,0,0.01551,0.01234,0.00416,0,2,0
L002764,0,0,0,0,0,0,1,0,0.00628,0.01602,0.00079,0,1,0
L002765,0,0,0,0,0,0,0,0,0.0,0.00084,0.0,0,0,0
L002766,0,0,0,0,1,0,0,0,0.01492,0.0,0.00364,0,1,0
L002767,0,0,0,0,0,0,0,1,0.0,0.00075,0.04413,0,1,0
L002768,0,0,0,0,1,0,1,0,0.01641,0.04857,0.00243,0,2,0
L002769,0,0,0,0,0,0,0,0,0.0,8e-05,0.0,0,0,0
L002770,0,0,0,0,0,0,0,1,0.00292,0.0032,0.04753,0,1,0
L002771,0,0,1,0,0,0,1,0,0.00164,0.06334,0.00301,1,1,1
L002772,0,0,0,0,1,0,1,1,0.01795,0.04583,0.02111,0,3,0
L002773,0,0,0,0,1,0,0,1,0.07296,0.0,0.02822,0,2,0
L002774,0,0,0,0,1,0,1,1,0.06191,0.03856,0.0357,0,3,0
L002775,0,0,0,1,0,0,1,1,0.00822,0.04388,0.10277,1,2,1
L002776,0,0,0,0,1,0,0,0,0.01794,0.0,0.00464,0,1,0
L002777,0,0,1,0,0,0,1,0,0.0,0.06282,0.00307,1,1,1
L002778,0,0,0,0,0,0,0,0,0.0,0.0029,0.00015,0,0,0
L002779,0,0,0,0,0,0,0,1,0.0,0.00215,0.01538,0,1,0
L002780,0,0,0,0,0,0,0,0,0.00318,0.0,0.0,0,0,0
L002781,0,0,0,0,0,0,0,0,0.00052,0.00049,0.0051,0,0,0
L002782,0,0,0,0,1,0,0,0,0.06885,0.0,0.00232,0,1,0
L002783,0,0,0,0,0,0,0,1,0.0,0.00013,0.0249,0,1,0
L002784,0,0,0,0,1,0,0,0,0.02374,0.0,0.0,0,1,0
L002785,0,1,0,0,0,1,0,1,0.0,0.0,0.01121,1,2,1
L002786,0,0,0,0,1,0,1,1,0.01888,0.0207,0.02284,0,3,0
L002787,0,0,0,0,1,0,0,1,0.07252,0.0,0.03308,0,2,0
L002788,0,0,0,0,1,0,0,0,0.01292,0.0023,0.0,0,1,0
L002789,0,0,0,0,0,0,0,0,0.00139,0.00265,0.0,0,0,0
L002790,0,0,1,0,0,0,1,0,0.00156,0.06111,0.00245,1,1,1
L002791,0,0,0,0,0,0,1,1,0.0,0.01102,0.08597,0,2,0
L002792,0,0,0,0,0,0,0,1,0.00803,0.0,0.03432,0,1,0
L002793,0,0,0,1,0,0,0,1,0.0,0.0,0.15034,1,1,1
L002794,0,0,0,0,0,0,0,0,0.001,0.0,0.0,0,0,0
L002795,0,0,0,0,0,0,1,0,0.0,0.02635,0.00542,0,1,0
L002796,0,0,0,0,0,0,0,0,0.0034,0.0,0.00327,0,0,0
L002797,0,0,0,0,0,0,0,1,0.0,0.0,0.02681,0,1,0
L002798,0,0,0,0,0,0,0,0,0.0,0.00157,5e-05,0,0,0
L002799,0,0,0,0,0,0,0,0,0.00847,0.0,0.0,0,0,0
L002800,0,0,0,0,0,0,0,0,0.0,0.0,0.0,0,0,0
L002801,0,0,1,0,1,0,1,0,0.02393,0.13654,0.00145,1,2,1
L002802,0,0,0,0,0,0,0,0,0.0,0.0,0.00312,0,0,0
L002803,0,0,0,0,0,0,1,1,0.0,0.02363,0.01106,0,2,0
L002804,0,0,1,0,0,0,1,1,0.00141,0.05767,0.08551,1,2,1
L002805,0,0,1,0,0,0,1,1,0.00932,0.05119,0.08318,1,2,1
L002806,0,0,0,0,1,0,0,0,0.0131,0.00487,0.00864,0,1,0
L002807,0,0,0,0,0,0,0,0,0.0,0.00193,0.0,0,0,0
L002808,0,0,0,0,0,0,0,0,0.00171,0.00192,0.00332,0,0,0
L002809,0,0,0,0,1,0,0,0,0.03741,0.00316,0.0,0,1,0
L002810,0,0,0,0,0,0,0,0,0.0,0.0,0.0,0,0,0
L002811,0,0,1,0,1,0,1,1,0.0253,0.09124,0.03893,1,3,1
L002812,0,0,0,0,0,0,0,0,0.00071,0.00107,0.0,0,0,0
L002813,0,0,0,0,0,0,0,0,0.0,0.0,0.0,0,0,0
L002814,0,0,0,0,0,0,0,0,0.00297,0.0,0.0,0,0,0
L002815,0,0,0,0,0,0,0,1,0.00741,0.0,0.09698,0,1,0
L002816,0,0,0,0,0,0,0,1,0.0,0.0,0.03723,0,1,0
L002817,0,0,0,0,0,0,0,0,0.0,0.0,0.0,0,0,0
L002818,0,0,0,0,0,0,0,0,0.00373,0.0029,0.0,0,0,0
L002819,0,1,1,0,1,1,1,1,0.05407,0.05699,0.03496,2,4,1
L002820,0,0,0,0,0,0,0,0,0.00154,0.0,0.00239,0,0,0
L002821,0,0,0,0,0,0,1,0,0.00396,0.00602,0.0,0,1,0
L002822,0,0,0,0,0,0,0,0,0.00787,0.0,0.0,0,0,0
L002823,0,0,0,0,0,0,1,0,0.00417,0.01026,0.00166,0,1,0
L002824,0,0,0,0,0,0,0,0,0.0,0.0,0.0,0,0,0
L002825,0,0,0,0,0,0,0,0,0.0,0.0048,0.00085,0,0,0
L002826,0,0,0,0,1,0,1,1,0.04268,0.01324,0.0199,0,3,0
L002827,0,0,0,0,0,0,1,1,0.0,0.01624,0.02589,0,2,0
L002828,0,0,0,0,0,0,0,1,0.0,0.00154,0.02118,0,1,0
L002829,0,1,0,0,1,1,1,0,0.02686,0.01916,0.00443,1,3,1
L002830,0,0,0,0,1,0,0,0,0.0104,0.0,0.00405,0,1,0
L002831,0,0,0,0,0,0,0,0,0.0,0.00381,0.0,0,0,0
L002832,0,0,0,0,0,0,0,0,0.0,0.00411,0.0,0,0,0
L002833,0,0,0,0,0,0,1,0,0.00069,0.02119,0.0,0,1,0
L002834,0,0,0,0,0,0,0,0,0.0,0.0,0.0,0,0,0
L002835,0,0,0,0,0,0,0,0,0.00151,0.00156,0.0,0,0,0
L002836,0,0,0,0,1,0,1,0,0.03714,0.00565,0.0,0,2,0
L002837,0,1,0,0,0,1,0,1,0.00132,0.00256,0.01799,1,2,1
L002838,0,0,0,0,0,0,0,0,0.0,0.00066,0.0,0,0,0
L002839,0,0,0,0,0,0,0,0,0.00892,0.0,0.00057,0,0,0
L002840,0,0,0,0,0,0,0,0,0.0,0.00083,0.0,0,0,0
L002841,0,0,0,0,0,0,0,0,0.00593,0.0024,0.00232,0,0,0
L002842,0,0,1,0,0,0,1,1,0.00143,0.06437,0.0114,1,2,1
L002843,0,0,1,0,1,0,1,1,0.02479,0.08718,0.02651,1,3,1
L002844,0,0,0,0,0,0,0,0,0.00115,0.0,0.00123,0,0,0
L002845,0,0,0,0,1,0,0,0,0.05475,0.00029,0.0,0,1,0
L002846,0,1,0,1,1,1,0,1,0.06602,0.0,0.12426,2,3,1
L002847,0,1,0,0,0,1,0,0,0.0081,0.00232,0.0019,1,1,1
L002848,0,0,0,0,0,0,0,0,0.00079,0.00094,0.0,0,0,0
L002849,0,0,0,0,0,0,0,1,0.0,0.0,0.02494,0,1,0
L002850,0,1,0,0,0,1,0,0,0.00356,0.00047,0.0,1,1,1
L002851,0,0,0,0,0,0,0,0,0.00026,0.0,0.0,0,0,0
L002852,0,0,0,0,1,0,0,1,0.01645,0.0,0.01903,0,2,0
L002853,0,0,0,0,1,0,1,1,0.08112,0.01603,0.03373,0,3,0
L002854,0,0,0,0,0,0,0,0,0.0,0.00454,0.0,0,0,0
L002855,0,0,0,0,0,0,0,0,0.00588,0.0,0.00809,0,0,0
L002856,0,0,0,0,1,0,1,1,0.02151,0.03514,0.05206,0,3,0
L002857,0,0,0,0,0,0,0,0,0.0,0.0,0.00639,0,0,0
L002858,0,0,0,0,0,0,0,0,0.0,0.00241,0.0,0,0,0
L002859,0,0,0,0,1,0,1,1,0.03677,0.02395,0.02742,0,3,0
L002860,0,0,0,0,0,0,1,0,0.00564,0.00705,0.00195,0,1,0
L002861,0,0,0,0,1,0,0,0,0.01143,0.0,0.00599,0,1,0
L002862,0,0,0,0,0,0,0,0,0.0,0.0,0.0,0,0,0
L002863,0,0,0,0,0,0,0,0,0.0,0.0023,0.0,0,0,0
L002864,0,0,0,0,0,0,1,0,0.0,0.00727,0.0,0,1,0
L002865,0,0,0,0,0,0,0,0,0.0023,0.00372,0.0,0,0,0
L002866,0,0,0,0,1,0,1,1,0.03688,0.03919,0.04897,0,3,0
L002867,0,0,0,0,0,0,0,0,0.00329,0.0,0.00904,0,0,0
L002868,0,0,0,0,0,0,0,0,0.00019,0.00234,0.00349,0,0,0
L002869,0,0,0,0,0,0,0,0,0.0018,0.0,0.0068,0,0,0
L002870,0,0,0,0,0,0,1,0,0.0,0.00594,0.0,0,1,0
L002871,0,0,1,0,0,0,1,0,0.0,0.05784,0.00546,1,1,1
L002872,0,1,1,1,0,1,1,1,0.0,0.05802,0.247,3,3,1
L002873,0,0,0,0,1,0,1,1,0.03922,0.02556,0.05482,0,3,0
L002874,0,0,0,0,0,0,0,0,0.0,0.0009,0.00179,0,0,0
L002875,1,0,0,0,1,0,1,0,0.15123,0.01209,0.00714,1,2,1
L002876,0,0,0,0,1,0,1,1,0.0167,0.02994,0.01021,0,3,0
L002877,0,1,0,0,1,1,1,1,0.01124,0.00851,0.08057,1,4,1
L002878,0,1,0,0,0,1,0,0,0.00873,0.00254,0.0,1,1,1
L002879,0,0,0,0,0,0,0,0,0.0,0.00254,0.0,0,0,0
L002880,0,0,1,0,0,0,1,0,0.0,0.07582,0.00941,1,1,1
L002881,0,0,1,0,0,0,1,0,0.00783,0.08947,0.00125,1,1,1
L002882,0,0,0,0,0,0,0,0,0.00372,0.00247,0.0,0,0,0
L002883,0,0,0,0,0,0,0,0,0.0,0.00096,0.0,0,0,0
L002884,0,0,0,0,0,0,0,0,0.0,0.0,0.0,0,0,0
L002885,0,0,0,0,1,0,0,0,0.02125,0.00232,0.0,0,1,0
L002886,0,0,1,1,0,0,1,1,0.00254,0.85335,0.66081,2,2,1
L002887,0,0,0,0,0,0,0,0,0.0,0.00054,0.0086,0,0,0
L002888,0,0,0,0,0,0,0,1,0.0,0.00245,0.04176,0,1,0
L002889,0,0,0,0,0,0,0,0,0.00216,0.0,0.0,0,0,0
L002890,0,0,0,0,0,0,1,1,0.0,0.02646,0.01463,0,2,0
L002891,0,1,0,0,1,1,1,0,0.02798,0.02956,0.00994,1,3,1
L002892,0,0,0,0,1,0,1,1,0.06111,0.01397,0.02875,0,3,0
L002893,0,1,0,0,0,1,0,0,0.00454,0.0,0.00425,1,1,1
L002894,0,0,0,0,0,0,0,0,0.00412,0.00027,0.00338,0,0,0
L002895,0,1,1,1,0,1,1,1,0.00096,0.08284,0.29253,3,3,1
L002896,0,0,0,0,0,0,0,0,0.0,0.0,0.00486,0,0,0
L002897,0,0,0,0,0,0,0,0,0.0,0.0,0.00501,0,0,0
L002898,0,0,0,0,0,0,0,0,0.0,0.00439,0.0,0,0,0
L002899,0,0,0,0,0,0,0,0,0.0023,0.00479,0.00526,0,0,0
L002900,0,0,0,0,0,0,1,0,0.00257,0.00631,0.00313,0,1,0
L002901,0,0,0,0,0,0,0,0,0.0,0.00279,0.00242,0,0,0
L002902,0,0,0,0,0,0,0,1,0.0,0.00217,0.03557,0,1,0
L002903,0,0,0,1,0,0,0,1,0.00141,0.00296,0.13532,1,1,1
L002904,0,0,0,0,1,0,0,1,0.01659,0.00091,0.01967,0,2,0
L002905,0,0,0,0,1,0,0,0,0.02095,0.00246,0.00456,0,1,0
L002906,0,0,0,0,0,0,0,1,0.00066,0.0,0.0124,0,1,0
L002907,0,1,1,0,0,1,1,1,0.00522,0.07056,0.0135,2,3,1
L002908,0,0,0,0,0,0,0,0,0.0015,0.00012,0.00392,0,0,0
L002909,0,0,0,0,0,0,1,0,0.00014,0.04947,0.0,0,1,0
L002910,0,1,1,1,0,1,1,1,0.0,0.15967,1.04384,3,3,1
L002911,1,0,0,0,1,0,0,1,0.13582,0.00112,0.03301,1,2,1
L002912,0,0,1,1,1,0,1,1,0.03387,0.10989,0.12265,2,3,1
L002913,0,1,0,0,0,1,1,1,0.00192,0.01837,0.02673,1,3,1
L002914,0,0,0,0,0,0,0,1,0.0,0.00102,0.03661,0,1,0
L002915,0,0,0,0,0,0,0,0,0.00243,0.0,0.00277,0,0,0
L002916,0,0,0,0,0,0,1,0,0.0,0.01332,0.00203,0,1,0
L002917,0,0,0,0,0,0,0,0,0.0,0.0,0.00251,0,0,0
L002918,0,0,0,0,1,0,0,0,0.01586,0.0,0.0,0,1,0
L002919,0,0,0,0,0,0,0,0,0.0,2e-05,0.00279,0,0,0
L002920,0,0,0,0,0,0,1,1,0.0,0.02064,0.01231,0,2,0
L002921,0,1,0,0,0,1,0,0,0.0,0.00297,0.00373,1,1,1
L002922,0,0,0,0,1,0,1,1,0.03852,0.03706,0.02633,0,3,0
L002923,0,0,0,0,0,0,1,1,0.0,0.00899,0.04835,0,2,0
L002924,0,1,0,0,0,1,0,1,0.00995,0.0,0.07754,1,2,1
L002925,0,0,0,0,0,0,0,0,0.0,0.0,0.00408,0,0,0
L002926,0,0,0,0,0,0,1,1,0.0,0.04985,0.0215,0,2,0
L002927,0,0,0,0,0,0,0,0,0.0032,0.0,0.0,0,0,0
L002928,0,0,0,0,0,0,0,0,0.00209,0.00125,0.0,0,0,0
L002929,0,0,0,1,0,0,1,1,0.00504,0.02066,0.13604,1,2,1
L002930,0,0,0,0,0,0,0,0,0.0,0.00099,0.00375,0,0,0
L002931,0,0,0,0,0,0,0,0,0.0,0.0,0.0025,0,0,0
L002932,0,0,0,0,0,0,0,0,0.00437,0.0,0.00018,0,0,0
L002933,0,0,0,0,0,0,1,1,0.00183,0.03133,0.01452,0,2,0
L002934,0,0,0,0,0,0,0,1,0.0035,0.00281,0.01853,0,1,0
L002935,0,0,0,0,0,0,0,0,0.0012,0.0,0.00207,0,0,0
L002936,1,0,0,0,1,0,0,1,0.11064,0.00175,0.01606,1,2,1
L002937,0,1,0,1,0,1,1,1,0.00858,0.01149,0.47324,2,3,1
L002938,0,0,0,1,0,0,0,1,0.0022,0.0,0.20375,1,1,1
L002939,0,1,0,0,1,1,0,1,0.01149,0.00271,0.07098,1,3,1
L002940,0,0,0,0,1,0,1,1,0.05688,0.04311,0.01292,0,3,0
L002941,0,0,0,0,0,0,0,0,0.0,0.0,0.0,0,0,0
L002942,0,0,0,0,0,0,0,0,0.0,0.0,0.00017,0,0,0
L002943,0,0,0,0,0,0,0,1,0.0,0.00315,0.02093,0,1,0
L002944,0,0,0,0,0,0,0,0,0.00332,0.00024,0.0,0,0,0
L002945,0,0,0,0,1,0,1,0,0.01487,0.02063,0.00152,0,2,0
L002946,0,0,0,0,1,0,0,0,0.02639,0.00266,0.00395,0,1,0
L002947,0,0,0,1,0,0,0,1,0.00684,0.00099,0.26156,1,1,1
L002948,0,1,0,0,1,1,1,1,0.03805,0.01346,0.04777,1,4,1
L002949,0,1,0,0,0,1,0,0,0.0059,0.0,0.00255,1,1,1
L002950,0,0,1,0,1,0,1,0,0.02424,0.05131,0.00164,1,2,1
L002951,0,0,0,0,0,0,0,1,0.00139,0.0013,0.0595,0,1,0
L002952,0,0,0,0,1,0,1,0,0.01254,0.0217,0.00732,0,2,0
L002953,0,0,0,0,0,0,1,1,0.0,0.01275,0.07566,0,2,0
L002954,0,0,0,0,0,0,0,0,0.00748,0.00075,0.0,0,0,0
L002955,0,0,0,0,0,0,0,0,0.00042,0.0,0.0028,0,0,0
L002956,0,0,0,0,0,0,0,0,0.0,0.0,0.0,0,0,0
L002957,0,1,0,0,0,1,1,0,0.00792,0.0166,0.00044,1,2,1
L002958,0,0,0,0,0,0,0,0,0.0,0.0,0.00335,0,0,0
L002959,0,0,0,0,0,0,1,1,0.00172,0.04612,0.01675,0,2,0
L002960,0,1,0,0,0,1,1,1,0.00301,0.02415,0.01136,1,3,1
L002961,0,0,0,0,0,0,0,0,0.00439,0.0,0.0,0,0,0
L002962,0,0,0,0,0,0,0,1,0.0,0.00039,0.01107,0,1,0
L002963,0,0,0,0,1,0,1,1,0.02278,0.04197,0.07333,0,3,0
L002964,0,0,0,0,1,0,1,1,0.01213,0.00691,0.03381,0,3,0
L002965,0,0,0,0,0,0,0,0,0.0,0.00292,0.00077,0,0,0
L002966,0,0,0,0,1,0,1,0,0.01618,0.00648,0.00249,0,2,0
L002967,0,0,0,0,0,0,0,0,0.0,0.0,0.0,0,0,0
L002968,0,0,0,0,0,0,1,1,0.00345,0.02902,0.05756,0,2,0
L002969,0,0,0,0,1,0,0,0,0.02761,0.0,0.0,0,1,0
L002970,0,0,0,0,0,0,1,1,0.0,0.01518,0.02645,0,2,0
L002971,0,0,0,0,1,0,0,0,0.01245,0.0,0.00625,0,1,0
L002972,0,0,0,0,0,0,1,0,0.0,0.03656,0.00028,0,1,0
L002973,0,0,0,0,0,0,0,0,0.0,0.0,0.0,0,0,0
L002974,0,0,0,0,0,0,0,0,0.0,0.00271,0.00399,0,0,0
L002975,0,0,0,0,0,0,0,0,0.00701,0.00034,0.00284,0,0,0
L002976,0,0,0,0,0,0,0,0,0.00012,0.00076,0.0,0,0,0
L002977,0,0,0,0,0,0,0,0,0.0,0.0,0.00472,0,0,0
L002978,0,0,0,0,0,0,0,0,0.0,0.0,0.00898,0,0,0
L002979,0,0,0,0,0,0,0,0,0.0,0.00127,0.0,0,0,0
L002980,0,0,0,0,0,0,0,0,0.0,0.0,0.00833,0,0,0
L002981,0,0,0,1,0,0,0,1,0.00119,0.00359,0.52402,1,1,1
L002982,1,0,0,0,1,0,0,0,0.10457,0.00155,0.0,1,1,1
L002983,0,0,0,0,0,0,0,0,0.00429,0.0,0.00272,0,0,0
L002984,0,0,1,0,0,0,1,0,0.00594,0.05746,0.00351,1,1,1
L002985,0,1,0,0,1,1,1,0,0.0275,0.03868,0.0,1,3,1
L002986,0,0,0,0,0,0,0,0,0.0,0.0,0.0,0,0,0
L002987,0,1,1,1,0,1,1,1,0.00044,0.06087,0.59052,3,3,1
L002988,0,0,0,0,0,0,0,0,0.00146,0.00155,0.00394,0,0,0
L002989,0,0,1,0,1,0,1,0,0.01325,0.05111,0.00594,1,2,1
L002990,0,0,0,0,0,0,1,1,0.00167,0.00662,0.01339,0,2,0
L002991,0,0,0,0,0,0,0,0,0.0,0.00195,0.0008,0,0,0
L002992,0,0,0,0,0,0,1,0,0.0033,0.00541,0.00085,0,1,0
L002993,0,0,0,0,1,0,0,1,0.01238,0.0,0.06221,0,2,0
L002994,0,0,0,1,0,0,1,1,0.00183,0.04487,0.1361,1,2,1
L002995,0,0,0,0,0,0,0,0,0.0,0.0,0.00588,0,0,0
L002996,0,1,0,0,1,1,1,0,0.03829,0.03117,0.00441,1,3,1
L002997,0,0,0,0,0,0,0,0,0.0043,0.0,0.0,0,0,0
L002998,0,0,0,0,1,0,0,0,0.04486,0.0,0.0,0,1,0
L002999,0,0,0,0,1,0,0,1,0.01642,0.00325,0.03564,0,2,0
L003000,0,0,0,0,0,0,0,0,0.00641,0.0,0.0,0,0,0
L003001,0,0,0,0,0,0,0,0,0.00099,0.00267,0.00037,0,0,0
L003002,0,0,0,0,1,0,0,0,0.01554,0.0,0.00408,0,1,0
L003003,0,1,0,0,0,1,1,1,0.0,0.03813,0.03664,1,3,1
L003004,0,0,0,0,0,0,0,0,0.0,0.0001,0.00298,0,0,0
L003005,0,0,0,0,0,0,0,0,0.0,0.0,0.0,0,0,0
L003006,0,1,0,0,1,1,1,0,0.04833,0.03366,0.00816,1,3,1
L003007,0,0,0,0,0,0,0,0,0.0,0.00266,0.0076,0,0,0
L003008,0,1,0,0,0,1,0,0,0.0028,0.00051,0.00097,1,1,1
L003009,0,0,0,1,1,0,0,1,0.05234,0.0,0.19049,1,2,1
L003010,0,0,0,0,1,0,1,0,0.09693,0.00963,0.0,0,2,0
L003011,0,0,0,0,0,0,0,0,0.0,0.00411,8e-05,0,0,0
L003012,0,0,0,0,0,0,1,1,0.0,0.02751,0.07044,0,2,0
L003013,0,0,0,0,0,0,1,0,0.0,0.01337,0.00037,0,1,0
L003014,0,1,0,0,1,1,0,0,0.04809,0.0,0.00293,1,2,1
L003015,0,0,0,0,1,0,0,0,0.01493,0.0,0.0,0,1,0
L003016,0,0,0,0,0,0,0,0,0.0,0.0022,0.0,0,0,0
L003017,0,0,1,0,1,0,1,0,0.0368,0.05051,0.0,1,2,1
L003018,0,0,0,0,0,0,0,1,0.0,0.00088,0.02099,0,1,0
L003019,0,0,0,0,0,0,0,0,0.0,0.00105,0.0,0,0,0
L003020,0,0,0,0,0,0,0,0,0.00635,0.0,0.00014,0,0,0
L003021,0,0,0,0,0,0,0,0,0.0,0.0,0.0,0,0,0
L003022,0,1,0,0,0,1,0,0,0.00201,0.0008,0.00263,1,1,1
L003023,0,0,0,0,0,0,0,0,0.0,0.0013,0.0,0,0,0
L003024,0,1,0,0,1,1,0,1,0.02978,0.0,0.06674,1,3,1
L003025,0,0,0,0,0,0,0,0,0.00507,0.0,0.0,0,0,0
L003026,0,0,0,0,0,0,0,0,0.00301,0.0,0.0,0,0,0
L003027,0,0,0,0,0,0,1,0,0.00193,0.02737,0.00028,0,1,0
L003028,0,0,0,0,0,0,0,0,0.0,0.00109,0.0,0,0,0
L003029,0,1,0,0,0,1,0,0,0.00023,0.0,0.00343,1,1,1
L003030,0,0,0,0,0,0,0,1,0.00616,0.00151,0.04843,0,1,0
L003031,1,0,0,0,1,0,0,0,0.10901,0.0,0.00756,1,1,1
L003032,0,0,0,0,0,0,0,0,0.0,0.0,0.00233,0,0,0
L003033,0,0,0,0,1,0,1,1,0.08168,0.0158,0.05367,0,3,0
L003034,0,1,0,1,1,1,1,1,0.07005,0.01798,0.10046,2,4,1
L003035,0,0,0,0,0,0,1,0,0.00255,0.03805,0.0,0,1,0
L003036,0,1,0,0,0,1,1,1,0.00073,0.01173,0.03713,1,3,1
L003037,0,1,1,0,0,1,1,0,0.0,0.0613,0.0,2,2,1
L003038,0,0,0,0,1,0,0,0,0.02069,0.0,0.0,0,1,0
L003039,0,1,1,1,0,1,1,1,0.00417,0.20679,0.24048,3,3,1
L003040,0,0,0,0,1,0,1,1,0.04806,0.01405,0.0958,0,3,0
L003041,0,1,0,0,0,1,1,0,0.00899,0.0415,0.0,1,2,1
L003042,0,0,0,0,0,0,1,1,0.00859,0.00572,0.06659,0,2,0
L003043,0,0,0,0,0,0,1,0,0.0,0.03215,0.00184,0,1,0
L003044,0,0,0,0,0,0,0,0,0.00018,0.00041,0.00571,0,0,0
L003045,0,0,0,0,0,0,0,1,0.00131,0.00042,0.03438,0,1,0
L003046,0,1,0,0,0,1,0,0,0.00155,0.0,0.002,1,1,1
L003047,0,0,0,0,0,0,1,1,0.00204,0.02045,0.07416,0,2,0
L003048,0,0,1,0,0,0,1,0,0.0,0.0994,0.00334,1,1,1
L003049,0,0,0,0,1,0,0,0,0.02619,0.0,0.00493,0,1,0
L003050,0,0,0,0,0,0,0,1,0.0,0.0,0.06102,0,1,0
L003051,0,0,0,0,0,0,0,0,0.0,0.00066,0.0,0,0,0
L003052,0,0,0,0,0,0,0,0,0.0,0.00172,0.00651,0,0,0
L003053,0,0,0,0,0,0,0,0,0.00632,0.0,0.00132,0,0,0
L003054,0,0,0,0,0,0,0,0,0.00242,0.0,0.0,0,0,0
L003055,0,0,0,0,1,0,1,0,0.01106,0.0112,0.00319,0,2,0
L003056,0,0,0,0,0,0,1,0,0.00762,0.04231,0.00036,0,1,0
L003057,0,0,0,0,0,0,0,0,0.00015,0.00036,0.00826,0,0,0
L003058,0,0,0,0,0,0,1,1,0.0,0.01083,0.03065,0,2,0
L003059,0,0,1,0,0,0,1,1,0.0,0.10907,0.07706,1,2,1
L003060,0,0,0,0,0,0,0,1,0.00391,0.00122,0.01784,0,1,0
L003061,0,0,0,0,0,0,0,0,0.00107,0.00057,0.0,0,0,0
L003062,0,0,0,0,0,0,0,0,0.00385,0.0,0.00976,0,0,0
L003063,0,0,0,0,0,0,1,1,0.00479,0.02492,0.01271,0,2,0
L003064,0,0,0,0,0,0,0,0,0.00426,0.00192,0.0,0,0,0
L003065,0,0,0,0,1,0,1,0,0.05114,0.01784,0.00253,0,2,0
L003066,1,0,0,1,1,0,0,1,0.32922,0.0,0.36759,2,2,1
L003067,0,0,0,0,0,0,0,0,0.00542,0.002,0.0,0,0,0
L003068,0,0,0,0,0,0,0,0,0.00172,0.0,0.0,0,0,0
L003069,0,0,0,0,0,0,0,0,0.0,0.0,0.0,0,0,0
L003070,0,0,0,0,0,0,1,0,0.0,0.00617,0.00918,0,1,0
L003071,0,0,0,0,0,0,0,0,0.0,0.0,0.00411,0,0,0
L003072,0,0,0,0,0,0,0,0,0.00344,0.0029,0.0,0,0,0
L003073,0,0,0,0,0,0,0,0,0.0,0.00295,0.0,0,0,0
L003074,0,1,0,0,0,1,0,0,0.0,0.0,0.0,1,1,1
L003075,0,0,0,0,1,0,0,1,0.03322,0.00115,0.01224,0,2,0
L003076,0,0,0,0,0,0,0,1,0.00662,0.00067,0.04885,0,1,0
L003077,0,0,0,0,0,0,0,1,0.0,0.00336,0.05399,0,1,0
L003078,0,1,0,0,0,1,0,0,0.0,0.00236,0.0,1,1,1
L003079,0,1,1,0,1,1,1,0,0.02901,0.05712,0.00376,2,3,1
L003080,0,0,0,0,0,0,0,0,0.0,0.00272,0.0,0,0,0
L003081,0,0,0,0,0,0,1,1,0.0,0.01566,0.02187,0,2,0
L003082,0,0,0,0,0,0,0,1,0.00064,0.00254,0.02336,0,1,0
L003083,0,1,0,0,1,1,1,1,0.03309,0.03364,0.01208,1,4,1
L003084,0,0,0,0,1,0,0,1,0.03124,0.00076,0.02221,0,2,0
L003085,0,0,0,0,0,0,0,0,0.0,0.0,0.0,0,0,0
L003086,0,0,0,0,0,0,1,0,0.0,0.02159,0.0,0,1,0
L003087,0,0,0,0,1,0,0,1,0.06936,0.0,0.0144,0,2,0
L003088,0,0,0,0,0,0,0,1,0.0,0.00363,0.02379,0,1,0
L003089,0,0,0,0,0,0,1,1,0.0085,0.01494,0.06515,0,2,0
L003090,0,1,0,1,0,1,0,1,0.00252,0.00108,0.14607,2,2,1
L003091,0,0,0,1,1,0,1,1,0.03615,0.01846,0.17011,1,3,1
L003092,0,0,0,0,0,0,0,0,0.00895,6e-05,0.00106,0,0,0
L003093,0,1,1,1,0,1,1,1,0.0,0.30112,1.15843,3,3,1
L003094,0,0,0,0,0,0,0,1,0.00078,0.0,0.01073,0,1,0
L003095,0,0,0,0,0,0,0,0,0.0035,0.00024,0.0,0,0,0
L003096,0,0,0,0,1,0,1,1,0.05861,0.02554,0.05202,0,3,0
L003097,0,1,1,0,1,1,1,0,0.01619,0.18317,0.0,2,3,1
L003098,0,1,1,0,1,1,1,1,0.09251,0.07853,0.01755,2,4,1
L003099,0,0,1,0,0,0,1,0,0.00542,0.07327,0.00822,1,1,1
L003100,0,0,0,0,0,0,1,1,0.0,0.01694,0.01641,0,2,0
L003101,0,0,0,0,0,0,0,0,0.00122,0.00299,0.0,0,0,0
L003102,0,0,0,0,1,0,1,1,0.01831,0.02003,0.098,0,3,0
L003103,0,0,0,0,0,0,0,0,0.0,0.0,0.0,0,0,0
L003104,0,0,0,0,0,0,0,0,0.00264,0.0,0.00344,0,0,0
L003105,0,0,0,0,0,0,0,0,0.00089,0.0,0.00586,0,0,0
L003106,0,1,0,0,1,1,1,1,0.03916,0.01887,0.01837,1,4,1
L003107,0,0,1,0,1,0,1,1,0.01222,0.05549,0.06483,1,3,1
L003108,0,0,0,0,0,0,0,0,0.0,0.0,0.0,0,0,0
L003109,0,0,0,0,0,0,0,1,0.0,0.0,0.04907,0,1,0
L003110,0,0,0,0,0,0,0,1,0.00767,0.00281,0.0705,0,1,0
L003111,0,0,0,0,1,0,0,1,0.02456,0.0021,0.02969,0,2,0
L003112,0,0,0,0,0,0,1,1,0.0,0.02033,0.04637,0,2,0
L003113,0,0,0,0,0,0,0,1,0.0,0.0,0.05465,0,1,0
L003114,0,0,0,0,1,0,0,0,0.03639,0.00197,0.0,0,1,0
L003115,0,0,0,0,0,0,0,0,0.0,0.0,0.0,0,0,0
L003116,0,0,0,0,0,0,0,0,0.0025,0.0,0.0,0,0,0
L003117,0,0,0,0,0,0,1,1,0.00514,0.03698,0.03469,0,2,0
L003118,0,0,0,0,0,0,1,0,0.00107,0.00893,0.00127,0,1,0
L003119,0,1,0,0,0,1,0,1,0.00172,0.00196,0.01469,1,2,1
L003120,0,0,0,0,0,0,0,0,0.0041,0.00431,0.0,0,0,0
L003121,0,0,0,0,0,0,0,1,0.0,0.0,0.01606,0,1,0
L003122,0,0,0,0,0,0,0,0,0.00346,0.0,0.00191,0,0,0
L003123,0,0,0,0,0,0,0,0,0.00439,0.0,0.00029,0,0,0
L003124,0,1,0,0,0,1,1,1,0.0,0.01577,0.09934,1,3,1
L003125,0,0,0,0,0,0,0,1,0.0,0.00062,0.05533,0,1,0
L003126,0,0,0,0,0,0,0,0,0.00028,0.00032,0.0,0,0,0
L003127,0,1,0,0,0,1,1,0,0.0,0.03916,0.00022,1,2,1
L003128,0,0,0,0,1,0,0,1,0.02804,0.0,0.02039,0,2,0
L003129,0,1,0,0,0,1,0,1,0.00127,0.00284,0.02357,1,2,1
L003130,0,0,0,0,0,0,1,1,0.0,0.03405,0.03787,0,2,0
L003131,0,0,0,0,0,0,0,0,0.00258,0.0,0.0,0,0,0
L003132,0,0,0,0,1,0,1,0,0.02663,0.01115,0.00454,0,2,0
L003133,0,0,0,0,0,0,0,0,0.001,0.0,0.00271,0,0,0
L003134,0,0,0,0,0,0,0,0,0.0,0.0,0.0,0,0,0
L003135,0,0,0,0,0,0,0,1,0.0,0.0,0.01548,0,1,0
L003136,0,0,0,0,0,0,0,0,0.0,0.0,0.00376,0,0,0
L003137,0,0,0,0,0,0,0,0,0.0,0.0,0.00207,0,0,0
L003138,0,1,0,1,1,1,0,1,0.099,0.0025,0.50655,2,3,1
L003139,0,0,0,0,0,0,0,1,0.00021,0.0,0.03064,0,1,0
L003140,0,0,0,0,0,0,0,0,0.0,0.0,0.00501,0,0,0
L003141,0,0,0,0,0,0,0,1,0.00348,0.00055,0.01546,0,1,0
L003142,0,0,0,0,0,0,1,0,0.0,0.02913,0.00195,0,1,0
L003143,0,1,1,1,0,1,1,1,0.0,0.20798,0.87481,3,3,1
L003144,0,0,0,0,0,0,0,1,0.00258,0.0,0.06137,0,1,0
L003145,0,0,0,0,0,0,0,0,0.0,0.00062,0.0,0,0,0
L003146,0,0,0,0,0,0,0,0,0.00076,0.0,0.0,0,0,0
L003147,0,1,0,0,0,1,0,0,0.00379,0.0,0.00148,1,1,1
L003148,0,0,0,0,1,0,0,1,0.02688,0.00153,0.02863,0,2,0
L003149,0,0,0,0,0,0,0,1,0.0,0.00165,0.04988,0,1,0
L003150,0,0,0,0,0,0,0,1,0.0,0.00211,0.02832,0,1,0
L003151,0,0,0,0,0,0,0,0,0.00075,0.0,0.0,0,0,0
L003152,0,0,0,0,0,0,1,0,0.0,0.03271,0.001,0,1,0
L003153,0,0,0,0,1,0,0,0,0.04094,0.00118,0.0,0,1,0
L003154,0,0,1,0,1,0,1,1,0.01936,0.14645,0.01985,1,3,1
L003155,0,0,0,0,0,0,0,0,0.00789,0.0023,0.0,0,0,0
L003156,0,0,0,0,0,0,1,1,0.0,0.02423,0.02727,0,2,0
L003157,0,0,1,1,0,0,1,1,0.0,0.06824,0.12343,2,2,1
L003158,0,0,0,0,0,0,0,0,0.0,0.0,0.00124,0,0,0
L003159,0,0,0,0,0,0,1,0,0.0,0.03621,0.00428,0,1,0
L003160,0,1,0,0,1,1,1,0,0.02407,0.01142,0.0,1,3,1
L003161,0,0,0,0,0,0,0,0,0.00131,0.0,0.00069,0,0,0
L003162,0,1,0,0,0,1,0,0,0.00194,0.00246,0.00153,1,1,1
L003163,0,0,0,0,1,0,0,1,0.05557,0.00293,0.02233,0,2,0
L003164,0,0,0,0,0,0,1,0,0.0,0.01677,0.0,0,1,0
L003165,0,0,0,0,0,0,0,0,0.00532,0.0,0.0,0,0,0
L003166,0,0,1,0,1,0,1,1,0.03164,0.21953,0.01623,1,3,1
L003167,0,0,1,1,0,0,1,1,0.0,0.07785,0.10223,2,2,1
L003168,0,0,0,0,0,0,0,1,0.0052,0.0025,0.02663,0,1,0
L003169,0,1,1,0,0,1,1,0,0.00047,0.10189,0.00472,2,2,1
L003170,0,0,1,0,0,0,1,0,0.0,0.05559,0.0,1,1,1
L003171,0,0,0,0,1,0,1,1,0.0153,0.0108,0.03946,0,3,0
L003172,0,0,0,0,0,0,1,1,0.0,0.00736,0.03244,0,2,0
L003173,0,1,1,1,0,1,1,1,0.00042,0.06322,0.56757,3,3,1
L003174,0,0,0,0,0,0,1,1,0.0,0.00951,0.02833,0,2,0
L003175,0,0,0,0,1,0,1,0,0.03366,0.03668,0.0016,0,2,0
L003176,0,0,0,1,1,0,1,1,0.05287,0.02748,0.19276,1,3,1
L003177,0,0,0,0,0,0,0,0,0.0,0.0,0.0,0,0,0
L003178,0,0,0,0,0,0,0,0,0.0,0.00019,0.0,0,0,0
L003179,0,1,0,0,0,1,0,0,0.0,0.00448,0.00164,1,1,1
L003180,0,0,0,0,0,0,1,0,0.0,0.00585,0.0,0,1,0
L003181,0,0,0,0,1,0,0,0,0.01792,0.00027,0.0,0,1,0
L003182,0,0,0,0,0,0,0,1,0.00427,0.0,0.02164,0,1,0
L003183,0,0,0,0,0,0,0,1,0.0,0.0,0.03139,0,1,0
L003184,0,0,0,0,1,0,1,1,0.04401,0.01486,0.02096,0,3,0
L003185,0,0,0,0,0,0,0,1,0.00576,0.00434,0.01035,0,1,0
L003186,0,0,0,0,0,0,0,1,0.00762,0.00095,0.03176,0,1,0
L003187,0,0,0,0,0,0,0,0,0.00368,0.00029,0.0,0,0,0
L003188,0,0,0,0,1,0,1,1,0.01607,0.02957,0.02489,0,3,0
L003189,0,0,0,1,0,0,0,1,0.0,0.0025,0.11952,1,1,1
L003190,0,1,0,1,1,1,1,1,0.01229,0.02895,0.10881,2,4,1
L003191,0,0,0,0,0,0,0,0,7e-05,0.00091,0.0,0,0,0
L003192,0,0,0,0,1,0,0,0,0.03617,0.00021,0.0048,0,1,0
L003193,0,1,1,1,0,1,1,1,0.0,0.26201,0.74594,3,3,1
L003194,0,0,0,0,0,0,0,0,0.00642,0.0,0.0039,0,0,0
L003195,0,0,0,0,0,0,0,0,0.00118,0.00142,0.00262,0,0,0
L003196,0,0,0,0,0,0,0,0,0.00584,0.00132,0.0,0,0,0
L003197,0,0,0,0,1,0,0,0,0.02587,0.0,0.0,0,1,0
L003198,0,0,0,1,1,0,0,1,0.01676,0.00214,0.28066,1,2,1
L003199,0,1,0,0,1,1,0,0,0.01699,0.0,0.00266,1,2,1
L003200,0,0,0,0,0,0,0,1,0.00128,0.00253,0.01345,0,1,0
L003201,1,0,0,0,1,0,1,1,0.10404,0.01817,0.05053,1,3,1
L003202,0,0,0,0,0,0,0,0,0.0,0.0,0.00594,0,0,0
L003203,0,0,0,0,0,0,0,0,0.0,0.00231,0.0,0,0,0
L003204,0,0,0,0,0,0,0,0,0.00223,0.0,0.0,0,0,0
L003205,0,0,0,0,0,0,0,0,0.0,0.00138,0.0,0,0,0
L003206,0,0,0,0,0,0,1,1,0.00196,0.02266,0.0116,0,2,0
L003207,0,0,0,0,0,0,0,0,0.00968,0.0,0.0,0,0,0
L003208,0,1,0,0,0,1,0,1,0.0,0.0,0.02834,1,2,1
L003209,0,0,0,0,0,0,1,0,0.0,0.03349,0.00245,0,1,0
L003210,0,0,0,0,0,0,0,0,0.00205,0.00189,0.00263,0,0,0
L003211,1,0,0,0,1,0,0,1,0.2116,0.00032,0.01658,1,2,1
L003212,0,0,0,0,0,0,0,0,0.0095,0.0,0.00766,0,0,0
L003213,0,0,1,0,0,0,1,0,0.00091,0.06379,0.00104,1,1,1
L003214,0,0,0,0,1,0,0,0,0.01194,0.0,0.0,0,1,0
L003215,0,0,0,0,0,0,0,0,0.0,0.00031,0.0,0,0,0
L003216,0,1,0,0,0,1,0,0,0.0,0.00051,0.00082,1,1,1
L003217,0,0,0,0,0,0,0,1,0.0,0.0,0.02593,0,1,0
L003218,0,0,0,0,0,0,0,0,0.00344,0.00204,0.00028,0,0,0
L003219,0,1,1,1,0,1,1,1,0.0068,0.3312,0.20532,3,3,1
L003220,0,0,0,0,0,0,0,0,0.0,0.0,0.0055,0,0,0
L003221,0,0,0,0,1,0,1,1,0.09667,0.02171,0.09101,0,3,0
L003222,0,0,0,0,0,0,0,0,0.0,0.00149,0.0,0,0,0
L003223,0,0,1,0,0,0,1,1,0.0,0.08749,0.03794,1,2,1
L003224,0,0,0,0,1,0,0,0,0.09542,0.0,0.0,0,1,0
L003225,0,0,0,1,0,0,0,1,0.00162,0.00291,0.13769,1,1,1
L003226,0,0,1,0,0,0,1,0,0.0,0.08301,0.00154,1,1,1
L003227,0,0,0,0,0,0,0,0,0.0,0.0,0.0,0,0,0
L003228,0,0,0,0,1,0,1,0,0.01482,0.00606,0.00712,0,2,0
L003229,0,0,0,0,0,0,0,0,0.0,0.0,0.0,0,0,0
L003230,0,0,0,0,0,0,0,0,0.00544,0.00224,0.00267,0,0,0
L003231,0,0,0,0,1,0,1,1,0.02269,0.04254,0.04715,0,3,0
L003232,0,0,1,0,0,0,1,0,0.0,0.05235,0.0,1,1,1
L003233,0,1,1,0,1,1,1,1,0.02068,0.07373,0.07664,2,4,1
L003234,0,1,0,0,0,1,1,0,0.0,0.00644,0.00175,1,2,1
L003235,0,1,0,1,0,1,0,1,0.0,0.0,0.41671,2,2,1
L003236,0,1,1,0,0,1,1,1,0.00038,0.0604,0.03661,2,3,1
L003237,0,0,0,0,0,0,0,0,0.0,0.0,0.0,0,0,0
L003238,0,0,0,0,0,0,0,0,0.0,0.0,0.0,0,0,0
L003239,0,0,0,0,0,0,0,0,0.00152,0.0,0.00095,0,0,0
L003240,0,1,0,0,0,1,0,0,0.00321,0.00119,0.00625,1,1,1
L003241,0,0,0,0,0,0,0,0,0.00239,0.00098,0.00411,0,0,0
L003242,0,0,0,0,0,0,1,1,0.00225,0.01014,0.01185,0,2,0
L003243,0,0,0,1,1,0,1,1,0.0593,0.02754,0.12321,1,3,1
L003244,0,0,0,0,0,0,0,0,0.00334,0.0,0.0,0,0,0
L003245,0,1,0,0,1,1,1,1,0.08935,0.01936,0.01164,1,4,1
L003246,0,0,0,0,1,0,0,1,0.03219,0.0,0.03198,0,2,0
L003247,0,0,0,0,1,0,1,0,0.03327,0.03247,0.00223,0,2,0
L003248,0,0,0,0,1,0,0,1,0.01988,0.0,0.03393,0,2,0
L003249,0,0,0,0,0,0,0,0,0.0,0.0,0.00441,0,0,0
L003250,0,0,0,0,0,0,1,0,0.00348,0.04866,0.00134,0,1,0
L003251,0,1,1,0,1,1,1,0,0.0957,0.0599,0.0,2,3,1
L003252,0,0,0,0,1,0,0,0,0.02308,0.00018,0.0,0,1,0
L003253,0,0,1,0,1,0,1,0,0.05161,0.10935,0.0,1,2,1
L003254,0,0,0,0,0,0,0,0,0.0029,0.00194,0.0,0,0,0
L003255,0,0,1,1,1,0,1,1,0.02225,0.24717,0.50265,2,3,1
L003256,0,1,1,0,1,1,1,1,0.02645,0.05182,0.01736,2,4,1
L003257,0,0,0,0,0,0,0,1,0.00564,0.0,0.02249,0,1,0
L003258,0,0,0,0,0,0,0,0,0.00044,0.00456,0.00718,0,0,0
L003259,0,0,1,0,0,0,1,0,0.0,0.09542,0.00391,1,1,1
L003260,0,0,0,1,0,0,1,1,0.00261,0.02787,0.22554,1,2,1
L003261,0,1,1,0,0,1,1,0,0.00556,0.09301,0.00022,2,2,1
L003262,1,0,0,0,1,0,0,0,0.12083,0.0,0.00907,1,1,1
L003263,0,0,0,0,0,0,1,0,0.0026,0.01158,0.00139,0,1,0
L003264,0,0,0,0,0,0,0,0,0.00188,0.0,0.00544,0,0,0
L003265,0,0,0,0,0,0,1,0,0.00074,0.02108,0.00556,0,1,0
L003266,0,0,0,0,1,0,1,1,0.04059,0.02292,0.03399,0,3,0
L003267,0,0,0,0,0,0,0,0,0.0,0.0,0.0,0,0,0
L003268,0,0,0,0,0,0,0,0,0.0,0.00054,0.0043,0,0,0
L003269,0,0,0,0,0,0,0,0,0.00225,0.0,0.0,0,0,0
L003270,0,0,0,0,0,0,0,1,0.0,0.00146,0.03522,0,1,0
L003271,0,0,1,0,0,0,1,0,0.00176,0.05823,0.0,1,1,1
L003272,0,0,0,0,0,0,0,0,0.00117,0.0,0.0,0,0,0
L003273,0,1,1,1,0,1,1,1,0.0,0.28627,0.72067,3,3,1
L003274,0,0,0,0,0,0,0,0,0.0,0.00095,0.00348,0,0,0
L003275,0,0,0,0,0,0,0,0,0.00582,0.00358,0.0,0,0,0
L003276,0,0,1,0,1,0,1,1,0.0178,0.05104,0.03888,1,3,1
L003277,0,0,0,0,0,0,1,1,0.0,0.04555,0.08142,0,2,0
L003278,0,0,0,0,0,0,1,1,0.0,0.03279,0.01944,0,2,0
L003279,0,0,0,0,0,0,1,0,0.00442,0.02383,0.0,0,1,0
L003280,0,0,0,0,0,0,1,0,0.0,0.01588,0.00301,0,1,0
L003281,0,0,0,0,0,0,1,0,0.00669,0.04669,0.0083,0,1,0
L003282,0,0,0,0,0,0,0,0,0.00142,0.0,0.00306,0,0,0
L003283,0,0,0,0,0,0,0,1,0.0,0.0,0.01679,0,1,0
L003284,0,0,0,0,0,0,0,0,0.00239,0.00014,0.0,0,0,0
L003285,0,0,0,0,1,0,0,0,0.08978,0.0,0.0,0,1,0
L003286,0,1,0,0,1,1,0,1,0.02162,0.00068,0.02026,1,3,1
L003287,0,0,0,0,0,0,0,1,0.0,0.0,0.03582,0,1,0
L003288,0,0,0,0,0,0,0,0,0.0055,0.0,0.00333,0,0,0
L003289,0,0,0,0,0,0,1,0,0.0002,0.00518,0.0,0,1,0
L003290,0,1,1,0,0,1,1,0,0.0,0.20798,0.0,2,2,1
L003291,0,0,0,0,0,0,1,0,0.0,0.04839,0.00062,0,1,0
L003292,0,1,0,0,0,1,1,1,0.0,0.04529,0.05795,1,3,1
L003293,0,1,1,1,0,1,1,1,0.0,0.20916,0.67534,3,3,1
L003294,0,0,0,0,0,0,0,1,0.0,0.00019,0.02483,0,1,0
L003295,0,0,0,0,0,0,0,0,0.0024,0.0,0.00471,0,0,0
L003296,0,0,0,0,0,0,0,0,0.0,0.00148,0.00732,0,0,0
L003297,0,1,0,0,1,1,1,0,0.01256,0.0169,0.0,1,3,1
L003298,0,0,0,0,0,0,0,0,0.0,0.00061,0.00653,0,0,0
L003299,0,0,0,0,0,0,0,0,0.00423,0.00041,0.00422,0,0,0
L003300,0,1,0,0,1,1,1,0,0.02491,0.03131,0.00077,1,3,1
L003301,0,0,1,0,0,0,1,0,1e-05,0.06516,0.00162,1,1,1
L003302,0,0,0,0,0,0,0,0,0.00193,0.00285,0.0,0,0,0
L003303,0,0,0,0,0,0,0,0,0.00402,0.00081,0.00366,0,0,0
L003304,0,0,0,0,0,0,1,1,0.0,0.04349,0.0819,0,2,0
L003305,0,0,0,0,0,0,1,0,0.00895,0.02288,0.00092,0,1,0
L003306,0,0,0,0,1,0,1,1,0.04663,0.04798,0.03724,0,3,0
L003307,1,0,0,1,1,0,1,1,0.11697,0.02273,0.2004,2,3,1
L003308,0,0,0,0,1,0,0,0,0.01394,0.00389,0.0,0,1,0
L003309,0,0,0,0,1,0,1,1,0.01302,0.02052,0.02222,0,3,0
L003310,0,1,0,0,0,1,0,0,0.00216,0.00153,0.0,1,1,1
L003311,0,0,0,0,1,0,1,1,0.01559,0.03091,0.04207,0,3,0
L003312,0,0,1,0,1,0,1,1,0.02253,0.06123,0.03625,1,3,1
L003313,0,0,0,0,0,0,0,0,0.0,0.0,0.0,0,0,0
L003314,0,0,0,0,0,0,1,1,0.00033,0.00616,0.01951,0,2,0
L003315,0,0,0,0,0,0,0,0,0.0,0.00076,0.0,0,0,0
L003316,0,0,0,0,0,0,0,0,0.0,0.0,0.0,0,0,0
L003317,0,0,0,0,1,0,0,1,0.03336,0.0,0.04423,0,2,0
L003318,0,0,0,0,0,0,1,0,0.0,0.02516,0.0,0,1,0
L003319,0,0,0,0,1,0,1,1,0.02338,0.02688,0.04314,0,3,0
L003320,0,0,0,1,0,0,0,1,0.00322,0.0,0.23632,1,1,1
L003321,0,0,0,0,0,0,0,0,0.0,0.0,0.0,0,0,0
L003322,0,0,0,0,0,0,0,0,0.00475,0.00481,0.0,0,0,0
L003323,0,0,0,0,0,0,0,0,0.0,0.0,0.0,0,0,0
L003324,0,0,0,0,1,0,1,1,0.02035,0.00958,0.06285,0,3,0
L003325,0,1,1,0,1,1,1,1,0.03709,0.06131,0.09335,2,4,1
L003326,0,1,0,0,0,1,0,1,0.00137,0.0,0.04263,1,2,1
L003327,0,0,0,0,0,0,0,0,0.00299,0.00389,0.00278,0,0,0
L003328,0,0,0,0,0,0,0,0,0.00988,0.0,0.00355,0,0,0
L003329,0,0,0,0,0,0,0,0,0.0,0.00403,0.0,0,0,0
L003330,0,0,0,0,1,0,0,1,0.01872,0.0,0.0273,0,2,0
L003331,0,0,0,0,0,0,0,0,0.0,0.00464,0.00055,0,0,0
L003332,0,0,0,0,0,0,0,0,0.00699,0.00083,0.00335,0,0,0
L003333,0,0,0,0,1,0,0,1,0.01298,0.0011,0.01843,0,2,0
L003334,0,0,0,1,1,0,1,1,0.02666,0.01568,0.26702,1,3,1
L003335,0,0,0,0,0,0,0,0,0.0,2e-05,0.0,0,0,0
L003336,0,0,0,0,0,0,0,0,0.0,0.0,0.0,0,0,0
L003337,0,0,0,0,0,0,0,0,0.0,0.0,0.0,0,0,0
L003338,0,0,0,0,0,0,0,0,0.0,0.0,0.0,0,0,0
L003339,0,0,0,0,0,0,1,0,0.0022,0.01995,0.00109,0,1,0
L003340,0,0,0,0,0,0,0,0,0.0,0.00357,0.00072,0,0,0
L003341,0,0,1,0,0,0,1,1,0.00842,0.05136,0.04842,1,2,1
L003342,0,0,0,0,0,0,0,0,0.0,0.00074,0.00027,0,0,0
L003343,0,0,1,0,0,0,1,1,0.00025,0.05571,0.07485,1,2,1
L003344,0,0,0,0,1,0,1,1,0.02947,0.0375,0.02377,0,3,0
L003345,0,0,0,0,1,0,0,0,0.02681,0.0,0.0,0,1,0
L003346,0,0,1,1,0,0,1,1,0.0,0.05771,0.14119,2,2,1
L003347,0,0,0,0,0,0,0,0,0.00276,0.0,0.0,0,0,0
L003348,0,0,0,0,0,0,0,0,0.0,0.0,0.00066,0,0,0
L003349,0,0,0,0,0,0,0,0,0.00747,0.0,0.0,0,0,0
L003350,0,0,0,1,0,0,1,1,0.00084,0.0347,0.19038,1,2,1
L003351,0,0,0,0,0,0,1,1,0.0,0.01149,0.01573,0,2,0
L003352,0,0,0,0,0,0,0,0,0.00375,0.00205,0.00742,0,0,0
L003353,0,0,0,0,0,0,0,0,0.0,0.00449,0.0,0,0,0
L003354,0,0,0,0,0,0,0,0,0.00205,0.00195,0.00126,0,0,0
L003355,0,1,0,0,0,1,1,1,0.00618,0.0152,0.04331,1,3,1
L003356,0,0,0,0,0,0,0,0,0.0,0.0,0.0,0,0,0
L003357,0,0,0,0,0,0,0,0,0.0,0.00293,0.0,0,0,0
L003358,0,0,1,0,0,0,1,0,0.0,0.05085,0.0,1,1,1
L003359,0,0,1,1,0,0,1,1,0.0,0.12936,0.43294,2,2,1
L003360,0,0,0,0,0,0,0,0,0.0,0.00026,0.00087,0,0,0
L003361,0,0,0,0,0,0,0,0,0.0,0.0,0.0,0,0,0
L003362,0,0,0,0,0,0,0,0,0.00252,9e-05,0.0,0,0,0
L003363,0,0,0,0,0,0,0,1,0.00309,0.0,0.02909,0,1,0
L003364,0,0,0,0,1,0,0,1,0.011,0.00346,0.01458,0,2,0
L003365,0,0,0,0,0,0,0,0,0.0,0.0,0.0,0,0,0
L003366,0,0,0,0,0,0,0,0,0.00799,0.0,0.00078,0,0,0
L003367,0,0,0,0,0,0,1,1,0.0,0.03532,0.01368,0,2,0
L003368,0,0,0,0,1,0,0,0,0.02295,0.0,0.00292,0,1,0
L003369,0,0,0,0,0,0,0,0,0.00666,0.0,0.0,0,0,0
L003370,0,0,0,0,0,0,0,0,0.0,0.0,0.0,0,0,0
L003371,0,0,0,0,0,0,0,0,0.00082,0.0,0.00353,0,0,0
L003372,0,0,0,0,0,0,1,0,0.00509,0.04643,0.00211,0,1,0
L003373,1,0,0,1,1,0,0,1,0.12101,0.00462,0.23645,2,2,1
L003374,0,0,0,0,0,0,1,0,0.0,0.00774,0.00387,0,1,0
L003375,0,0,0,0,0,0,0,0,0.0,0.00297,0.00285,0,0,0
L003376,0,0,0,0,0,0,0,0,0.0,0.0,0.0,0,0,0
L003377,0,1,0,0,1,1,1,1,0.01008,0.01193,0.07037,1,4,1
L003378,0,1,0,0,1,1,1,1,0.0145,0.04046,0.0366,1,4,1
L003379,0,0,0,0,1,0,0,1,0.01506,0.0,0.04626,0,2,0
L003380,0,0,1,0,1,0,1,0,0.07706,0.06969,0.00058,1,2,1
L003381,0,0,0,0,0,0,0,0,0.00376,0.00394,0.00472,0,0,0
L003382,0,0,0,0,1,0,0,1,0.02342,0.00014,0.09154,0,2,0
L003383,0,0,0,0,0,0,0,0,0.0,0.00073,0.0,0,0,0
L003384,0,0,0,0,0,0,1,1,0.0,0.03933,0.03301,0,2,0
L003385,0,0,0,0,1,0,0,1,0.01482,0.0,0.0256,0,2,0
L003386,0,0,0,0,1,0,0,0,0.01346,0.0,0.0017,0,1,0
L003387,0,0,0,0,0,0,0,0,0.0,0.0,0.0,0,0,0
L003388,0,0,0,0,1,0,1,0,0.0635,0.02909,0.0,0,2,0
L003389,0,0,0,0,1,0,0,1,0.01893,0.00045,0.01659,0,2,0
L003390,0,0,0,0,0,0,0,0,0.0,0.00433,0.00561,0,0,0
L003391,0,0,0,0,0,0,0,0,0.00202,0.00058,0.0,0,0,0
L003392,0,1,0,0,0,1,0,0,0.00326,0.00053,0.0,1,1,1
L003393,0,0,0,0,0,0,0,0,0.0,0.00163,0.00701,0,0,0
L003394,0,0,0,0,0,0,0,0,0.00614,0.0,0.00178,0,0,0
L003395,0,0,0,0,0,0,0,0,0.0,0.00051,0.0019,0,0,0
L003396,0,0,0,0,0,0,0,0,0.0,0.00194,0.00448,0,0,0
L003397,0,0,1,0,1,0,1,1,0.01571,0.09973,0.0529,1,3,1
L003398,0,0,0,0,1,0,0,0,0.0268,5e-05,0.0,0,1,0
L003399,0,0,0,0,1,0,1,1,0.05168,0.01996,0.01368,0,3,0
L003400,0,0,0,0,0,0,0,0,0.0,0.0,0.0,0,0,0
L003401,0,0,0,0,0,0,0,0,0.0,0.0,0.00135,0,0,0
L003402,0,0,0,0,0,0,0,0,0.00462,0.0,0.0,0,0,0
L003403,0,0,0,0,0,0,0,0,0.0,0.00204,0.00678,0,0,0
L003404,0,0,0,0,0,0,0,0,0.00306,0.00129,0.0,0,0,0
L003405,0,0,0,0,0,0,0,0,0.0,0.00027,0.00052,0,0,0
L003406,0,0,0,0,0,0,0,0,0.0,0.0,0.00125,0,0,0
L003407,0,0,0,0,0,0,0,0,0.00707,0.0,0.00585,0,0,0
L003408,0,0,0,0,0,0,0,0,0.0,0.00179,0.0,0,0,0
L003409,0,0,0,0,0,0,0,0,0.0,0.0037,0.0,0,0,0
L003410,0,0,0,0,1,0,0,0,0.02972,0.00036,0.00497,0,1,0
L003411,0,0,0,0,0,0,0,0,0.0,0.00046,0.0,0,0,0
L003412,0,0,0,1,0,0,0,1,0.00219,0.00334,0.11523,1,1,1
L003413,0,0,0,0,0,0,0,0,0.0,0.0,0.00043,0,0,0
L003414,0,0,0,0,0,0,0,0,0.00117,0.00154,0.0,0,0,0
L003415,0,0,0,0,0,0,0,0,0.00526,0.0,0.00252,0,0,0
L003416,1,0,0,0,1,0,0,1,0.11356,0.0017,0.02027,1,2,1
L003417,0,0,0,0,0,0,0,0,0.0,0.00174,0.0,0,0,0
L003418,0,0,0,0,0,0,0,0,0.0,0.0042,0.00102,0,0,0
L003419,0,1,0,0,0,1,1,1,0.01,0.01998,0.03124,1,3,1
L003420,0,0,0,0,0,0,1,1,0.0,0.02748,0.01541,0,2,0
L003421,0,0,0,0,0,0,0,0,0.00258,0.0,0.0,0,0,0
L003422,0,0,0,0,1,0,1,1,0.06182,0.04789,0.02763,0,3,0
L003423,0,0,0,0,0,0,1,0,0.00236,0.0343,0.0,0,1,0
L003424,0,1,0,0,1,1,1,0,0.02582,0.01261,0.0,1,3,1
L003425,0,0,0,0,0,0,0,0,0.00203,0.00302,0.00429,0,0,0
L003426,0,1,1,1,1,1,1,1,0.01437,0.20999,0.4183,3,4,1
L003427,0,1,0,0,0,1,0,0,0.0,0.0,0.0,1,1,1
L003428,0,0,0,0,0,0,0,1,0.00202,0.0,0.01284,0,1,0
L003429,0,0,0,0,0,0,0,0,0.0,0.0,0.0,0,0,0
L003430,0,0,1,0,0,0,1,0,0.00607,0.05691,0.0,1,1,1
L003431,0,0,0,0,0,0,0,0,0.0,0.00282,0.0,0,0,0
L003432,0,0,0,0,0,0,0,0,0.0,0.0023,0.00847,0,0,0
L003433,0,0,0,1,0,0,0,1,0.00346,0.00076,0.30567,1,1,1
L003434,0,0,0,0,0,0,0,0,0.0,0.0,0.00299,0,0,0
L003435,0,1,0,0,0,1,0,0,0.0,0.0,0.0,1,1,1
L003436,0,0,0,0,0,0,0,0,0.0,0.00496,0.0,0,0,0
L003437,0,0,0,0,0,0,0,1,0.0,0.00179,0.02323,0,1,0
L003438,0,1,0,0,1,1,1,1,0.01277,0.01905,0.07032,1,4,1
L003439,0,1,0,0,0,1,1,0,0.00391,0.02913,0.0,1,2,1
L003440,0,0,0,0,0,0,1,1,0.00279,0.02539,0.04731,0,2,0
L003441,0,0,0,0,1,0,0,1,0.05252,0.00321,0.01137,0,2,0
L003442,0,1,0,0,0,1,1,1,0.0098,0.01623,0.01615,1,3,1
L003443,0,0,0,0,0,0,0,0,0.0,0.00138,0.0,0,0,0
L003444,0,1,1,0,0,1,1,0,0.00503,0.07472,0.0,2,2,1
L003445,0,0,0,0,0,0,0,0,0.0,0.0,0.0051,0,0,0
L003446,0,0,0,0,0,0,1,0,0.0,0.04856,0.0,0,1,0
L003447,0,0,0,0,0,0,0,0,0.00165,0.00166,0.00342,0,0,0
L003448,0,0,0,0,0,0,1,1,0.0,0.00607,0.02671,0,2,0
L003449,0,0,0,0,0,0,1,0,0.00313,0.03819,0.00799,0,1,0
L003450,0,0,0,1,0,0,0,1,0.0044,0.00161,0.27407,1,1,1
L003451,0,1,0,0,0,1,0,1,0.00108,0.00363,0.0383,1,2,1
L003452,0,1,0,0,1,1,1,1,0.02602,0.01247,0.03686,1,4,1
L003453,0,0,0,0,0,0,0,0,0.0,0.00089,0.00974,0,0,0
L003454,0,0,0,0,1,0,1,0,0.0952,0.01068,0.0,0,2,0
L003455,0,0,0,0,0,0,0,0,0.0,0.0,0.00119,0,0,0
L003456,0,0,0,0,0,0,0,0,0.00114,0.00111,0.00376,0,0,0
L003457,1,0,1,1,1,0,1,1,0.15325,0.2304,0.29044,3,3,1
L003458,0,0,0,0,0,0,1,1,0.0,0.04606,0.01373,0,2,0
L003459,0,0,0,0,0,0,0,0,0.0,0.00024,0.0,0,0,0
L003460,0,0,0,0,0,0,0,0,0.0,2e-05,0.00633,0,0,0
L003461,0,0,0,0,0,0,0,0,0.00069,0.00166,0.0,0,0,0
L003462,0,0,0,0,1,0,0,0,0.04574,0.0032,0.0047,0,1,0
L003463,0,0,0,0,1,0,0,1,0.04127,0.0,0.03908,0,2,0
L003464,0,0,0,0,0,0,0,0,0.0,0.0,0.00355,0,0,0
L003465,0,0,1,0,0,0,1,0,0.0,0.06853,0.0,1,1,1
L003466,0,1,1,1,0,1,1,1,0.00903,0.18392,0.21514,3,3,1
L003467,0,0,0,0,0,0,0,1,0.00272,0.0,0.04174,0,1,0
L003468,0,0,1,0,1,0,1,1,0.02686,0.14633,0.01796,1,3,1
L003469,0,0,0,0,1,0,1,0,0.01543,0.01689,0.0,0,2,0
L003470,0,0,0,1,1,0,0,1,0.0113,0.00287,0.24742,1,2,1
L003471,0,0,0,1,1,0,1,1,0.07424,0.01147,0.26464,1,3,1
L003472,0,0,0,0,0,0,0,0,0.0004,0.0,0.0,0,0,0
L003473,0,1,0,0,1,1,1,1,0.02281,0.02146,0.01511,1,4,1
L003474,0,0,0,0,0,0,0,1,0.00408,0.00405,0.01047,0,1,0
L003475,0,0,0,1,0,0,0,1,0.0,0.00303,0.14482,1,1,1
L003476,0,0,0,0,0,0,0,0,0.00367,0.0,1e-05,0,0,0
L003477,0,0,0,0,0,0,0,0,0.0068,0.0,0.0,0,0,0
L003478,0,0,0,0,0,0,0,1,0.00316,0.0046,0.01909,0,1,0
L003479,0,0,0,0,0,0,0,0,0.0,0.0,0.0,0,0,0
L003480,0,0,0,0,0,0,0,0,0.00067,0.00231,0.00837,0,0,0
L003481,0,0,0,0,1,0,0,1,0.04055,0.0,0.07638,0,2,0
L003482,0,0,1,0,0,0,1,0,0.0,0.08238,0.00531,1,1,1
L003483,0,0,0,0,0,0,1,1,0.0,0.02105,0.08398,0,2,0
L003484,0,0,0,0,1,0,0,0,0.01174,0.0,0.0,0,1,0
L003485,0,0,0,0,0,0,1,0,0.0083,0.01127,0.0,0,1,0
L003486,0,0,0,0,0,0,0,0,0.00161,0.00079,0.00128,0,0,0
L003487,0,0,0,0,0,0,1,0,0.00318,0.02822,0.00703,0,1,0
L003488,0,0,0,1,1,0,0,1,0.03579,0.0031,0.13602,1,2,1
L003489,0,0,0,0,1,0,0,0,0.01763,0.00458,0.00975,0,1,0
L003490,0,0,0,0,0,0,0,0,0.0,0.0,0.0,0,0,0
L003491,0,0,1,0,1,0,1,1,0.03526,0.14122,0.01587,1,3,1
L003492,0,0,0,0,0,0,1,0,0.00313,0.03679,0.00169,0,1,0
L003493,0,0,1,0,0,0,1,0,0.0,0.08504,0.0,1,1,1
L003494,0,0,1,1,0,0,1,1,0.0,0.12694,0.56611,2,2,1
L003495,0,0,0,0,0,0,0,1,0.0,0.0,0.04327,0,1,0
L003496,0,0,0,1,0,0,0,1,0.0032,0.0,0.11297,1,1,1
L003497,0,0,0,0,0,0,0,0,0.0,0.0,0.00289,0,0,0
L003498,0,0,0,0,0,0,0,0,0.0,0.0,0.00647,0,0,0
L003499,0,0,0,0,0,0,0,0,0.0056,0.0,0.00076,0,0,0
L003500,0,0,0,1,0,0,0,1,0.0,0.00227,0.11833,1,1,1
L003501,0,0,0,0,0,0,0,0,0.00727,0.00014,0.0,0,0,0
L003502,0,0,1,0,0,0,1,1,0.0,0.07185,0.02837,1,2,1
L003503,0,0,0,0,0,0,1,0,0.00471,0.02182,0.00026,0,1,0
L003504,0,0,0,0,0,0,0,0,0.00076,0.0,0.0,0,0,0
L003505,0,0,0,0,0,0,0,0,0.0,0.00203,0.00226,0,0,0
L003506,0,0,0,0,0,0,0,0,0.00149,0.0,0.0,0,0,0
L003507,0,0,0,0,0,0,0,0,0.00085,0.00338,0.00485,0,0,0
L003508,0,0,1,0,0,0,1,0,0.00084,0.05508,0.0,1,1,1
L003509,0,0,1,1,0,0,1,1,0.00393,0.10983,0.21564,2,2,1
L003510,0,0,1,0,1,0,1,1,0.02144,0.0607,0.03752,1,3,1
L003511,0,0,0,0,0,0,1,0,0.0,0.01244,0.0,0,1,0
L003512,0,0,0,0,0,0,0,0,0.00345,0.00012,0.00025,0,0,0
L003513,0,0,0,0,1,0,0,0,0.01189,0.0,0.0002,0,1,0
L003514,0,0,1,0,0,0,1,0,0.0033,0.05868,0.00501,1,1,1
L003515,0,0,0,0,1,0,1,1,0.03164,0.02616,0.0103,0,3,0
L003516,0,0,0,0,0,0,1,0,0.0,0.0054,0.0,0,1,0
L003517,0,0,0,0,0,0,0,0,0.0018,0.00245,0.00411,0,0,0
L003518,0,0,0,0,0,0,1,0,0.00064,0.03979,0.00249,0,1,0
L003519,0,0,0,0,0,0,0,0,0.0,0.00078,0.0,0,0,0
L003520,0,0,0,0,0,0,0,0,0.0,0.0,0.00071,0,0,0
L003521,0,0,0,0,0,0,0,1,0.0,0.00406,0.07992,0,1,0
L003522,0,0,0,0,0,0,0,0,0.0,0.0,0.0,0,0,0
L003523,0,0,0,0,1,0,1,1,0.01444,0.01005,0.03115,0,3,0
L003524,0,0,0,0,0,0,0,0,0.00049,0.0,0.0,0,0,0
L003525,0,0,0,0,0,0,0,0,0.00154,0.00038,0.0,0,0,0
L003526,0,1,0,0,0,1,0,0,0.0,0.0,0.0,1,1,1
L003527,0,1,0,0,0,1,1,1,0.00887,0.04036,0.04203,1,3,1
L003528,0,0,0,1,0,0,0,1,0.00375,0.0,0.30315,1,1,1
L003529,0,0,0,0,0,0,0,0,0.0,0.00278,0.00592,0,0,0
L003530,0,0,1,1,0,0,1,1,0.00234,0.15811,0.63085,2,2,1
L003531,0,0,0,1,1,0,1,1,0.03024,0.01928,0.10686,1,3,1
L003532,0,0,0,0,0,0,1,1,0.00236,0.01751,0.03107,0,2,0
L003533,0,0,0,0,0,0,0,0,0.0,0.0,0.0,0,0,0
L003534,0,0,0,0,0,0,0,0,0.0,0.00144,0.0019,0,0,0
L003535,0,0,0,0,0,0,1,0,0.00361,0.01998,0.00154,0,1,0
L003536,0,0,0,0,0,0,0,0,0.0,0.0,0.0,0,0,0
L003537,0,0,0,0,0,0,1,1,0.0033,0.02469,0.07485,0,2,0
L003538,0,0,0,0,0,0,0,0,2e-05,0.00112,0.00431,0,0,0
L003539,0,0,0,0,0,0,0,0,0.0,0.00068,0.0,0,0,0
L003540,0,0,1,1,0,0,1,1,0.00064,0.12193,0.28861,2,2,1
L003541,0,0,0,0,1,0,1,0,0.02551,0.02187,0.00464,0,2,0
L003542,0,0,0,0,1,0,1,1,0.07225,0.03093,0.09697,0,3,0
L003543,0,0,0,0,0,0,0,1,0.00409,0.00461,0.04829,0,1,0
L003544,0,1,0,0,0,1,0,0,0.00639,0.0047,0.0029,1,1,1
L003545,0,0,0,0,1,0,0,0,0.0293,6e-05,0.00876,0,1,0
L003546,0,0,0,0,0,0,0,0,0.0,0.00286,0.00517,0,0,0
L003547,0,1,0,0,1,1,0,0,0.03055,0.00208,0.00066,1,2,1
L003548,0,0,0,0,1,0,0,1,0.02694,0.0024,0.04174,0,2,0
L003549,0,0,0,0,0,0,0,0,0.00465,0.00456,0.00524,0,0,0
L003550,0,0,0,0,1,0,0,0,0.07575,0.0,0.0,0,1,0
L003551,0,0,0,0,1,0,1,1,0.02445,0.00652,0.02001,0,3,0
L003552,0,0,0,0,0,0,0,0,0.0,0.00298,0.0,0,0,0
L003553,0,1,0,0,0,1,0,0,0.00312,0.0,0.00441,1,1,1
L003554,0,0,0,0,0,0,0,0,0.0,0.00144,0.0,0,0,0
L003555,0,0,0,0,0,0,0,0,0.00195,0.0,0.00059,0,0,0
L003556,0,0,0,0,0,0,0,0,0.0014,0.00225,0.00416,0,0,0
L003557,0,0,0,0,0,0,0,1,0.00038,0.0,0.06991,0,1,0
L003558,0,0,0,0,0,0,0,0,0.00093,0.0,4e-05,0,0,0
L003559,1,1,0,1,1,1,1,1,0.10591,0.02664,0.13113,3,4,1
L003560,0,0,0,0,0,0,0,0,0.0,0.00051,0.00216,0,0,0
L003561,0,1,0,0,1,1,0,1,0.09283,0.0,0.05403,1,3,1
L003562,0,0,0,0,0,0,0,0,0.0,0.00178,0.0,0,0,0
L003563,0,0,0,0,1,0,0,0,0.02958,0.00123,0.00328,0,1,0
L003564,0,0,0,0,0,0,0,1,0.00148,0.00236,0.01564,0,1,0
L003565,0,0,0,0,0,0,1,0,0.00976,0.0228,0.00029,0,1,0
L003566,0,0,0,0,0,0,0,0,0.00244,0.00156,0.0056,0,0,0
L003567,0,0,1,1,0,0,1,1,0.0,0.05147,0.1071,2,2,1
L003568,0,0,0,1,0,0,0,1,0.0,0.0,0.39656,1,1,1
L003569,0,0,0,0,0,0,0,0,0.00086,0.00071,0.00137,0,0,0
L003570,0,0,0,0,0,0,0,1,0.0,0.00187,0.04476,0,1,0
L003571,0,0,0,0,1,0,1,1,0.04767,0.02408,0.02332,0,3,0
L003572,0,1,0,0,0,1,0,1,0.00316,0.0,0.09076,1,2,1
L003573,0,0,0,0,1,0,1,0,0.06409,0.01176,0.00817,0,2,0
L003574,0,0,0,0,0,0,0,0,0.00223,0.0,0.00108,0,0,0
L003575,0,0,0,0,0,0,0,1,0.0,0.00054,0.02954,0,1,0
L003576,0,0,0,0,0,0,1,1,0.00625,0.0381,0.02373,0,2,0
L003577,0,0,0,0,1,0,1,1,0.04407,0.02044,0.02005,0,3,0
L003578,0,0,0,0,0,0,0,0,0.00127,0.00133,0.00479,0,0,0
L003579,0,0,0,0,0,0,1,0,0.00456,0.02618,0.0,0,1,0
L003580,0,0,0,0,0,0,0,0,0.0,0.0,0.0,0,0,0
L003581,0,0,0,0,0,0,1,0,0.0,0.03616,0.00471,0,1,0
L003582,0,0,0,0,0,0,0,0,0.00206,0.00417,0.00053,0,0,0
L003583,0,0,0,0,0,0,0,0,0.00951,0.0,0.00449,0,0,0
L003584,0,0,0,0,0,0,0,0,0.00177,0.0,0.0,0,0,0
L003585,0,1,1,0,1,1,1,0,0.05858,0.07064,0.00654,2,3,1
L003586,0,0,0,0,0,0,0,0,0.0,0.0,0.00076,0,0,0
L003587,0,1,0,0,0,1,0,0,0.00848,0.00357,0.00928,1,1,1
L003588,0,0,1,0,0,0,1,0,0.00402,0.11018,0.0,1,1,1
L003589,0,0,0,0,0,0,0,0,0.0,0.00043,0.0,0,0,0
L003590,0,0,0,0,0,0,0,0,0.0,0.0,0.00151,0,0,0
L003591,0,0,1,1,1,0,1,1,0.04632,0.12931,0.19931,2,3,1
L003592,0,0,0,0,0,0,0,0,0.00757,0.00045,0.0,0,0,0
L003593,0,1,0,0,1,1,1,1,0.01036,0.02295,0.03321,1,4,1
L003594,0,0,0,0,1,0,1,1,0.02604,0.02722,0.04271,0,3,0
L003595,0,0,0,0,0,0,0,0,0.0,0.0,0.00518,0,0,0
L003596,0,0,0,0,0,0,1,1,0.0,0.01199,0.01492,0,2,0
L003597,0,0,0,0,0,0,0,0,0.0,0.0,0.0,0,0,0
L003598,0,0,1,0,1,0,1,1,0.0294,0.0756,0.05352,1,3,1
L003599,0,0,0,0,0,0,1,1,0.0,0.02938,0.06579,0,2,0
L003600,0,0,0,0,0,0,1,0,0.0,0.03209,0.0,0,1,0
L003601,0,0,0,0,0,0,0,0,0.0,0.0,0.0,0,0,0
L003602,0,0,0,0,0,0,0,0,0.00921,0.0,0.0,0,0,0
L003603,0,0,0,0,0,0,1,0,0.0,0.03422,0.00253,0,1,0
L003604,0,0,0,0,0,0,0,0,0.0,0.00059,0.0,0,0,0
L003605,0,0,0,0,0,0,0,1,0.00288,0.00029,0.02606,0,1,0
L003606,0,0,0,1,0,0,0,1,0.0,0.00109,0.23807,1,1,1
L003607,0,0,0,0,0,0,0,0,0.00092,0.0,0.0,0,0,0
L003608,0,0,0,0,0,0,0,0,0.00626,0.0,0.0,0,0,0
L003609,0,0,0,0,0,0,0,0,0.0,0.00238,0.0,0,0,0
L003610,1,0,0,0,1,0,1,1,0.12371,0.00594,0.02777,1,3,1
L003611,0,0,0,0,0,0,0,1,0.0,0.0,0.07232,0,1,0
L003612,0,0,1,0,0,0,1,0,0.00414,0.06412,0.00115,1,1,1
L003613,0,0,0,0,0,0,1,1,0.0,0.01833,0.05934,0,2,0
L003614,0,1,0,0,0,1,0,1,0.00074,0.0,0.0669,1,2,1
L003615,0,1,0,0,1,1,1,1,0.05592,0.02187,0.03057,1,4,1
L003616,0,0,0,0,0,0,0,0,0.0005,0.00278,0.00129,0,0,0
L003617,0,1,0,0,1,1,1,1,0.02837,0.02027,0.07888,1,4,1
L003618,0,1,0,0,1,1,0,0,0.0387,0.0,0.0,1,2,1
L003619,0,0,0,0,0,0,0,0,0.0,0.0,0.0,0,0,0
L003620,0,0,0,0,0,0,0,0,0.0,0.00281,0.00117,0,0,0
L003621,0,0,0,0,1,0,1,1,0.04228,0.04584,0.03834,0,3,0
L003622,0,0,0,0,0,0,1,0,0.0,0.04218,0.00657,0,1,0
L003623,0,1,0,0,0,1,0,0,0.0043,0.0,0.00509,1,1,1
L003624,0,0,0,0,1,0,0,0,0.01109,0.0,0.00274,0,1,0
L003625,0,0,0,0,0,0,0,0,0.00042,0.0,0.0,0,0,0
L003626,0,0,0,0,0,0,0,0,0.0,0.0,0.00033,0,0,0
L003627,0,0,0,0,0,0,0,0,0.00204,0.00094,0.00127,0,0,0
L003628,0,0,0,0,1,0,1,1,0.01303,0.0059,0.03739,0,3,0
L003629,0,0,0,1,1,0,1,1,0.01496,0.04009,0.15062,1,3,1
L003630,0,1,0,0,0,1,0,0,0.0,0.00232,0.0,1,1,1
L003631,0,0,1,0,0,0,1,0,0.0,0.05188,0.00991,1,1,1
L003632,0,0,0,0,0,0,0,0,0.00137,0.0,0.0,0,0,0
L003633,0,0,0,0,1,0,0,1,0.0312,0.0,0.05946,0,2,0
L003634,0,0,0,0,0,0,0,0,0.0,0.0,0.0,0,0,0
L003635,0,0,0,0,0,0,0,0,0.0,0.0,0.00027,0,0,0
L003636,0,0,0,0,0,0,0,0,0.00179,0.00222,0.0,0,0,0
L003637,0,0,0,0,0,0,0,1,0.00047,0.0017,0.04949,0,1,0
L003638,0,0,0,0,0,0,0,0,0.0,0.0,0.0,0,0,0
L003639,0,0,1,0,1,0,1,0,0.02286,0.10242,0.0,1,2,1
L003640,0,0,0,0,0,0,1,0,0.00358,0.03461,0.0,0,1,0
L003641,0,0,1,0,1,0,1,1,0.03839,0.05484,0.07204,1,3,1
L003642,0,0,0,0,0,0,1,1,0.00038,0.00891,0.02434,0,2,0
L003643,0,0,0,0,1,0,0,0,0.02061,0.00046,0.00131,0,1,0
L003644,0,0,0,0,0,0,1,0,0.0,0.01647,0.00181,0,1,0
L003645,0,1,0,0,0,1,1,1,0.0092,0.01198,0.07102,1,3,1
L003646,0,0,0,0,1,0,0,0,0.01561,0.00124,0.0,0,1,0
L003647,0,0,0,0,0,0,0,1,0.0,0.0,0.02373,0,1,0
L003648,0,0,0,0,0,0,1,0,0.0,0.02434,0.00078,0,1,0
L003649,1,0,0,0,1,0,0,1,0.11216,0.00155,0.06953,1,2,1
L003650,0,0,0,0,0,0,0,0,0.0,0.00059,0.00522,0,0,0
L003651,0,0,0,0,0,0,1,1,0.00326,0.04086,0.06013,0,2,0
L003652,0,0,0,0,0,0,0,0,0.0,0.00244,0.0086,0,0,0
L003653,0,0,0,0,0,0,0,0,0.0,0.0,0.0009,0,0,0
L003654,0,0,0,1,1,0,1,1,0.03454,0.04027,0.12387,1,3,1
L003655,0,0,0,0,1,0,0,1,0.03386,0.00089,0.08748,0,2,0
L003656,0,0,0,0,0,0,0,0,0.0,0.0,0.00307,0,0,0
L003657,0,1,0,0,1,1,1,1,0.04897,0.02007,0.07389,1,4,1
L003658,0,0,1,0,0,0,1,0,0.00881,0.05297,0.00568,1,1,1
L003659,0,0,0,0,1,0,0,0,0.03139,0.0,0.00244,0,1,0
L003660,0,0,0,0,1,0,0,1,0.01063,0.00283,0.06077,0,2,0
L003661,0,0,0,0,1,0,1,1,0.03361,0.01712,0.03801,0,3,0
L003662,0,0,0,0,0,0,1,0,0.00094,0.01826,0.0,0,1,0
L003663,0,0,0,0,0,0,0,0,0.0,0.0,0.0073,0,0,0
L003664,0,0,0,0,0,0,1,1,0.00952,0.04558,0.02706,0,2,0
L003665,0,1,0,0,1,1,1,1,0.07114,0.01091,0.03373,1,4,1
L003666,0,1,1,0,0,1,1,1,0.0,0.16468,0.06589,2,3,1
L003667,0,0,0,0,0,0,0,0,0.0,0.0,0.00418,0,0,0
L003668,0,0,0,0,0,0,0,0,0.0,0.0,0.0006,0,0,0
L003669,0,0,0,0,0,0,0,0,0.00274,0.0,0.0,0,0,0
L003670,0,0,0,0,0,0,0,0,0.0,0.0013,4e-05,0,0,0
L003671,0,0,0,0,0,0,0,0,0.0,0.00355,0.0,0,0,0
L003672,0,0,0,0,0,0,0,0,0.0,0.0,0.00015,0,0,0
L003673,0,0,0,0,0,0,0,0,0.00401,0.0023,0.00478,0,0,0
L003674,0,0,0,0,0,0,0,0,0.00768,0.0,0.00752,0,0,0
L003675,0,0,0,1,0,0,0,1,0.0,0.0,0.13282,1,1,1
L003676,0,0,1,1,1,0,1,1,0.01966,0.39845,0.93553,2,3,1
L003677,0,1,0,0,1,1,1,1,0.06241,0.02325,0.01646,1,4,1
L003678,0,0,0,0,0,0,0,0,0.00192,0.00208,0.00777,0,0,0
L003679,0,0,0,0,0,0,0,0,0.00165,0.00018,0.00465,0,0,0
L003680,0,1,0,1,0,1,0,1,0.00588,0.0,0.77438,2,2,1
L003681,0,0,0,0,0,0,0,0,0.0,0.0,0.0,0,0,0
L003682,0,0,1,1,1,0,1,1,0.06046,0.1866,0.36772,2,3,1
L003683,0,1,1,1,0,1,1,1,0.0,0.29893,0.5211,3,3,1
L003684,0,0,0,0,0,0,0,0,0.0,0.0,9e-05,0,0,0
L003685,0,0,0,0,0,0,1,1,0.00427,0.02771,0.01572,0,2,0
L003686,0,0,0,0,0,0,0,0,0.0,0.0,0.0,0,0,0
L003687,0,0,0,1,1,0,0,1,0.01093,0.0,0.15554,1,2,1
L003688,0,0,0,0,0,0,0,0,0.0,0.00198,0.0,0,0,0
L003689,0,0,0,0,0,0,0,0,0.00207,0.00268,0.00064,0,0,0
L003690,0,0,0,0,0,0,0,0,0.00715,0.0,0.00295,0,0,0
L003691,0,0,0,0,0,0,0,1,0.00032,0.0,0.02956,0,1,0
L003692,0,0,1,0,0,0,1,0,0.00415,0.17225,0.0,1,1,1
L003693,0,0,0,0,0,0,0,0,0.0,0.00077,0.0,0,0,0
L003694,0,0,0,0,0,0,0,1,0.00275,0.0,0.01319,0,1,0
L003695,0,0,0,0,1,0,1,0,0.0269,0.02032,0.0016,0,2,0
L003696,0,0,0,0,1,0,1,1,0.01703,0.01786,0.02578,0,3,0
L003697,0,0,0,0,0,0,0,0,0.00357,0.00298,0.00221,0,0,0
L003698,0,0,0,0,0,0,0,0,0.0,0.00265,0.0,0,0,0
L003699,0,0,0,1,0,0,1,1,0.00141,0.01072,0.2452,1,2,1
L003700,0,0,0,0,0,0,0,1,0.00481,0.0,0.0353,0,1,0
L003701,0,0,0,0,0,0,1,0,0.0,0.00514,0.00036,0,1,0
L003702,0,0,0,0,1,0,0,0,0.09251,0.0,0.0,0,1,0
L003703,0,0,1,0,0,0,1,0,0.0,0.15757,0.0,1,1,1
L003704,0,0,0,0,0,0,1,1,0.0,0.01549,0.03381,0,2,0
L003705,0,0,0,1,0,0,0,1,0.00477,0.0,0.14041,1,1,1
L003706,0,0,1,0,0,0,1,0,0.0,0.1657,0.0,1,1,1
L003707,0,0,0,0,0,0,0,0,0.0,0.00227,0.0,0,0,0
L003708,0,0,0,0,0,0,0,0,0.00478,3e-05,0.0,0,0,0
L003709,0,0,0,0,1,0,0,0,0.02005,0.0,0.0,0,1,0
L003710,0,0,0,0,0,0,0,0,0.0,0.00335,0.00325,0,0,0
L003711,0,0,0,0,0,0,0,1,0.00521,0.00058,0.01616,0,1,0
L003712,0,0,0,0,0,0,1,1,0.0,0.03956,0.05036,0,2,0
L003713,0,0,0,0,0,0,0,0,0.0,0.00218,0.0,0,0,0
L003714,0,0,0,0,1,0,1,0,0.01623,0.03314,0.00128,0,2,0
L003715,0,0,0,0,0,0,0,0,0.00904,0.00119,0.00067,0,0,0
L003716,0,0,1,1,0,0,1,1,0.0,0.07921,0.12595,2,2,1
L003717,0,0,1,1,1,0,1,1,0.03138,0.05731,0.12,2,3,1
L003718,0,0,0,1,0,0,0,1,0.00624,0.0,0.10704,1,1,1
L003719,0,0,0,0,0,0,0,0,0.0,0.00058,0.0,0,0,0
L003720,0,0,0,0,0,0,0,0,0.0,0.00016,0.00015,0,0,0
L003721,0,1,0,0,0,1,1,1,0.00522,0.00691,0.04508,1,3,1
L003722,0,0,0,0,0,0,0,0,0.0,0.00088,0.0,0,0,0
L003723,0,0,0,0,0,0,0,0,0.0,0.00248,0.00613,0,0,0
L003724,0,0,0,0,0,0,0,1,0.0,0.0,0.01112,0,1,0
L003725,0,0,1,0,0,0,1,1,0.0,0.05601,0.04002,1,2,1
L003726,0,0,0,0,0,0,1,1,0.0,0.01687,0.0401,0,2,0
L003727,0,0,0,0,0,0,1,1,0.00091,0.0313,0.07311,0,2,0
L003728,0,0,0,0,0,0,0,1,0.00477,0.0,0.03395,0,1,0
L003729,0,1,0,1,0,1,0,1,0.00287,0.00338,0.24863,2,2,1
L003730,0,0,0,0,0,0,0,0,0.0,0.0,0.00677,0,0,0
L003731,0,0,1,0,0,0,1,0,0.00254,0.06097,0.0,1,1,1
L003732,0,0,0,0,0,0,1,1,0.00466,0.01665,0.04005,0,2,0
L003733,0,0,0,0,0,0,1,0,0.0,0.02116,0.0,0,1,0
L003734,0,0,0,0,0,0,0,1,0.0,0.00444,0.01784,0,1,0
L003735,0,0,0,0,1,0,1,1,0.01463,0.01319,0.01549,0,3,0
L003736,0,0,0,0,0,0,0,0,0.00169,0.0,0.00643,0,0,0
L003737,0,0,0,0,0,0,0,0,0.00526,0.00088,0.00136,0,0,0
L003738,0,0,1,0,0,0,1,1,0.00413,0.1782,0.03864,1,2,1
L003739,0,0,0,0,0,0,1,1,0.00527,0.01509,0.04248,0,2,0
L003740,0,0,0,0,0,0,1,0,0.0,0.03416,0.00538,0,1,0
L003741,0,0,0,0,1,0,1,1,0.02717,0.02646,0.01829,0,3,0
L003742,0,0,0,0,0,0,0,0,0.0,0.00153,0.0,0,0,0
L003743,0,0,0,0,0,0,1,0,0.00668,0.02573,0.00319,0,1,0
L003744,0,0,0,0,0,0,0,1,0.0,0.0,0.04409,0,1,0
L003745,0,0,0,0,0,0,0,0,0.0,0.00048,0.00313,0,0,0
L003746,0,1,1,1,0,1,1,1,0.00017,0.47746,1.3247,3,3,1
L003747,0,0,0,0,1,0,1,1,0.05306,0.03584,0.03826,0,3,0
L003748,0,0,0,0,0,0,1,0,0.0027,0.01807,0.00828,0,1,0
L003749,0,0,0,0,1,0,0,1,0.01156,0.00246,0.03927,0,2,0
L003750,0,0,0,0,0,0,0,0,0.00144,0.0,0.0,0,0,0
L003751,0,1,0,1,0,1,1,1,0.00272,0.01149,0.74931,2,3,1
L003752,0,0,0,0,0,0,0,0,0.0,0.0026,0.0,0,0,0
L003753,0,0,0,0,0,0,0,0,0.00413,0.00123,0.00505,0,0,0
L003754,0,0,0,0,0,0,0,0,0.0,0.0,0.0,0,0,0
L003755,0,0,0,0,1,0,1,1,0.02245,0.03618,0.01308,0,3,0
L003756,0,0,0,0,0,0,0,0,0.00096,0.0,0.0,0,0,0
L003757,0,0,0,0,0,0,0,0,0.0,0.0,0.00136,0,0,0
L003758,0,0,0,0,0,0,1,0,0.00941,0.00608,0.00156,0,1,0
L003759,0,0,0,0,1,0,1,1,0.01297,0.01712,0.01316,0,3,0
L003760,0,0,0,0,0,0,0,0,0.0,0.00256,0.00565,0,0,0
L003761,0,1,0,0,0,1,0,0,0.00444,0.00015,0.00806,1,1,1
L003762,0,1,0,1,0,1,0,1,0.0,0.00247,0.83362,2,2,1
L003763,0,0,0,0,0,0,0,0,0.0,0.00348,0.0,0,0,0
L003764,0,0,0,0,0,0,0,0,0.0,0.00288,0.00991,0,0,0
L003765,0,0,0,0,0,0,0,0,0.0,0.0,0.00325,0,0,0
L003766,0,0,0,0,0,0,0,0,0.0,0.0,0.00817,0,0,0
L003767,0,0,0,0,0,0,0,0,0.0,0.00209,0.0,0,0,0
L003768,0,0,0,0,0,0,0,1,0.00929,0.00443,0.05474,0,1,0
L003769,0,0,0,0,0,0,0,0,0.0,0.00012,0.00074,0,0,0
L003770,0,0,1,0,1,0,1,1,0.01485,0.06813,0.07665,1,3,1
L003771,0,0,0,0,0,0,0,0,0.00343,0.00384,0.0,0,0,0
L003772,0,0,1,0,1,0,1,0,0.02574,0.06474,0.00918,1,2,1
L003773,0,0,0,0,0,0,0,0,0.00329,0.0,0.0,0,0,0
L003774,0,0,0,0,1,0,1,1,0.03213,0.01409,0.01328,0,3,0
L003775,0,1,1,0,0,1,1,1,0.0,0.08219,0.04898,2,3,1
L003776,0,0,0,0,0,0,1,1,0.0,0.00628,0.01803,0,2,0
L003777,0,0,0,0,0,0,0,0,0.00112,0.00046,6e-05,0,0,0
L003778,0,0,0,0,0,0,0,0,0.0,0.0,0.00741,0,0,0
L003779,0,0,0,0,0,0,0,0,0.00449,0.0,0.0,0,0,0
L003780,0,0,0,0,0,0,0,0,0.0,0.0,0.0,0,0,0
L003781,0,0,0,0,0,0,0,0,0.00291,7e-05,0.00051,0,0,0
L003782,0,0,0,0,1,0,0,0,0.01811,0.00051,0.0,0,1,0
L003783,0,0,1,0,0,0,1,0,0.00363,0.07025,0.00486,1,1,1
L003784,0,0,1,0,0,0,1,1,0.00071,0.10282,0.03105,1,2,1
L003785,0,0,0,0,0,0,1,1,0.0,0.00844,0.04492,0,2,0
L003786,0,0,1,0,0,0,1,0,0.0,0.07028,0.0,1,1,1
L003787,0,0,0,0,0,0,0,0,0.00642,0.0013,0.00246,0,0,0
L003788,0,0,0,0,0,0,1,1,0.00658,0.04485,0.05163,0,2,0
L003789,0,0,0,0,0,0,0,0,0.0056,0.00048,0.0,0,0,0
L003790,0,0,0,0,1,0,0,0,0.0261,0.00154,0.00238,0,1,0
L003791,0,0,0,0,0,0,0,0,0.0,0.00041,0.0,0,0,0
L003792,0,0,1,0,0,0,1,0,0.00105,0.4252,0.00473,1,1,1
L003793,0,0,0,0,0,0,1,1,0.00157,0.0235,0.02597,0,2,0
L003794,0,0,0,0,1,0,1,1,0.02382,0.03731,0.0125,0,3,0
L003795,0,0,0,0,0,0,0,1,0.00575,0.00278,0.01163,0,1,0
L003796,0,0,1,0,0,0,1,1,0.0,0.0777,0.08825,1,2,1
L003797,0,0,0,0,0,0,0,0,0.0,0.00352,0.00416,0,0,0
L003798,0,0,1,0,0,0,1,1,0.0,0.39775,0.03781,1,2,1
L003799,0,0,0,0,0,0,0,0,0.0,0.00096,0.00079,0,0,0
L003800,0,0,0,0,0,0,1,1,0.0,0.03022,0.01721,0,2,0
L003801,0,0,0,0,1,0,0,0,0.05473,0.0,0.00475,0,1,0
L003802,0,0,0,1,1,0,0,1,0.04055,0.00059,0.1315,1,2,1
L003803,0,0,0,0,0,0,0,0,0.0,0.0,0.00045,0,0,0
L003804,0,0,0,0,0,0,0,0,0.00124,0.0,0.00238,0,0,0
L003805,0,0,0,0,1,0,0,1,0.01591,0.0,0.09987,0,2,0
L003806,0,0,0,0,0,0,1,0,0.00937,0.02684,0.00066,0,1,0
L003807,0,0,0,0,0,0,0,0,0.0,0.0,0.00334,0,0,0
L003808,0,0,0,0,0,0,0,0,0.0,0.0,0.00166,0,0,0
L003809,0,0,0,0,0,0,1,1,0.0,0.01741,0.03403,0,2,0
L003810,0,0,0,0,1,0,1,1,0.01034,0.01938,0.0113,0,3,0
L003811,0,0,0,0,1,0,0,0,0.04626,0.0,0.0,0,1,0
L003812,0,0,0,0,0,0,0,1,0.0,0.0,0.01262,0,1,0
L003813,0,0,0,0,0,0,0,0,0.00099,0.0,0.00498,0,0,0
L003814,0,0,0,0,0,0,0,0,0.00489,0.0,0.00134,0,0,0
L003815,0,0,1,0,1,0,1,0,0.01797,0.06062,0.00038,1,2,1
L003816,0,0,0,0,1,0,1,1,0.01662,0.02097,0.03678,0,3,0
L003817,0,0,0,0,0,0,0,1,0.00115,0.00102,0.02796,0,1,0
L003818,0,1,0,0,1,1,1,1,0.04627,0.02529,0.05288,1,4,1
L003819,0,1,0,0,0,1,1,1,0.0,0.02827,0.01211,1,3,1
L003820,0,1,0,0,1,1,0,1,0.03131,0.00367,0.04724,1,3,1
L003821,0,0,0,0,0,0,0,0,0.00719,0.00133,0.0,0,0,0
L003822,0,0,0,0,0,0,0,1,0.0,0.0,0.02022,0,1,0
L003823,0,0,0,0,0,0,0,0,0.0,0.0,0.00348,0,0,0
L003824,0,1,1,1,1,1,1,1,0.0496,0.27021,0.14628,3,4,1
L003825,0,0,0,0,0,0,0,0,0.00403,0.00096,0.0,0,0,0
L003826,0,0,0,0,0,0,0,0,0.00332,0.0025,0.0,0,0,0
L003827,0,1,1,0,0,1,1,0,0.00292,0.0935,0.0,2,2,1
L003828,0,0,0,0,0,0,0,1,0.00617,0.00073,0.03058,0,1,0
L003829,0,0,0,0,0,0,1,1,0.00308,0.03487,0.09263,0,2,0
L003830,0,0,0,0,0,0,0,1,0.0,0.0,0.03032,0,1,0
L003831,0,0,0,0,0,0,0,0,0.0,0.00136,0.00288,0,0,0
L003832,0,0,0,0,0,0,0,1,0.00201,0.0,0.01702,0,1,0
L003833,0,0,1,0,0,0,1,0,0.00063,0.0848,0.00313,1,1,1
L003834,0,0,0,0,1,0,0,1,0.01039,0.0,0.09547,0,2,0
L003835,0,0,0,0,0,0,1,1,0.00142,0.02931,0.06582,0,2,0
L003836,0,1,0,0,0,1,0,0,0.00913,0.0,0.0,1,1,1
L003837,0,0,0,1,1,0,1,1,0.01163,0.02274,0.28156,1,3,1
L003838,0,0,0,0,0,0,0,0,0.00126,0.00189,0.0,0,0,0
L003839,0,0,0,0,1,0,0,0,0.04575,0.0,0.0,0,1,0
L003840,0,0,0,1,0,0,1,1,0.00674,0.03844,0.21414,1,2,1
L003841,0,0,0,0,0,0,0,0,0.0,0.0,0.00042,0,0,0
L003842,0,0,1,0,0,0,1,0,0.00865,0.07958,0.00298,1,1,1
L003843,0,0,0,0,0,0,1,1,0.0,0.02922,0.03133,0,2,0
L003844,0,1,0,1,0,1,0,1,0.00125,0.0,0.1285,2,2,1
L003845,0,0,0,0,0,0,0,0,0.0,0.00454,0.00772,0,0,0
L003846,0,0,1,0,0,0,1,0,0.0054,0.05239,0.0,1,1,1
L003847,0,0,0,0,0,0,0,0,0.00474,0.0,0.0,0,0,0
L003848,0,0,0,0,0,0,0,1,0.00055,0.003,0.01376,0,1,0
L003849,0,0,0,0,0,0,1,0,0.00063,0.03112,0.00744,0,1,0
L003850,0,0,0,0,0,0,1,1,0.0,0.00783,0.0438,0,2,0
L003851,0,0,0,0,0,0,1,0,0.00235,0.02952,0.00717,0,1,0
L003852,0,0,0,0,0,0,0,1,0.00456,0.0,0.02831,0,1,0
L003853,0,0,0,0,0,0,0,1,0.00099,0.0,0.0272,0,1,0
L003854,0,1,0,0,0,1,0,0,0.009,0.0016,0.0092,1,1,1
L003855,0,0,0,0,0,0,1,1,0.0,0.04957,0.03812,0,2,0
L003856,0,0,0,0,0,0,0,0,0.0,0.0,0.00209,0,0,0
L003857,1,0,0,0,1,0,0,0,0.13147,0.0,0.00204,1,1,1
L003858,0,1,0,0,1,1,0,1,0.0184,0.00017,0.02702,1,3,1
L003859,0,0,0,0,0,0,0,0,0.00209,0.00024,0.0,0,0,0
L003860,0,0,0,0,0,0,0,1,0.00103,0.0,0.08895,0,1,0
L003861,1,0,0,0,1,0,1,1,0.21002,0.03776,0.04215,1,3,1
L003862,0,1,1,0,0,1,1,1,0.00472,0.12774,0.09471,2,3,1
L003863,0,1,0,0,0,1,0,0,0.0,0.0,0.00623,1,1,1
L003864,0,0,0,0,1,0,0,0,0.06163,0.0,0.0,0,1,0
L003865,0,0,0,0,0,0,0,1,0.00146,0.00191,0.04476,0,1,0
L003866,0,0,0,0,1,0,0,0,0.0147,0.00219,0.00065,0,1,0
L003867,0,0,0,0,0,0,0,0,0.00611,0.0,0.0,0,0,0
L003868,0,0,0,1,1,0,1,1,0.01986,0.02188,0.13241,1,3,1
L003869,0,1,0,0,0,1,0,1,0.0,0.0,0.08203,1,2,1
L003870,0,0,0,0,0,0,0,0,0.00724,0.0,0.00477,0,0,0
L003871,0,0,0,0,1,0,0,0,0.01207,0.0,0.0,0,1,0
L003872,0,0,0,0,0,0,0,0,0.0042,0.0,0.0,0,0,0
L003873,0,0,0,0,1,0,0,0,0.02825,0.00133,0.00249,0,1,0
L003874,0,0,0,0,1,0,1,0,0.06945,0.04779,0.0009,0,2,0
L003875,0,0,0,0,0,0,0,0,0.00195,0.0,0.0,0,0,0
L003876,0,0,0,0,0,0,0,0,0.00134,0.0,0.00738,0,0,0
L003877,0,1,0,1,0,1,1,1,0.0,0.0131,0.40788,2,3,1
L003878,0,0,0,0,0,0,0,0,0.0,0.00215,0.0,0,0,0
L003879,0,0,0,0,0,0,0,0,0.00258,0.00258,0.0,0,0,0
L003880,0,0,1,0,0,0,1,1,0.00776,0.05768,0.06071,1,2,1
L003881,0,0,0,0,0,0,0,0,0.0012,0.00162,0.0,0,0,0
L003882,0,1,0,0,0,1,0,1,0.00129,0.00055,0.07014,1,2,1
L003883,0,1,0,0,1,1,1,0,0.03093,0.01982,0.0,1,3,1
L003884,0,0,0,0,0,0,0,0,0.0,0.0,0.00724,0,0,0
L003885,0,0,0,0,0,0,1,1,0.00174,0.00646,0.03285,0,2,0
L003886,0,0,0,0,0,0,0,0,0.00197,0.0,0.0,0,0,0
L003887,0,0,0,0,0,0,0,0,0.00027,0.00155,0.00724,0,0,0
L003888,0,0,1,0,1,0,1,0,0.02322,0.08973,0.00499,1,2,1
L003889,0,1,0,0,0,1,1,1,0.0,0.00632,0.02663,1,3,1
L003890,0,0,0,1,0,0,0,1,0.0,0.0,0.24947,1,1,1
L003891,0,0,0,0,1,0,0,1,0.02117,0.0,0.02458,0,2,0
L003892,0,0,0,0,0,0,1,1,0.0,0.01036,0.0909,0,2,0
L003893,0,0,0,0,1,0,1,1,0.02286,0.03256,0.02106,0,3,0
L003894,0,0,0,0,0,0,0,0,0.0,0.00049,0.0,0,0,0
L003895,0,0,0,0,0,0,0,0,0.0,0.0,7e-05,0,0,0
L003896,0,0,0,0,0,0,0,0,0.00684,0.0,0.0,0,0,0
L003897,0,0,0,0,0,0,0,1,0.0,0.00323,0.01856,0,1,0
L003898,0,0,0,0,0,0,0,0,0.00422,0.0,0.00604,0,0,0
L003899,0,1,0,0,0,1,0,0,0.0,0.00093,0.0,1,1,1
L003900,0,0,0,0,0,0,0,0,0.00556,0.0,0.00013,0,0,0
L003901,0,1,0,1,0,1,1,1,0.00349,0.03837,0.14723,2,3,1
L003902,0,0,0,0,1,0,0,0,0.01385,0.0008,0.0062,0,1,0
L003903,0,0,0,0,0,0,0,0,0.0,0.0,0.00279,0,0,0
L003904,0,0,0,0,0,0,1,0,0.0008,0.03596,0.00606,0,1,0
L003905,0,0,0,0,0,0,1,1,0.00164,0.0314,0.03941,0,2,0
L003906,0,0,0,0,0,0,0,1,0.0,0.0,0.04403,0,1,0
L003907,0,0,1,0,1,0,1,1,0.08561,0.07271,0.05629,1,3,1
L003908,0,1,1,0,0,1,1,0,0.0,0.15061,0.0,2,2,1
L003909,0,0,0,0,0,0,0,0,0.00196,0.00153,0.0,0,0,0
L003910,0,0,0,0,0,0,0,0,0.00661,0.0,0.00442,0,0,0
L003911,0,0,0,0,0,0,0,0,0.0065,0.00217,0.0,0,0,0
L003912,0,0,0,0,0,0,0,0,0.0028,0.0,0.0,0,0,0
L003913,0,0,0,0,1,0,0,1,0.0199,0.00187,0.05076,0,2,0
L003914,0,0,0,0,0,0,0,0,0.0,0.0,0.00014,0,0,0
L003915,0,0,0,0,0,0,0,0,0.00263,0.00108,0.00534,0,0,0
L003916,0,0,0,0,0,0,0,1,0.00044,0.00455,0.01352,0,1,0
L003917,0,0,1,0,0,0,1,0,0.00217,0.10576,0.00256,1,1,1
L003918,0,0,0,0,0,0,0,1,0.00592,0.00117,0.0303,0,1,0
L003919,0,0,0,0,1,0,1,0,0.012,0.0191,0.00999,0,2,0
L003920,0,0,0,0,0,0,1,0,0.0,0.03655,0.0,0,1,0
L003921,0,1,0,0,0,1,0,0,0.00395,0.00353,0.0,1,1,1
L003922,0,0,0,0,0,0,1,0,0.0,0.00533,0.0,0,1,0
L003923,0,1,0,0,0,1,0,0,0.0,0.0,0.00307,1,1,1
L003924,0,0,1,0,1,0,1,0,0.05975,0.16483,0.00186,1,2,1
L003925,0,0,0,0,0,0,1,1,0.00051,0.02928,0.01553,0,2,0
L003926,0,0,0,0,0,0,1,1,0.00618,0.01134,0.01773,0,2,0
L003927,0,0,0,0,1,0,0,1,0.03795,0.00047,0.04206,0,2,0
L003928,0,0,0,0,1,0,1,1,0.02604,0.0187,0.04057,0,3,0
L003929,0,0,1,0,0,0,1,0,0.00442,0.0569,0.00626,1,1,1
L003930,0,0,0,1,1,0,1,1,0.02845,0.02621,0.11178,1,3,1
L003931,0,0,0,0,0,0,0,0,0.00454,0.0,0.0,0,0,0
L003932,0,0,0,0,0,0,0,0,0.0,0.0,0.0,0,0,0
L003933,0,1,0,0,0,1,0,0,0.0,0.00052,0.0,1,1,1
L003934,0,0,0,0,0,0,0,0,0.00344,0.0002,0.00347,0,0,0
L003935,0,0,0,0,0,0,1,1,0.00881,0.03787,0.04137,0,2,0
L003936,0,0,0,0,0,0,0,0,0.00019,0.0,0.0,0,0,0
L003937,0,0,1,0,1,0,1,1,0.02637,0.32448,0.02572,1,3,1
L003938,0,0,0,0,0,0,0,0,0.00191,0.0,0.00307,0,0,0
L003939,0,0,0,0,1,0,1,0,0.03113,0.03524,0.00516,0,2,0
L003940,0,0,0,0,0,0,1,0,0.00055,0.03519,0.00367,0,1,0
L003941,0,0,0,0,0,0,0,0,0.0,0.0,0.0,0,0,0
L003942,0,0,0,0,0,0,1,0,0.00394,0.00684,0.0,0,1,0
L003943,0,0,1,0,0,0,1,0,0.00797,0.05645,0.0,1,1,1
L003944,0,1,0,0,1,1,1,1,0.03921,0.04666,0.02555,1,4,1
L003945,0,0,1,0,1,0,1,0,0.04984,0.08912,0.0,1,2,1
L003946,0,0,0,0,1,0,0,1,0.01778,0.00325,0.01331,0,2,0
L003947,0,0,0,0,1,0,0,0,0.01214,0.00255,0.00057,0,1,0
L003948,0,0,0,0,0,0,0,0,0.00398,0.0,0.0,0,0,0
L003949,0,0,1,0,0,0,1,1,0.0043,0.07922,0.06155,1,2,1
L003950,0,0,0,0,0,0,0,0,0.00546,0.00214,0.0,0,0,0
L003951,0,0,0,0,1,0,1,1,0.01031,0.04652,0.07425,0,3,0
L003952,0,0,0,0,0,0,0,0,0.0,0.0022,0.0,0,0,0
L003953,0,0,0,0,0,0,0,1,0.0,0.0,0.08226,0,1,0
L003954,0,0,0,0,1,0,1,0,0.01122,0.01701,0.00085,0,2,0
L003955,0,0,0,0,0,0,1,0,0.00764,0.02051,0.00254,0,1,0
L003956,0,0,0,0,0,0,0,0,0.0,0.00162,0.0,0,0,0
L003957,0,0,0,0,0,0,0,0,0.001,0.0015,0.00293,0,0,0
L003958,0,0,0,0,0,0,0,0,0.0012,0.0,0.00875,0,0,0
L003959,0,0,1,0,0,0,1,0,0.00605,0.05354,0.00052,1,1,1
L003960,0,0,0,0,1,0,0,0,0.01198,0.0,0.0,0,1,0
L003961,0,0,0,1,0,0,0,1,0.00417,0.0,0.11322,1,1,1
L003962,0,0,0,0,0,0,0,0,0.00937,0.0,0.00558,0,0,0
L003963,0,0,0,0,0,0,0,0,0.00448,0.00085,0.00193,0,0,0
L003964,0,0,0,0,0,0,0,0,0.0,0.00232,0.00677,0,0,0
L003965,0,1,0,0,1,1,0,1,0.07101,0.00438,0.04626,1,3,1
L003966,0,0,0,0,0,0,0,0,0.00423,0.00054,0.0,0,0,0
L003967,0,1,0,0,1,1,1,1,0.01158,0.01801,0.03641,1,4,1
L003968,0,0,1,1,0,0,1,1,0.00148,0.4589,0.42347,2,2,1
L003969,0,1,0,0,1,1,1,1,0.06447,0.02601,0.04865,1,4,1
L003970,0,0,0,0,0,0,0,0,0.00299,0.00272,0.00577,0,0,0
L003971,0,0,0,0,0,0,0,0,0.00246,0.00121,0.0,0,0,0
L003972,0,1,0,0,1,1,0,0,0.08981,0.00245,0.0,1,2,1
L003973,0,0,0,0,0,0,1,1,0.0,0.0381,0.07444,0,2,0
L003974,0,0,0,0,0,0,0,1,0.00204,0.00221,0.01002,0,1,0
L003975,0,0,1,1,0,0,1,1,0.0,0.92411,1.45158,2,2,1
L003976,0,0,0,0,0,0,1,0,0.00151,0.01956,0.00018,0,1,0
L003977,0,0,0,0,0,0,1,1,0.00217,0.01331,0.02448,0,2,0
L003978,0,0,0,0,0,0,0,0,0.00491,0.00343,0.0042,0,0,0
L003979,0,0,0,0,0,0,0,0,0.00256,0.0,0.0043,0,0,0
L003980,0,0,0,0,0,0,0,0,0.0,0.0045,0.0,0,0,0
L003981,0,0,0,0,0,0,0,0,0.00523,0.0,0.00171,0,0,0
L003982,0,0,0,0,1,0,0,0,0.04065,0.0,0.0025,0,1,0
L003983,0,0,0,0,0,0,0,0,0.00209,0.0,0.0053,0,0,0
L003984,0,0,0,0,0,0,0,0,6e-05,0.0032,0.0,0,0,0
L003985,0,0,1,0,0,0,1,1,0.00566,0.06913,0.06315,1,2,1
L003986,0,0,0,0,1,0,0,0,0.01421,0.0,0.0,0,1,0
L003987,0,1,0,0,1,1,1,1,0.01035,0.01762,0.06364,1,4,1
L003988,0,1,0,0,1,1,1,1,0.06198,0.0494,0.02067,1,4,1
L003989,0,0,0,0,0,0,0,0,0.0,0.0,0.0,0,0,0
L003990,0,0,0,0,0,0,0,0,0.0,0.00282,0.00224,0,0,0
L003991,0,0,0,0,0,0,0,0,0.0,0.0,0.00037,0,0,0
L003992,0,0,0,0,0,0,0,0,0.0,0.0,0.00556,0,0,0
L003993,0,0,0,0,0,0,0,1,0.00369,0.0,0.05474,0,1,0
L003994,0,0,0,0,0,0,0,1,0.0,0.0,0.03351,0,1,0
L003995,0,1,1,0,0,1,1,1,0.0,0.16115,0.0389,2,3,1
L003996,0,0,0,0,0,0,0,0,0.00915,0.00116,0.00958,0,0,0
L003997,0,0,0,0,1,0,0,1,0.01529,0.00473,0.02505,0,2,0
L003998,0,0,0,0,0,0,1,0,0.00576,0.04795,0.0,0,1,0
L003999,0,0,0,0,0,0,0,0,0.0,0.00047,0.00173,0,0,0
L004000,0,0,1,0,1,0,1,1,0.03797,0.09379,0.02536,1,3,1
L004001,0,0,1,1,0,0,1,1,0.00745,0.18761,0.46135,2,2,1
L004002,0,0,0,0,0,0,0,0,0.0008,0.00042,0.0,0,0,0
L004003,0,1,0,0,0,1,0,0,0.0,0.00139,0.00459,1,1,1
L004004,0,0,0,0,0,0,1,1,0.00958,0.0068,0.0897,0,2,0
L004005,0,0,0,0,1,0,1,1,0.02522,0.00961,0.0363,0,3,0
L004006,0,1,0,0,0,1,0,1,0.00076,0.00107,0.04644,1,2,1
L004007,0,1,0,0,0,1,1,1,0.00105,0.01921,0.05833,1,3,1
L004008,0,0,1,1,0,0,1,1,0.0,0.11608,0.10445,2,2,1
L004009,0,0,1,0,0,0,1,1,7e-05,0.08297,0.06508,1,2,1
L004010,0,0,0,0,0,0,0,1,0.00102,0.0003,0.03866,0,1,0
L004011,0,1,0,0,1,1,1,0,0.09046,0.03331,0.00219,1,3,1
L004012,0,1,0,0,0,1,0,0,0.0,0.0,0.0,1,1,1
L004013,0,1,0,0,1,1,1,0,0.0406,0.02621,0.00917,1,3,1
L004014,0,0,0,0,0,0,0,0,0.0022,0.0,0.00125,0,0,0
L004015,0,1,1,0,1,1,1,1,0.01843,0.06836,0.03619,2,4,1
L004016,0,0,0,0,0,0,0,0,0.00263,0.00128,0.00464,0,0,0
L004017,0,0,0,0,1,0,0,0,0.01676,0.0,0.0,0,1,0
L004018,0,0,0,0,0,0,0,1,0.0,0.00435,0.01087,0,1,0
L004019,0,0,0,0,0,0,0,0,0.0,0.00132,0.00875,0,0,0
L004020,0,0,0,0,1,0,0,0,0.07826,0.0,0.00074,0,1,0
L004021,0,0,0,0,0,0,0,0,0.00748,0.0,0.00336,0,0,0
L004022,0,0,0,0,1,0,0,0,0.03485,0.0,0.00243,0,1,0
L004023,0,0,0,0,0,0,0,0,0.0,0.00274,0.0,0,0,0
L004024,0,0,0,0,0,0,0,0,0.00222,0.00094,0.00058,0,0,0
L004025,0,0,0,0,1,0,1,0,0.05504,0.04275,0.0,0,2,0
L004026,0,1,0,0,1,1,1,1,0.01781,0.02006,0.0241,1,4,1
L004027,0,0,0,0,0,0,0,0,0.0,0.00062,0.0,0,0,0
L004028,0,0,0,0,0,0,0,0,0.0,0.00228,0.00244,0,0,0
L004029,0,0,0,0,1,0,0,0,0.06633,0.0,0.0,0,1,0
L004030,0,1,0,0,1,1,0,1,0.03276,0.0,0.02365,1,3,1
L004031,0,0,0,0,0,0,0,0,0.0,0.0,0.0002,0,0,0
L004032,0,0,0,1,0,0,0,1,0.00816,0.0,0.44443,1,1,1
L004033,0,0,0,0,1,0,0,0,0.02157,0.0,0.0,0,1,0
L004034,0,0,0,0,0,0,0,1,0.0,0.00068,0.07555,0,1,0
L004035,1,0,0,0,1,0,1,1,0.10324,0.02317,0.02871,1,3,1
L004036,0,1,0,0,1,1,1,0,0.01533,0.04912,0.00081,1,3,1
L004037,0,0,0,0,0,0,1,0,0.00645,0.00923,0.00895,0,1,0
L004038,0,0,0,0,0,0,0,0,0.0,0.0,0.0003,0,0,0
L004039,0,0,0,0,1,0,0,0,0.01059,0.00302,0.0,0,1,0
L004040,0,0,0,0,0,0,1,1,0.0,0.04067,0.01688,0,2,0
L004041,0,0,0,0,0,0,0,1,0.0,0.0,0.03805,0,1,0
L004042,0,0,0,0,0,0,1,0,0.0,0.02782,0.0,0,1,0
L004043,0,0,0,0,0,0,0,0,0.0,0.0,0.00291,0,0,0
L004044,0,0,0,0,1,0,0,1,0.04648,0.0,0.01253,0,2,0
L004045,0,0,0,0,0,0,0,0,0.0,0.00134,0.0,0,0,0
L004046,0,0,0,0,1,0,1,0,0.02001,0.02019,0.00236,0,2,0
L004047,0,0,0,0,0,0,0,0,0.00544,0.0005,0.0,0,0,0
L004048,0,0,0,0,0,0,0,0,0.0,0.00383,0.00145,0,0,0
L004049,0,1,0,0,1,1,1,1,0.01169,0.02803,0.02417,1,4,1
L004050,0,0,0,0,1,0,1,1,0.01281,0.01997,0.01325,0,3,0
L004051,0,0,0,0,0,0,0,0,0.0,0.00169,0.0,0,0,0
L004052,0,0,0,0,0,0,0,0,0.00965,0.0,0.00087,0,0,0
L004053,0,0,0,0,0,0,0,0,0.0,0.0,0.0,0,0,0
L004054,0,0,0,0,0,0,0,0,0.0,0.0,0.00289,0,0,0
L004055,0,0,0,0,0,0,0,0,0.0,0.0,0.0,0,0,0
L004056,0,0,0,0,0,0,0,1,0.00422,0.00075,0.02404,0,1,0
L004057,0,0,0,0,0,0,0,0,0.0,0.00116,0.003,0,0,0
L004058,0,0,0,1,0,0,0,1,0.0,0.0,0.20068,1,1,1
L004059,0,0,0,0,1,0,0,0,0.02395,0.00222,0.00267,0,1,0
L004060,0,0,0,0,0,0,0,0,0.0,0.0,0.0,0,0,0
L004061,0,1,0,0,0,1,0,0,0.00241,0.00073,0.0,1,1,1
L004062,0,0,1,1,0,0,1,1,0.0,0.35939,0.28471,2,2,1
L004063,0,0,0,0,0,0,0,0,0.0,0.0005,0.0,0,0,0
L004064,0,0,0,0,1,0,0,0,0.01104,0.0,0.0,0,1,0
L004065,0,0,0,0,0,0,0,0,0.00331,0.0,0.00064,0,0,0
L004066,0,0,0,0,0,0,1,1,0.00224,0.02402,0.02618,0,2,0
L004067,0,0,0,0,1,0,1,0,0.01507,0.03349,0.00702,0,2,0
L004068,0,0,0,1,1,0,0,1,0.03621,0.00058,0.12389,1,2,1
L004069,0,0,0,0,1,0,1,0,0.06945,0.00656,0.0,0,2,0
L004070,0,0,0,0,0,0,0,1,0.0,0.0,0.02416,0,1,0
L004071,0,0,0,0,1,0,0,0,0.01318,0.0,0.0,0,1,0
L004072,0,1,0,1,1,1,0,1,0.04335,0.0,0.1253,2,3,1
L004073,0,0,0,0,0,0,0,0,0.0,0.0,0.0,0,0,0
L004074,0,0,0,0,0,0,1,0,0.0,0.0117,0.0,0,1,0
L004075,0,0,0,0,0,0,0,0,0.0,0.0,0.0,0,0,0
L004076,0,0,0,0,0,0,0,0,0.0,0.00301,0.0,0,0,0
L004077,0,0,0,0,0,0,0,0,0.00368,0.00265,0.0,0,0,0
L004078,0,0,1,0,0,0,1,0,0.0,0.08802,0.0,1,1,1
L004079,0,0,0,0,1,0,0,0,0.04018,0.00161,0.00535,0,1,0
L004080,0,0,0,0,0,0,0,0,0.0,0.00181,0.0093,0,0,0
L004081,0,0,0,0,0,0,0,0,0.0,0.00239,0.0,0,0,0
L004082,0,0,0,0,0,0,0,0,0.00613,0.0,0.00717,0,0,0
L004083,0,0,0,0,0,0,1,1,0.0,0.01779,0.02732,0,2,0
L004084,0,0,0,0,0,0,1,0,0.00304,0.02003,0.0,0,1,0
L004085,0,0,0,0,0,0,0,0,0.0,0.0,0.0,0,0,0
L004086,0,0,0,0,0,0,0,1,0.0,0.0,0.05306,0,1,0
L004087,0,0,0,0,0,0,1,0,0.00447,0.02353,0.00067,0,1,0
L004088,0,0,0,0,0,0,1,0,0.0,0.03913,0.0,0,1,0
L004089,0,0,0,0,0,0,1,1,0.00367,0.02182,0.04089,0,2,0
L004090,0,0,0,0,0,0,1,0,0.00918,0.00515,0.0,0,1,0
L004091,0,0,0,0,0,0,0,0,0.00188,0.0,0.0,0,0,0
L004092,0,0,0,0,0,0,0,0,0.0,0.00311,0.0,0,0,0
L004093,0,0,0,0,0,0,0,0,0.00677,0.00018,0.00796,0,0,0
L004094,0,1,0,0,0,1,0,1,0.00516,0.0,0.01217,1,2,1
L004095,0,0,0,0,0,0,0,0,0.0,0.00136,0.00505,0,0,0
L004096,0,0,0,0,1,0,0,0,0.01002,0.00417,0.0,0,1,0
L004097,0,0,0,0,0,0,1,0,0.00213,0.03124,0.0,0,1,0
L004098,0,0,0,0,0,0,0,1,0.0,0.00132,0.02904,0,1,0
L004099,0,0,0,0,1,0,1,0,0.03533,0.0191,0.0,0,2,0
L004100,0,0,1,0,1,0,1,1,0.01547,0.12765,0.02603,1,3,1
L004101,0,0,0,0,1,0,1,0,0.085,0.04314,0.0,0,2,0
L004102,0,1,0,0,0,1,1,1,0.0,0.01495,0.01166,1,3,1
L004103,0,0,0,0,0,0,0,0,0.0,0.00329,0.0,0,0,0
L004104,0,0,0,0,0,0,0,0,0.00019,0.00346,0.00406,0,0,0
L004105,0,1,1,0,1,1,1,1,0.01202,0.06339,0.01616,2,4,1
L004106,0,0,0,0,0,0,0,0,0.0,0.0,0.00307,0,0,0
L004107,0,0,0,0,0,0,0,1,0.0,0.0,0.02641,0,1,0
L004108,0,0,0,1,0,0,1,1,0.0,0.02799,0.24095,1,2,1
L004109,0,0,0,0,0,0,0,0,0.0,0.00198,0.00146,0,0,0
L004110,0,0,0,1,0,0,1,1,0.0,0.03243,0.31956,1,2,1
L004111,0,0,0,0,1,0,0,0,0.04188,0.00077,0.00551,0,1,0
L004112,0,0,0,0,1,0,0,0,0.02064,0.0021,0.00285,0,1,0
L004113,0,0,0,0,0,0,0,0,0.0,0.00104,0.0,0,0,0
L004114,0,0,0,0,1,0,1,1,0.08843,0.03536,0.02046,0,3,0
L004115,0,0,0,0,0,0,0,0,0.00655,0.00102,0.0,0,0,0
L004116,0,0,0,0,0,0,0,0,0.0,8e-05,0.0,0,0,0
L004117,0,0,1,1,0,0,1,1,0.0019,0.14131,0.21109,2,2,1
L004118,0,0,1,0,1,0,1,1,0.03492,0.08494,0.03427,1,3,1
L004119,0,0,0,1,0,0,0,1,0.00463,0.00277,0.53001,1,1,1
L004120,0,0,0,0,0,0,0,0,0.0,0.00346,0.003,0,0,0
L004121,0,1,0,0,1,1,1,1,0.02086,0.03762,0.05398,1,4,1
L004122,0,0,0,0,0,0,0,0,0.00141,0.0,0.0049,0,0,0
L004123,0,0,0,0,0,0,1,0,0.00067,0.00506,0.0,0,1,0
L004124,0,0,0,0,0,0,0,0,0.0,0.0,0.0,0,0,0
L004125,0,0,0,0,0,0,0,0,0.0,0.00217,0.00762,0,0,0
L004126,0,0,0,0,0,0,0,0,0.0,0.0,0.0,0,0,0
L004127,0,0,0,0,1,0,0,1,0.02787,9e-05,0.04835,0,2,0
L004128,0,1,0,0,0,1,1,0,0.00351,0.01727,0.00685,1,2,1
L004129,0,0,0,0,0,0,0,0,0.00372,0.00136,0.0,0,0,0
L004130,0,0,0,0,0,0,0,1,0.0,0.00206,0.02423,0,1,0
L004131,0,0,1,0,1,0,1,0,0.02823,0.06004,5e-05,1,2,1
L004132,0,0,0,0,0,0,0,0,0.0,0.00067,0.00397,0,0,0
L004133,0,0,0,0,0,0,0,0,0.0,1e-05,0.0,0,0,0
L004134,0,0,1,0,0,0,1,0,0.0,0.06047,0.0,1,1,1
L004135,0,0,0,0,0,0,1,0,0.0,0.04531,0.00393,0,1,0
L004136,0,0,0,0,0,0,1,1,0.0,0.04965,0.05374,0,2,0
L004137,0,1,0,0,1,1,0,0,0.0138,0.00083,0.0,1,2,1
L004138,0,0,1,1,0,0,1,1,0.00118,0.05016,0.11669,2,2,1
L004139,0,0,0,0,0,0,0,0,0.00387,0.00343,0.0,0,0,0
L004140,0,0,0,0,0,0,0,0,0.00025,0.00178,0.00998,0,0,0
L004141,0,0,0,0,1,0,1,0,0.03214,0.04118,0.00176,0,2,0
L004142,0,0,0,0,0,0,0,0,0.00506,0.0,0.00072,0,0,0
L004143,0,0,0,0,0,0,1,0,0.0,0.04526,0.00374,0,1,0
L004144,0,0,0,0,1,0,0,1,0.01811,0.00022,0.03811,0,2,0
L004145,0,0,0,0,0,0,1,0,0.00724,0.02033,0.00696,0,1,0
L004146,0,1,0,0,1,1,1,1,0.02055,0.01653,0.08196,1,4,1
L004147,0,0,0,0,0,0,0,0,0.0,0.00057,0.00089,0,0,0
L004148,0,0,0,0,0,0,0,0,0.0046,0.0,0.00851,0,0,0
L004149,1,0,0,1,1,0,0,1,0.17842,0.00034,0.32783,2,2,1
L004150,0,0,0,0,0,0,1,1,0.0,0.03253,0.07153,0,2,0
L004151,0,1,0,0,0,1,0,0,0.0,0.00374,0.0032,1,1,1
L004152,0,0,0,0,1,0,0,1,0.05451,0.00117,0.08767,0,2,0
L004153,0,0,0,0,1,0,0,1,0.03733,0.0,0.0863,0,2,0
L004154,0,0,0,1,1,0,1,1,0.01981,0.00609,0.14218,1,3,1
L004155,0,0,0,0,0,0,0,0,0.00436,0.0,0.0,0,0,0
L004156,0,0,0,0,0,0,0,0,0.0,0.0,0.0,0,0,0
L004157,0,0,0,0,1,0,1,0,0.01265,0.02046,0.0,0,2,0
L004158,0,1,0,0,0,1,0,1,0.00532,0.0,0.04983,1,2,1
L004159,0,0,1,1,1,0,1,1,0.03383,0.06446,0.12169,2,3,1
L004160,0,0,0,0,0,0,0,0,0.00185,0.00089,0.0036,0,0,0
L004161,0,0,0,0,1,0,0,0,0.02766,0.0,0.00475,0,1,0
L004162,0,0,0,0,0,0,0,0,0.0,0.00122,0.00226,0,0,0
L004163,0,0,0,0,0,0,1,1,0.0033,0.03697,0.01767,0,2,0
L004164,0,0,0,0,0,0,0,1,0.0,0.0,0.01448,0,1,0
L004165,0,0,0,0,1,0,0,0,0.03496,0.00173,3e-05,0,1,0
L004166,0,0,0,0,0,0,0,0,0.00016,0.00189,0.00651,0,0,0
L004167,0,0,0,0,0,0,1,0,0.0,0.03662,0.0,0,1,0
L004168,0,0,0,0,1,0,0,0,0.01371,0.00227,0.0,0,1,0
L004169,0,0,0,0,1,0,1,1,0.05292,0.01302,0.05136,0,3,0
L004170,0,0,0,0,0,0,0,0,0.0,0.0,0.0,0,0,0
L004171,0,0,0,0,0,0,0,0,0.00073,0.00443,0.0014,0,0,0
L004172,0,0,0,0,0,0,0,0,0.00092,0.0,0.0,0,0,0
L004173,0,0,0,0,0,0,0,0,0.0,0.0,0.0,0,0,0
L004174,0,0,0,0,0,0,1,0,0.00247,0.00581,0.00064,0,1,0
L004175,0,0,0,0,1,0,1,1,0.02136,0.01298,0.04287,0,3,0
L004176,0,0,0,0,0,0,0,0,0.00148,0.00079,0.0,0,0,0
L004177,0,0,0,0,0,0,0,0,0.0,4e-05,0.00201,0,0,0
L004178,0,1,0,0,1,1,0,1,0.02751,0.0,0.04078,1,3,1
L004179,0,0,0,0,1,0,1,0,0.02569,0.01191,0.00504,0,2,0
L004180,0,0,0,0,0,0,0,0,0.0,0.0,0.00803,0,0,0
L004181,0,0,0,0,0,0,0,0,0.00742,0.0,0.0,0,0,0
L004182,0,0,1,1,1,0,1,1,0.03479,0.0803,0.19088,2,3,1
L004183,0,0,0,0,0,0,1,1,0.0,0.02783,0.0166,0,2,0
L004184,0,0,0,0,0,0,0,0,0.0,0.00348,0.00066,0,0,0
L004185,0,0,0,1,0,0,1,1,0.0,0.02513,0.21746,1,2,1
L004186,0,0,0,0,1,0,0,0,0.01066,0.00122,0.00331,0,1,0
L004187,0,0,0,0,0,0,0,0,0.0,0.00293,0.00238,0,0,0
L004188,0,0,0,0,0,0,0,0,0.00084,0.0,0.0,0,0,0
L004189,0,0,0,1,0,0,0,1,0.0,0.00134,0.20147,1,1,1
L004190,0,0,0,0,0,0,0,0,0.0,0.0,0.0,0,0,0
L004191,0,0,0,0,0,0,0,1,0.00509,0.0,0.01282,0,1,0
L004192,0,0,0,0,1,0,0,0,0.0542,0.00369,0.0,0,1,0
L004193,0,0,0,0,0,0,0,0,0.00653,0.0019,0.00682,0,0,0
L004194,0,0,0,0,0,0,0,0,0.0,0.0,0.0,0,0,0
L004195,0,0,0,0,1,0,1,1,0.0298,0.02628,0.0448,0,3,0
L004196,0,0,0,0,0,0,1,0,0.0,0.02106,0.0,0,1,0
L004197,0,0,0,0,0,0,0,0,0.0,0.00041,0.00027,0,0,0
L004198,0,0,1,0,1,0,1,1,0.01474,0.06216,0.0939,1,3,1
L004199,0,0,0,0,0,0,0,0,0.0,0.00231,0.0,0,0,0
L004200,0,0,0,0,0,0,1,0,0.00245,0.00821,0.00883,0,1,0
