lote_id,finca_id,fecha_cosecha,peso_quintales,variedad,destino_previsto,dias_secado_patio
L000001,F0064,2025-05-07,71.1,Bourbon,Francia,4
L000002,F0073,2026-04-01,75.3,Typica,Paises_Bajos,16
L000003,F0083,2025-08-17,122.9,Typica,Belgica,16
L000004,F0019,2025-12-01,149.0,Catimor,Francia,16
L000005,F0043,2026-07-11,119.3,Geisha,Alemania,4
L000006,F0045,2025-07-19,281.1,Caturra,Estados_Unidos,20
L000007,F0043,2025-09-06,251.6,Catimor,Japon,17
L000008,F0034,2025-06-20,112.0,Caturra,Alemania,4
L000009,F0062,2025-05-16,166.1,Typica,Alemania,12
L000010,F0089,2026-08-08,136.6,Typica,Nacional,5
L000011,F0026,2025-07-11,96.0,Geisha,Paises_Bajos,13
L000012,F0098,2025-09-18,146.2,Typica,Estados_Unidos,7
L000013,F0083,2026-05-20,74.7,Bourbon,Alemania,17
L000014,F0002,2025-08-14,51.6,Caturra,Alemania,13
L000015,F0108,2026-07-19,53.0,Caturra,Alemania,6
L000016,F0096,2025-07-19,109.6,Typica,Alemania,13
L000017,F0085,2026-08-24,114.7,Caturra,Alemania,12
L000018,F0120,2026-04-22,152.0,Bourbon,Estados_Unidos,18
L000019,F0090,2026-05-28,294.5,Typica,Alemania,20
L000020,F0029,2025-05-25,80.3,Catimor,Belgica,10
L000021,F0051,2026-05-03,128.7,Caturra,Belgica,11
L000022,F0110,2026-04-07,146.2,Typica,Alemania,8
L000023,F0030,2026-05-08,221.9,Caturra,Estados_Unidos,16
L000024,F0066,2025-04-03,44.4,Typica,Estados_Unidos,15
L000025,F0093,2026-05-21,101.1,Catimor,Paises_Bajos,18
L000026,F0091,2026-05-02,93.9,Geisha,Paises_Bajos,5
L000027,F0050,2025-09-21,197.6,Catimor,Belgica,13
L000028,F0043,2026-04-02,201.9,Bourbon,Estados_Unidos,6
L000029,F0059,2026-04-20,58.4,Caturra,Alemania,20
L000030,F0082,2025-09-21,103.7,Catimor,Belgica,5
L000031,F0042,2025-08-24,173.9,Catimor,Estados_Unidos,20
L000032,F0075,2025-04-14,111.1,Caturra,Belgica,5
L000033,F0031,2025-08-01,163.7,Catimor,Belgica,16
L000034,F0024,2025-05-12,197.3,Bourbon,Alemania,17
L000035,F0101,2026-08-15,239.3,Caturra,Paises_Bajos,8
L000036,F0008,2025-05-07,105.4,Typica,Francia,10
L000037,F0111,2025-07-13,144.6,Caturra,Alemania,8
L000038,F0089,2025-05-09,239.9,Typica,Francia,13
L000039,F0064,2026-04-27,108.7,Caturra,Belgica,19
L000040,F0102,2026-05-31,87.4,Caturra,Francia,7
L000041,F0082,2026-07-03,157.4,Caturra,Japon,18
L000042,F0063,2025-04-20,102.8,Bourbon,Nacional,12
L000043,F0066,2025-02-28,88.4,Caturra,Estados_Unidos,6
L000044,F0093,2026-07-30,267.1,Catimor,Estados_Unidos,10
L000045,F0093,2026-08-05,97.0,Caturra,Francia,5
L000046,F0022,2026-06-18,130.3,Bourbon,Francia,14
L000047,F0040,2026-08-19,209.6,Caturra,Francia,6
L000048,F0112,2026-04-13,122.3,Bourbon,Alemania,15
L000049,F0080,2025-02-13,102.8,Bourbon,Alemania,12
L000050,F0004,2025-09-05,94.8,Caturra,Alemania,11
L000051,F0053,2026-08-07,66.9,Geisha,Alemania,9
L000052,F0019,2025-11-03,84.0,Bourbon,Alemania,17
L000053,F0046,2026-07-01,47.6,Caturra,Nacional,4
L000054,F0027,2025-08-29,236.1,Typica,Alemania,11
L000055,F0111,2026-04-03,187.9,Catimor,Paises_Bajos,9
L000056,F0013,2025-07-11,133.0,Catimor,Alemania,8
L000057,F0009,2025-06-24,146.1,Caturra,Nacional,8
L000058,F0098,2026-07-07,136.8,Caturra,Francia,14
L000059,F0072,2026-07-30,289.2,Bourbon,Francia,20
L000060,F0102,2025-04-13,115.0,Catimor,Francia,11
L000061,F0076,2025-01-27,147.1,Typica,Paises_Bajos,7
L000062,F0028,2025-04-09,94.7,Typica,Japon,12
L000063,F0003,2025-07-04,92.9,Typica,Francia,16
L000064,F0087,2026-05-24,111.3,Caturra,Nacional,6
L000065,F0020,2025-06-19,112.2,Bourbon,Nacional,15
L000066,F0084,2025-12-12,149.5,Caturra,Francia,5
L000067,F0017,2026-07-04,192.6,Caturra,Alemania,18
L000068,F0003,2025-09-08,143.0,Typica,Francia,12
L000069,F0007,2025-07-26,83.9,Caturra,Alemania,8
L000070,F0006,2025-01-19,121.0,Caturra,Francia,4
L000071,F0050,2025-06-28,106.8,Catimor,Estados_Unidos,15
L000072,F0051,2026-08-24,154.0,Bourbon,Nacional,11
L000073,F0073,2025-07-16,121.1,Typica,Paises_Bajos,15
L000074,F0034,2026-04-10,129.5,Typica,Belgica,19
L000075,F0118,2025-08-01,51.3,Caturra,Belgica,19
L000076,F0096,2026-04-13,63.2,Geisha,Alemania,19
L000077,F0050,2026-07-17,203.0,Caturra,Paises_Bajos,17
L000078,F0004,2025-04-07,105.6,Typica,Francia,12
L000079,F0056,2025-04-17,113.4,Bourbon,Nacional,8
L000080,F0039,2026-03-11,58.4,Typica,Francia,16
L000081,F0069,2025-06-07,70.5,Catimor,Francia,15
L000082,F0096,2026-04-03,283.5,Caturra,Belgica,13
L000083,F0001,2026-07-26,197.1,Bourbon,Francia,12
L000084,F0075,2025-05-31,183.3,Bourbon,Estados_Unidos,11
L000085,F0017,2026-05-28,211.3,Geisha,Alemania,7
L000086,F0042,2025-03-04,120.2,Typica,Estados_Unidos,8
L000087,F0068,2025-08-13,66.5,Bourbon,Paises_Bajos,8
L000088,F0024,2026-08-25,79.1,Bourbon,Belgica,10
L000089,F0002,2026-05-31,27.2,Geisha,Alemania,4
L000090,F0120,2025-08-15,205.3,Bourbon,Belgica,7
L000091,F0080,2025-05-19,134.7,Bourbon,Alemania,12
L000092,F0004,2026-08-12,92.3,Caturra,Paises_Bajos,5
L000093,F0080,2026-07-28,91.9,Bourbon,Belgica,17
L000094,F0017,2025-06-29,149.3,Bourbon,Japon,4
L000095,F0053,2026-06-18,156.6,Catimor,Francia,13
L000096,F0047,2026-04-21,202.0,Bourbon,Nacional,14
L000097,F0033,2026-08-20,70.8,Caturra,Estados_Unidos,20
L000098,F0094,2025-05-26,112.9,Typica,Estados_Unidos,11
L000099,F0072,2025-06-06,165.9,Bourbon,Estados_Unidos,12
L000100,F0038,2025-07-25,180.6,Catimor,Estados_Unidos,8
L000101,F0007,2025-04-30,147.5,Caturra,Francia,9
L000102,F0034,2026-03-17,220.8,Catimor,Francia,7
L000103,F0019,2026-05-17,81.3,Typica,Estados_Unidos,7
L000104,F0019,2026-04-19,75.6,Caturra,Alemania,4
L000105,F0049,2025-01-29,63.8,Caturra,Francia,16
L000106,F0062,2026-07-13,30.7,Catimor,Alemania,6
L000107,F0014,2025-05-20,183.4,Catimor,Japon,4
L000108,F0074,2025-04-13,204.5,Caturra,Japon,5
L000109,F0102,2025-06-12,109.3,Bourbon,Paises_Bajos,12
L000110,F0109,2026-08-05,84.5,Catimor,Alemania,16
L000111,F0001,2025-08-31,136.0,Caturra,Francia,17
L000112,F0080,2026-07-03,48.5,Bourbon,Estados_Unidos,20
L000113,F0051,2026-07-03,235.3,Caturra,Paises_Bajos,17
L000114,F0031,2025-06-25,77.0,Caturra,Paises_Bajos,12
L000115,F0070,2025-05-21,89.2,Caturra,Paises_Bajos,10
L000116,F0055,2026-05-05,142.0,Typica,Estados_Unidos,6
L000117,F0042,2026-07-04,118.1,Catimor,Estados_Unidos,17
L000118,F0007,2026-01-10,51.8,Bourbon,Paises_Bajos,17
L000119,F0075,2025-05-25,109.0,Caturra,Paises_Bajos,12
L000120,F0072,2026-04-07,83.0,Bourbon,Belgica,14
L000121,F0082,2026-05-06,194.9,Caturra,Paises_Bajos,10
L000122,F0069,2026-08-03,250.2,Typica,Francia,8
L000123,F0030,2025-09-15,124.9,Bourbon,Alemania,7
L000124,F0040,2026-06-28,40.2,Bourbon,Alemania,12
L000125,F0111,2025-06-01,47.2,Caturra,Paises_Bajos,4
L000126,F0074,2026-04-04,99.0,Catimor,Paises_Bajos,17
L000127,F0085,2025-05-27,192.4,Catimor,Alemania,12
L000128,F0063,2025-05-15,208.6,Caturra,Belgica,19
L000129,F0088,2025-07-20,49.3,Catimor,Belgica,20
L000130,F0037,2025-08-10,169.9,Caturra,Alemania,6
L000131,F0081,2026-07-01,83.9,Catimor,Paises_Bajos,16
L000132,F0046,2026-06-21,114.9,Caturra,Nacional,19
L000133,F0037,2025-06-09,129.0,Caturra,Francia,15
L000134,F0078,2026-07-17,68.6,Typica,Francia,10
L000135,F0077,2025-06-10,328.5,Typica,Nacional,18
L000136,F0068,2025-04-26,48.5,Caturra,Paises_Bajos,5
L000137,F0070,2026-07-30,123.5,Geisha,Alemania,20
L000138,F0005,2026-01-29,118.4,Catimor,Paises_Bajos,7
L000139,F0016,2025-07-24,80.1,Catimor,Alemania,20
L000140,F0050,2025-07-02,162.9,Typica,Francia,7
L000141,F0068,2025-07-25,258.8,Caturra,Alemania,7
L000142,F0084,2026-06-24,162.8,Geisha,Nacional,7
L000143,F0006,2026-04-13,139.3,Catimor,Francia,5
L000144,F0034,2025-05-25,121.7,Typica,Alemania,17
L000145,F0012,2026-06-18,111.7,Bourbon,Nacional,20
L000146,F0085,2025-05-13,173.7,Caturra,Alemania,14
L000147,F0073,2025-10-17,249.4,Bourbon,Paises_Bajos,18
L000148,F0049,2025-11-23,149.7,Caturra,Francia,18
L000149,F0060,2026-06-28,89.1,Geisha,Nacional,11
L000150,F0022,2025-04-25,161.8,Caturra,Belgica,10
L000151,F0078,2026-06-26,167.8,Catimor,Alemania,5
L000152,F0094,2025-05-30,46.5,Catimor,Belgica,15
L000153,F0067,2025-04-11,177.7,Typica,Francia,20
L000154,F0107,2026-06-28,114.8,Catimor,Francia,6
L000155,F0102,2025-09-28,321.5,Caturra,Francia,20
L000156,F0080,2026-04-29,304.8,Bourbon,Japon,20
L000157,F0029,2025-05-25,106.7,Typica,Alemania,9
L000158,F0039,2026-03-19,70.4,Caturra,Alemania,17
L000159,F0064,2025-11-09,121.8,Caturra,Estados_Unidos,5
L000160,F0066,2025-08-13,178.2,Typica,Nacional,6
L000161,F0093,2026-04-30,79.4,Bourbon,Paises_Bajos,14
L000162,F0061,2026-08-22,213.3,Caturra,Belgica,6
L000163,F0020,2025-07-16,147.4,Bourbon,Japon,9
L000164,F0038,2025-06-29,334.6,Catimor,Estados_Unidos,18
L000165,F0051,2025-09-17,104.6,Bourbon,Estados_Unidos,13
L000166,F0025,2026-07-04,49.8,Catimor,Estados_Unidos,12
L000167,F0088,2026-06-03,258.7,Catimor,Belgica,5
L000168,F0104,2025-08-16,74.4,Caturra,Alemania,10
L000169,F0084,2026-05-20,207.1,Catimor,Francia,11
L000170,F0001,2026-05-11,63.0,Catimor,Alemania,12
L000171,F0014,2025-08-27,112.3,Catimor,Alemania,11
L000172,F0017,2025-04-10,133.6,Caturra,Nacional,4
L000173,F0059,2026-06-05,61.4,Caturra,Estados_Unidos,11
L000174,F0069,2026-01-27,132.4,Typica,Francia,10
L000175,F0001,2026-06-20,168.1,Caturra,Estados_Unidos,14
L000176,F0078,2025-04-19,121.4,Typica,Alemania,15
L000177,F0055,2025-09-24,165.8,Geisha,Belgica,20
L000178,F0040,2026-06-23,95.6,Bourbon,Alemania,8
L000179,F0067,2026-04-12,115.0,Catimor,Belgica,8
L000180,F0051,2026-04-05,119.2,Typica,Alemania,18
L000181,F0082,2025-04-18,49.0,Caturra,Paises_Bajos,20
L000182,F0004,2025-09-02,224.3,Catimor,Alemania,13
L000183,F0045,2026-03-04,290.3,Caturra,Belgica,4
L000184,F0106,2025-09-28,389.6,Catimor,Francia,14
L000185,F0056,2025-01-22,121.2,Typica,Paises_Bajos,17
L000186,F0075,2025-05-22,149.9,Bourbon,Alemania,18
L000187,F0108,2025-09-10,171.1,Catimor,Francia,4
L000188,F0106,2025-04-21,65.4,Caturra,Belgica,17
L000189,F0043,2025-07-06,146.1,Catimor,Japon,19
L000190,F0074,2025-04-06,232.7,Bourbon,Paises_Bajos,4
L000191,F0094,2025-09-25,84.0,Bourbon,Belgica,10
L000192,F0071,2025-09-27,124.7,Bourbon,Japon,6
L000193,F0051,2026-06-25,330.6,Caturra,Nacional,20
L000194,F0095,2026-04-20,364.0,Geisha,Alemania,19
L000195,F0099,2025-09-27,103.5,Catimor,Alemania,12
L000196,F0068,2025-08-21,285.1,Bourbon,Alemania,5
L000197,F0021,2025-04-29,244.2,Catimor,Francia,17
L000198,F0043,2026-06-28,91.3,Caturra,Nacional,14
L000199,F0037,2026-01-21,132.1,Caturra,Alemania,6
L000200,F0074,2025-08-23,59.8,Typica,Nacional,16
L000201,F0031,2025-09-13,93.3,Typica,Francia,11
L000202,F0006,2026-07-30,98.5,Caturra,Alemania,18
L000203,F0040,2025-02-08,137.7,Catimor,Alemania,13
L000204,F0103,2026-08-12,172.0,Caturra,Belgica,8
L000205,F0066,2025-05-23,123.3,Bourbon,Estados_Unidos,9
L000206,F0042,2025-01-23,93.6,Bourbon,Francia,12
L000207,F0044,2026-08-17,142.1,Catimor,Alemania,16
L000208,F0027,2025-10-11,56.8,Caturra,Nacional,15
L000209,F0090,2025-04-24,324.5,Catimor,Belgica,18
L000210,F0039,2025-04-04,124.0,Catimor,Paises_Bajos,11
L000211,F0009,2025-06-05,174.6,Caturra,Belgica,16
L000212,F0110,2026-06-07,124.1,Typica,Francia,7
L000213,F0046,2026-05-09,90.0,Bourbon,Estados_Unidos,20
L000214,F0063,2026-07-08,100.5,Catimor,Alemania,4
L000215,F0049,2025-01-18,168.0,Caturra,Nacional,14
L000216,F0109,2026-07-16,254.7,Bourbon,Alemania,15
L000217,F0043,2025-04-20,98.3,Bourbon,Nacional,15
L000218,F0045,2025-09-04,158.8,Bourbon,Japon,5
L000219,F0089,2025-05-06,60.4,Catimor,Francia,4
L000220,F0016,2026-03-10,109.1,Catimor,Japon,14
L000221,F0003,2026-07-04,141.8,Bourbon,Alemania,9
L000222,F0056,2025-11-10,171.7,Geisha,Japon,4
L000223,F0082,2025-04-10,91.9,Catimor,Japon,18
L000224,F0005,2025-04-02,53.5,Bourbon,Estados_Unidos,11
L000225,F0025,2025-01-31,160.6,Caturra,Estados_Unidos,8
L000226,F0056,2025-08-03,129.7,Typica,Estados_Unidos,12
L000227,F0099,2026-07-22,160.6,Bourbon,Estados_Unidos,17
L000228,F0077,2025-07-22,102.3,Bourbon,Francia,17
L000229,F0024,2025-06-26,233.0,Catimor,Francia,19
L000230,F0044,2025-08-10,214.9,Caturra,Paises_Bajos,13
L000231,F0017,2025-06-09,460.0,Typica,Alemania,10
L000232,F0078,2026-07-29,230.3,Caturra,Nacional,15
L000233,F0001,2025-09-01,134.6,Catimor,Francia,4
L000234,F0120,2026-01-07,129.0,Bourbon,Japon,15
L000235,F0026,2026-04-25,212.4,Bourbon,Japon,13
L000236,F0060,2025-10-06,36.7,Caturra,Paises_Bajos,17
L000237,F0020,2026-06-20,307.1,Caturra,Francia,8
L000238,F0069,2026-07-04,75.8,Caturra,Francia,17
L000239,F0084,2025-03-02,66.1,Bourbon,Alemania,16
L000240,F0112,2025-09-26,225.1,Catimor,Alemania,14
L000241,F0030,2025-05-14,142.0,Bourbon,Francia,7
L000242,F0102,2026-06-16,184.5,Caturra,Francia,4
L000243,F0061,2026-03-12,248.2,Caturra,Paises_Bajos,15
L000244,F0056,2026-08-30,197.4,Catimor,Nacional,7
L000245,F0073,2025-09-05,114.8,Caturra,Alemania,15
L000246,F0105,2025-08-21,199.1,Catimor,Japon,9
L000247,F0074,2025-04-18,123.9,Caturra,Francia,7
L000248,F0018,2025-04-30,168.4,Caturra,Belgica,16
L000249,F0017,2025-07-17,66.3,Typica,Alemania,4
L000250,F0068,2026-07-05,280.1,Bourbon,Francia,11
L000251,F0103,2025-08-30,210.7,Caturra,Estados_Unidos,11
L000252,F0087,2026-04-15,62.4,Bourbon,Estados_Unidos,8
L000253,F0120,2026-06-06,131.8,Caturra,Japon,13
L000254,F0086,2026-03-12,151.4,Typica,Paises_Bajos,15
L000255,F0040,2025-06-13,80.0,Bourbon,Belgica,16
L000256,F0116,2025-06-15,177.4,Caturra,Francia,14
L000257,F0116,2026-08-17,38.3,Typica,Belgica,9
L000258,F0045,2025-08-22,110.1,Typica,Alemania,14
L000259,F0042,2025-09-11,90.7,Typica,Paises_Bajos,5
L000260,F0007,2026-08-20,150.6,Catimor,Estados_Unidos,15
L000261,F0105,2026-06-14,121.9,Caturra,Paises_Bajos,5
L000262,F0020,2025-05-07,103.1,Geisha,Paises_Bajos,18
L000263,F0014,2025-06-02,158.3,Caturra,Nacional,12
L000264,F0118,2026-07-09,159.6,Catimor,Paises_Bajos,10
L000265,F0086,2026-05-11,87.8,Catimor,Alemania,20
L000266,F0003,2026-02-06,76.3,Catimor,Japon,15
L000267,F0007,2025-01-15,160.8,Typica,Nacional,8
L000268,F0005,2025-09-13,33.0,Caturra,Belgica,5
L000269,F0028,2025-09-24,133.1,Bourbon,Francia,16
L000270,F0023,2025-07-05,261.2,Caturra,Alemania,14
L000271,F0070,2026-05-17,365.6,Typica,Francia,5
L000272,F0087,2026-08-19,97.2,Typica,Paises_Bajos,15
L000273,F0095,2025-07-28,43.0,Caturra,Estados_Unidos,19
L000274,F0006,2025-09-25,130.3,Bourbon,Alemania,10
L000275,F0083,2025-01-12,227.8,Typica,Alemania,16
L000276,F0038,2026-08-15,88.8,Bourbon,Nacional,19
L000277,F0112,2025-10-02,109.7,Geisha,Francia,5
L000278,F0054,2026-04-02,131.3,Caturra,Japon,17
L000279,F0066,2025-09-20,161.4,Typica,Belgica,12
L000280,F0077,2026-04-07,101.2,Geisha,Paises_Bajos,17
L000281,F0087,2026-04-30,205.1,Bourbon,Estados_Unidos,5
L000282,F0025,2025-07-21,89.0,Caturra,Nacional,16
L000283,F0001,2026-08-08,161.6,Bourbon,Estados_Unidos,15
L000284,F0075,2025-09-12,74.3,Typica,Alemania,16
L000285,F0022,2026-06-25,252.8,Typica,Alemania,14
L000286,F0062,2025-01-29,54.6,Caturra,Paises_Bajos,11
L000287,F0118,2026-04-12,147.5,Catimor,Belgica,14
L000288,F0033,2026-04-12,192.9,Catimor,Alemania,10
L000289,F0022,2026-04-03,243.0,Geisha,Belgica,19
L000290,F0021,2025-06-19,115.8,Bourbon,Francia,13
L000291,F0078,2026-07-09,55.4,Bourbon,Francia,17
L000292,F0009,2025-08-17,202.6,Bourbon,Nacional,17
L000293,F0071,2026-04-24,72.3,Bourbon,Alemania,6
L000294,F0116,2025-06-03,134.0,Caturra,Nacional,9
L000295,F0111,2025-10-21,121.7,Bourbon,Francia,10
L000296,F0078,2026-08-30,76.6,Caturra,Estados_Unidos,20
L000297,F0019,2025-09-01,126.5,Typica,Estados_Unidos,19
L000298,F0001,2025-05-18,68.2,Typica,Francia,8
L000299,F0093,2025-03-02,54.5,Typica,Estados_Unidos,20
L000300,F0024,2026-05-29,159.4,Catimor,Francia,15
L000301,F0061,2025-08-19,304.6,Typica,Estados_Unidos,13
L000302,F0109,2026-02-27,92.3,Caturra,Alemania,10
L000303,F0075,2026-07-01,76.7,Typica,Japon,20
L000304,F0056,2025-04-26,71.9,Catimor,Paises_Bajos,6
L000305,F0006,2025-08-30,173.1,Typica,Paises_Bajos,11
L000306,F0106,2025-03-12,155.8,Bourbon,Nacional,15
L000307,F0019,2026-07-01,58.1,Caturra,Estados_Unidos,10
L000308,F0037,2026-04-23,131.0,Caturra,Nacional,9
L000309,F0068,2025-08-11,124.7,Catimor,Francia,10
L000310,F0027,2026-07-02,116.6,Bourbon,Nacional,17
L000311,F0101,2025-10-06,118.2,Bourbon,Estados_Unidos,20
L000312,F0096,2025-09-11,67.3,Caturra,Estados_Unidos,10
L000313,F0120,2025-07-20,73.5,Caturra,Francia,9
L000314,F0019,2026-08-11,167.1,Caturra,Estados_Unidos,19
L000315,F0089,2026-05-29,166.6,Caturra,Belgica,14
L000316,F0118,2025-08-21,160.2,Caturra,Alemania,4
L000317,F0054,2026-05-04,289.8,Bourbon,Francia,5
L000318,F0096,2025-10-22,53.0,Catimor,Francia,12
L000319,F0099,2025-05-28,122.9,Typica,Nacional,18
L000320,F0050,2025-05-21,280.8,Geisha,Estados_Unidos,19
L000321,F0043,2026-08-20,234.9,Caturra,Francia,16
L000322,F0007,2026-07-24,93.8,Catimor,Alemania,20
L000323,F0068,2025-04-23,325.2,Catimor,Nacional,13
L000324,F0073,2025-10-23,268.7,Bourbon,Estados_Unidos,7
L000325,F0056,2025-07-22,87.2,Typica,Belgica,14
L000326,F0053,2025-04-11,90.5,Bourbon,Francia,9
L000327,F0102,2025-04-18,74.0,Catimor,Alemania,13
L000328,F0063,2026-05-15,109.1,Bourbon,Paises_Bajos,8
L000329,F0005,2026-06-23,346.5,Catimor,Paises_Bajos,17
L000330,F0074,2026-06-09,104.6,Catimor,Nacional,13
L000331,F0068,2026-04-03,131.6,Geisha,Alemania,10
L000332,F0093,2026-07-21,162.7,Catimor,Japon,18
L000333,F0081,2025-08-14,213.1,Geisha,Nacional,18
L000334,F0003,2025-08-23,102.7,Catimor,Japon,9
L000335,F0045,2025-06-12,92.4,Caturra,Paises_Bajos,4
L000336,F0094,2025-04-24,161.1,Typica,Estados_Unidos,19
L000337,F0002,2025-06-25,115.2,Caturra,Francia,6
L000338,F0075,2026-04-11,111.8,Typica,Alemania,20
L000339,F0021,2026-04-09,60.2,Typica,Belgica,15
L000340,F0001,2026-06-21,58.5,Geisha,Estados_Unidos,14
L000341,F0009,2025-03-12,257.1,Typica,Alemania,16
L000342,F0060,2026-05-20,161.4,Typica,Francia,14
L000343,F0053,2025-06-07,68.3,Caturra,Alemania,12
L000344,F0028,2025-09-24,208.4,Catimor,Estados_Unidos,13
L000345,F0116,2026-02-19,259.9,Bourbon,Japon,18
L000346,F0078,2025-08-28,210.6,Typica,Belgica,17
L000347,F0038,2025-09-22,199.7,Geisha,Japon,18
L000348,F0059,2025-08-25,144.3,Caturra,Belgica,8
L000349,F0005,2025-04-06,59.7,Caturra,Paises_Bajos,13
L000350,F0073,2025-09-14,325.7,Typica,Estados_Unidos,12
L000351,F0013,2026-04-13,108.5,Catimor,Nacional,9
L000352,F0012,2025-09-10,155.2,Caturra,Paises_Bajos,19
L000353,F0078,2025-09-17,169.9,Catimor,Francia,8
L000354,F0060,2025-11-28,59.6,Bourbon,Francia,19
L000355,F0003,2026-04-11,182.1,Catimor,Japon,17
L000356,F0028,2026-07-06,88.8,Typica,Estados_Unidos,16
L000357,F0001,2025-04-21,66.3,Caturra,Alemania,17
L000358,F0037,2025-09-20,37.0,Caturra,Francia,6
L000359,F0099,2026-05-31,111.0,Typica,Japon,12
L000360,F0049,2026-06-03,270.9,Caturra,Estados_Unidos,14
L000361,F0109,2025-11-17,197.3,Typica,Francia,5
L000362,F0089,2025-04-14,123.4,Caturra,Japon,4
L000363,F0076,2025-08-29,57.5,Geisha,Estados_Unidos,10
L000364,F0024,2026-04-03,68.2,Caturra,Japon,5
L000365,F0072,2025-06-23,85.4,Typica,Nacional,15
L000366,F0046,2025-09-18,58.4,Typica,Estados_Unidos,10
L000367,F0062,2026-05-28,157.2,Caturra,Alemania,7
L000368,F0027,2026-06-24,132.7,Bourbon,Estados_Unidos,13
L000369,F0077,2025-08-16,236.1,Catimor,Estados_Unidos,10
L000370,F0050,2025-09-14,126.8,Caturra,Alemania,17
L000371,F0051,2025-04-24,94.4,Caturra,Belgica,19
L000372,F0088,2026-08-07,50.3,Typica,Estados_Unidos,15
L000373,F0091,2026-05-26,64.1,Catimor,Francia,19
L000374,F0116,2025-05-08,143.0,Geisha,Belgica,5
L000375,F0040,2025-06-11,129.4,Catimor,Nacional,16
L000376,F0120,2025-10-27,248.4,Caturra,Alemania,17
L000377,F0063,2026-06-03,131.2,Typica,Belgica,19
L000378,F0039,2026-04-25,244.3,Catimor,Alemania,7
L000379,F0111,2026-04-05,135.2,Caturra,Francia,8
L000380,F0027,2026-05-31,294.0,Typica,Alemania,7
L000381,F0004,2026-06-14,57.7,Typica,Nacional,8
L000382,F0071,2025-12-28,85.6,Caturra,Japon,18
L000383,F0087,2025-05-11,68.4,Typica,Belgica,14
L000384,F0047,2025-05-17,117.8,Typica,Nacional,11
L000385,F0028,2026-08-10,109.7,Bourbon,Nacional,16
L000386,F0116,2025-02-03,202.0,Typica,Alemania,15
L000387,F0008,2025-06-15,65.2,Caturra,Paises_Bajos,15
L000388,F0094,2026-06-22,170.8,Geisha,Paises_Bajos,14
L000389,F0050,2025-04-08,39.4,Caturra,Paises_Bajos,4
L000390,F0087,2025-05-06,198.4,Typica,Belgica,10
L000391,F0067,2026-02-20,275.3,Catimor,Belgica,4
L000392,F0067,2025-11-01,102.9,Catimor,Francia,20
L000393,F0111,2025-05-14,139.9,Typica,Japon,12
L000394,F0002,2026-08-11,126.3,Catimor,Alemania,6
L000395,F0025,2025-04-07,105.6,Typica,Paises_Bajos,18
L000396,F0116,2026-04-18,60.2,Catimor,Japon,19
L000397,F0091,2025-09-16,33.0,Catimor,Alemania,5
L000398,F0072,2026-05-13,42.5,Bourbon,Belgica,20
L000399,F0066,2025-06-03,78.9,Typica,Estados_Unidos,4
L000400,F0084,2025-07-26,110.9,Bourbon,Nacional,15
L000401,F0053,2025-09-13,166.3,Geisha,Alemania,20
L000402,F0096,2026-04-08,151.8,Catimor,Paises_Bajos,10
L000403,F0051,2025-06-06,236.0,Caturra,Paises_Bajos,11
L000404,F0002,2026-05-04,156.2,Bourbon,Japon,15
L000405,F0027,2025-05-25,104.8,Bourbon,Alemania,6
L000406,F0038,2026-05-27,137.1,Bourbon,Estados_Unidos,6
L000407,F0063,2026-06-18,197.9,Bourbon,Belgica,9
L000408,F0112,2025-11-05,281.4,Caturra,Francia,9
L000409,F0020,2026-08-14,132.3,Catimor,Nacional,20
L000410,F0056,2025-05-24,148.5,Caturra,Alemania,8
L000411,F0111,2026-08-20,154.8,Catimor,Belgica,13
L000412,F0087,2025-09-14,89.8,Bourbon,Belgica,17
L000413,F0064,2025-01-02,191.4,Caturra,Francia,15
L000414,F0094,2026-08-30,120.4,Caturra,Alemania,17
L000415,F0047,2025-07-19,52.0,Catimor,Belgica,11
L000416,F0007,2025-09-23,128.0,Bourbon,Belgica,6
L000417,F0069,2025-07-31,336.3,Caturra,Alemania,13
L000418,F0105,2025-04-16,94.3,Bourbon,Estados_Unidos,17
L000419,F0103,2026-05-28,205.3,Catimor,Francia,14
L000420,F0116,2025-05-27,114.6,Caturra,Japon,16
L000421,F0087,2025-04-01,196.8,Bourbon,Paises_Bajos,18
L000422,F0090,2025-05-21,119.4,Catimor,Estados_Unidos,6
L000423,F0001,2025-09-22,210.2,Bourbon,Nacional,16
L000424,F0003,2025-04-17,153.4,Caturra,Francia,19
L000425,F0028,2025-06-02,281.3,Bourbon,Japon,10
L000426,F0002,2026-04-04,220.1,Typica,Paises_Bajos,14
L000427,F0090,2025-11-08,102.8,Caturra,Paises_Bajos,9
L000428,F0004,2026-08-17,96.3,Typica,Alemania,10
L000429,F0014,2025-09-23,54.0,Typica,Alemania,6
L000430,F0059,2025-05-20,170.4,Bourbon,Francia,19
L000431,F0068,2025-08-24,111.0,Catimor,Alemania,5
L000432,F0069,2026-08-27,91.4,Geisha,Francia,6
L000433,F0086,2026-06-19,106.1,Typica,Alemania,19
L000434,F0059,2025-05-07,68.3,Bourbon,Japon,17
L000435,F0103,2025-04-25,410.1,Catimor,Alemania,8
L000436,F0049,2026-04-30,102.1,Geisha,Paises_Bajos,8
L000437,F0088,2026-08-18,155.2,Catimor,Estados_Unidos,13
L000438,F0085,2026-08-30,217.0,Catimor,Belgica,4
L000439,F0039,2026-04-08,137.3,Catimor,Nacional,6
L000440,F0094,2025-08-20,135.7,Bourbon,Nacional,11
L000441,F0007,2025-06-18,151.1,Bourbon,Japon,6
L000442,F0104,2026-05-16,42.4,Geisha,Nacional,9
L000443,F0108,2025-07-14,117.9,Catimor,Belgica,10
L000444,F0074,2026-08-24,226.5,Caturra,Estados_Unidos,12
L000445,F0034,2026-06-29,101.0,Typica,Nacional,17
L000446,F0040,2026-07-11,97.8,Geisha,Estados_Unidos,7
L000447,F0039,2025-09-18,196.7,Catimor,Francia,20
L000448,F0070,2025-06-23,85.9,Caturra,Alemania,9
L000449,F0096,2026-03-02,188.1,Bourbon,Nacional,6
L000450,F0069,2025-04-05,155.8,Caturra,Nacional,5
L000451,F0068,2025-06-30,25.5,Geisha,Alemania,19
L000452,F0104,2026-06-26,153.9,Bourbon,Paises_Bajos,20
L000453,F0030,2026-07-07,125.5,Caturra,Nacional,14
L000454,F0010,2025-12-06,158.0,Caturra,Nacional,11
L000455,F0088,2026-05-11,116.8,Bourbon,Alemania,7
L000456,F0021,2026-05-04,169.5,Bourbon,Nacional,6
L000457,F0028,2025-05-27,175.8,Caturra,Alemania,4
L000458,F0022,2025-08-04,247.0,Caturra,Francia,16
L000459,F0034,2025-01-22,134.3,Caturra,Paises_Bajos,8
L000460,F0096,2025-05-08,91.3,Catimor,Nacional,17
L000461,F0082,2025-08-09,179.1,Catimor,Nacional,6
L000462,F0053,2025-07-17,187.6,Catimor,Alemania,6
L000463,F0007,2026-08-09,92.1,Typica,Estados_Unidos,11
L000464,F0105,2025-09-27,106.0,Caturra,Estados_Unidos,18
L000465,F0114,2025-08-11,151.4,Typica,Francia,16
L000466,F0050,2026-05-08,273.6,Geisha,Paises_Bajos,15
L000467,F0022,2026-04-26,85.0,Catimor,Paises_Bajos,13
L000468,F0017,2025-05-12,175.3,Catimor,Francia,7
L000469,F0019,2025-07-10,180.1,Typica,Alemania,7
L000470,F0072,2026-05-24,172.3,Caturra,Belgica,7
L000471,F0105,2026-08-21,197.5,Bourbon,Estados_Unidos,19
L000472,F0120,2025-10-16,115.9,Catimor,Francia,9
L000473,F0016,2025-08-05,248.3,Catimor,Belgica,5
L000474,F0005,2025-07-07,157.0,Caturra,Belgica,6
L000475,F0076,2025-04-17,196.0,Catimor,Belgica,20
L000476,F0001,2026-05-06,213.7,Bourbon,Belgica,6
L000477,F0072,2026-06-19,90.4,Geisha,Francia,20
L000478,F0003,2025-04-18,148.2,Bourbon,Nacional,12
L000479,F0098,2026-06-20,204.6,Caturra,Alemania,15
L000480,F0009,2025-04-02,175.1,Bourbon,Francia,10
L000481,F0089,2025-05-04,113.1,Catimor,Estados_Unidos,14
L000482,F0109,2026-04-26,118.5,Caturra,Alemania,15
L000483,F0105,2025-02-06,193.4,Caturra,Japon,6
L000484,F0020,2025-07-05,88.4,Catimor,Alemania,17
L000485,F0108,2025-07-08,118.9,Geisha,Alemania,16
L000486,F0005,2026-06-04,158.3,Caturra,Francia,6
L000487,F0063,2026-05-24,127.3,Catimor,Paises_Bajos,11
L000488,F0043,2026-07-03,188.5,Typica,Japon,8
L000489,F0072,2025-04-13,226.7,Typica,Paises_Bajos,10
L000490,F0082,2025-02-14,157.3,Caturra,Francia,6
L000491,F0047,2025-07-09,120.8,Catimor,Japon,15
L000492,F0081,2025-04-14,192.2,Bourbon,Alemania,10
L000493,F0062,2026-06-19,100.9,Catimor,Paises_Bajos,20
L000494,F0050,2025-09-14,156.9,Catimor,Nacional,16
L000495,F0091,2025-11-15,48.8,Caturra,Estados_Unidos,17
L000496,F0112,2026-07-19,171.9,Caturra,Alemania,19
L000497,F0042,2025-09-20,99.5,Caturra,Estados_Unidos,10
L000498,F0091,2025-05-17,50.4,Caturra,Francia,16
L000499,F0049,2026-04-08,127.5,Geisha,Estados_Unidos,7
L000500,F0006,2026-06-25,241.5,Typica,Estados_Unidos,14
L000501,F0098,2026-04-30,160.3,Caturra,Paises_Bajos,14
L000502,F0093,2026-05-01,100.8,Caturra,Alemania,18
L000503,F0088,2025-04-14,108.6,Caturra,Alemania,11
L000504,F0004,2026-06-14,130.0,Caturra,Nacional,9
L000505,F0031,2025-04-29,26.5,Caturra,Alemania,7
L000506,F0045,2025-04-18,106.7,Caturra,Alemania,10
L000507,F0063,2026-02-09,169.1,Bourbon,Japon,11
L000508,F0005,2025-07-17,127.5,Bourbon,Nacional,15
L000509,F0045,2025-07-17,226.1,Bourbon,Nacional,19
L000510,F0049,2025-07-10,138.8,Catimor,Japon,13
L000511,F0119,2025-04-20,124.7,Caturra,Estados_Unidos,17
L000512,F0050,2026-03-11,185.8,Bourbon,Francia,13
L000513,F0093,2025-10-25,162.0,Bourbon,Francia,14
L000514,F0062,2026-05-16,64.1,Caturra,Nacional,15
L000515,F0103,2025-04-15,182.8,Typica,Francia,15
L000516,F0059,2025-06-09,27.5,Caturra,Estados_Unidos,12
L000517,F0098,2026-08-15,109.0,Caturra,Alemania,10
L000518,F0008,2025-04-01,202.5,Geisha,Japon,19
L000519,F0031,2025-01-26,197.0,Caturra,Alemania,13
L000520,F0051,2026-05-05,78.4,Typica,Paises_Bajos,4
L000521,F0106,2025-08-24,69.0,Catimor,Alemania,10
L000522,F0077,2025-05-09,122.7,Caturra,Paises_Bajos,17
L000523,F0103,2025-07-08,109.9,Catimor,Alemania,7
L000524,F0112,2025-09-12,117.4,Bourbon,Francia,18
L000525,F0077,2025-08-15,74.2,Catimor,Alemania,5
L000526,F0020,2025-01-14,280.5,Caturra,Francia,8
L000527,F0076,2026-01-24,76.6,Bourbon,Estados_Unidos,18
L000528,F0062,2025-05-24,48.0,Catimor,Francia,12
L000529,F0008,2026-06-01,207.6,Caturra,Paises_Bajos,13
L000530,F0091,2026-05-10,69.0,Typica,Alemania,11
L000531,F0099,2025-06-14,175.8,Caturra,Japon,5
L000532,F0025,2025-06-02,202.1,Bourbon,Alemania,14
L000533,F0003,2025-09-30,150.1,Bourbon,Alemania,9
L000534,F0091,2025-06-07,91.1,Typica,Paises_Bajos,18
L000535,F0089,2025-06-24,112.0,Typica,Alemania,17
L000536,F0047,2026-04-29,218.8,Catimor,Francia,19
L000537,F0001,2026-06-05,100.3,Bourbon,Alemania,9
L000538,F0074,2025-04-21,205.8,Bourbon,Francia,15
L000539,F0086,2026-07-20,158.0,Typica,Estados_Unidos,19
L000540,F0039,2026-04-13,80.7,Catimor,Francia,18
L000541,F0050,2025-07-21,69.9,Geisha,Nacional,5
L000542,F0044,2026-08-01,77.5,Bourbon,Alemania,19
L000543,F0119,2025-04-08,149.2,Caturra,Estados_Unidos,20
L000544,F0034,2025-05-20,149.5,Catimor,Japon,14
L000545,F0059,2026-04-16,63.2,Bourbon,Belgica,7
L000546,F0025,2026-06-27,146.1,Bourbon,Alemania,14
L000547,F0042,2025-12-19,198.3,Caturra,Alemania,15
L000548,F0047,2025-06-19,294.3,Geisha,Paises_Bajos,8
L000549,F0106,2026-06-13,76.7,Typica,Nacional,15
L000550,F0003,2025-09-11,107.7,Typica,Belgica,13
L000551,F0086,2025-05-08,145.0,Catimor,Nacional,13
L000552,F0090,2025-05-11,73.9,Typica,Nacional,5
L000553,F0119,2025-05-02,116.0,Typica,Alemania,15
L000554,F0090,2025-05-15,27.1,Bourbon,Alemania,4
L000555,F0044,2026-08-17,67.8,Typica,Francia,11
L000556,F0062,2026-02-27,30.4,Caturra,Francia,17
L000557,F0081,2026-05-07,48.5,Caturra,Japon,20
L000558,F0106,2026-07-30,187.4,Caturra,Belgica,18
L000559,F0008,2025-09-05,103.7,Bourbon,Estados_Unidos,15
L000560,F0001,2026-07-15,61.0,Bourbon,Alemania,15
L000561,F0029,2026-08-19,157.0,Caturra,Alemania,16
L000562,F0085,2025-07-02,92.6,Typica,Francia,11
L000563,F0044,2026-07-24,162.7,Catimor,Belgica,19
L000564,F0024,2025-09-07,55.4,Caturra,Estados_Unidos,6
L000565,F0047,2026-06-03,100.5,Bourbon,Belgica,10
L000566,F0055,2025-10-05,141.8,Typica,Alemania,10
L000567,F0043,2025-04-25,80.1,Bourbon,Belgica,16
L000568,F0033,2025-08-27,93.2,Caturra,Francia,17
L000569,F0099,2025-06-25,172.9,Bourbon,Francia,15
L000570,F0063,2026-08-29,80.0,Geisha,Nacional,8
L000571,F0085,2026-05-15,460.0,Bourbon,Paises_Bajos,8
L000572,F0017,2025-07-28,130.6,Caturra,Alemania,4
L000573,F0104,2026-05-13,110.9,Caturra,Nacional,15
L000574,F0005,2025-04-21,120.1,Catimor,Nacional,17
L000575,F0022,2025-07-25,227.7,Bourbon,Francia,6
L000576,F0053,2025-06-10,50.6,Bourbon,Belgica,12
L000577,F0106,2025-09-23,104.9,Caturra,Japon,17
L000578,F0102,2026-06-11,159.6,Caturra,Alemania,11
L000579,F0073,2025-06-01,144.2,Catimor,Alemania,15
L000580,F0112,2026-04-16,65.8,Caturra,Alemania,13
L000581,F0072,2025-06-01,181.0,Caturra,Japon,6
L000582,F0029,2025-12-17,140.3,Catimor,Paises_Bajos,18
L000583,F0101,2025-05-20,196.8,Catimor,Estados_Unidos,16
L000584,F0010,2026-08-30,41.8,Geisha,Paises_Bajos,9
L000585,F0070,2025-04-11,129.3,Caturra,Estados_Unidos,19
L000586,F0096,2025-10-08,127.6,Caturra,Nacional,19
L000587,F0095,2026-08-22,92.1,Catimor,Nacional,15
L000588,F0043,2025-06-14,60.3,Typica,Japon,17
L000589,F0055,2026-06-23,184.6,Bourbon,Estados_Unidos,9
L000590,F0071,2025-10-07,25.1,Catimor,Belgica,13
L000591,F0074,2025-12-24,182.2,Catimor,Estados_Unidos,8
L000592,F0062,2025-07-17,105.5,Caturra,Paises_Bajos,6
L000593,F0044,2026-04-16,239.1,Typica,Estados_Unidos,7
L000594,F0040,2025-09-12,153.1,Bourbon,Japon,13
L000595,F0094,2026-08-12,68.6,Typica,Alemania,19
L000596,F0021,2025-06-01,139.0,Bourbon,Estados_Unidos,18
L000597,F0013,2026-08-21,99.1,Catimor,Paises_Bajos,9
L000598,F0054,2025-05-20,102.9,Typica,Belgica,12
L000599,F0056,2025-04-04,119.5,Catimor,Nacional,15
L000600,F0118,2025-09-21,141.9,Caturra,Alemania,17
L000601,F0119,2025-09-10,99.7,Typica,Alemania,20
L000602,F0082,2025-08-13,104.4,Caturra,Francia,13
L000603,F0002,2025-08-22,245.2,Typica,Alemania,6
L000604,F0025,2026-05-09,263.4,Typica,Estados_Unidos,10
L000605,F0072,2026-08-12,173.8,Caturra,Alemania,15
L000606,F0061,2026-06-13,90.7,Caturra,Francia,11
L000607,F0014,2025-04-28,175.8,Caturra,Estados_Unidos,13
L000608,F0003,2025-04-17,170.7,Catimor,Nacional,15
L000609,F0010,2026-05-09,118.5,Bourbon,Belgica,20
L000610,F0027,2026-08-27,152.3,Geisha,Japon,8
L000611,F0023,2026-07-12,170.4,Bourbon,Paises_Bajos,17
L000612,F0045,2025-09-29,119.3,Caturra,Francia,16
L000613,F0101,2025-09-06,187.1,Geisha,Estados_Unidos,4
L000614,F0027,2026-04-05,79.1,Bourbon,Nacional,20
L000615,F0055,2025-05-26,69.6,Catimor,Nacional,15
L000616,F0086,2026-05-08,236.3,Caturra,Alemania,17
L000617,F0008,2025-04-03,145.3,Catimor,Belgica,19
L000618,F0028,2026-05-29,151.0,Caturra,Nacional,16
L000619,F0060,2025-06-02,94.5,Bourbon,Japon,6
L000620,F0072,2025-05-06,193.7,Typica,Estados_Unidos,12
L000621,F0045,2025-05-25,210.2,Caturra,Belgica,7
L000622,F0067,2025-09-04,56.0,Typica,Paises_Bajos,11
L000623,F0020,2025-02-17,73.2,Geisha,Belgica,6
L000624,F0061,2025-07-31,112.1,Caturra,Japon,18
L000625,F0068,2026-04-24,78.4,Geisha,Belgica,14
L000626,F0091,2026-07-24,97.9,Typica,Alemania,9
L000627,F0039,2026-06-25,26.5,Catimor,Estados_Unidos,12
L000628,F0072,2025-09-30,100.7,Caturra,Alemania,16
L000629,F0089,2025-07-20,41.2,Typica,Belgica,14
L000630,F0107,2025-09-11,42.3,Bourbon,Francia,18
L000631,F0055,2025-06-26,86.1,Caturra,Alemania,12
L000632,F0082,2026-05-04,139.2,Catimor,Alemania,11
L000633,F0102,2025-09-17,104.1,Typica,Nacional,8
L000634,F0031,2025-04-17,209.6,Catimor,Paises_Bajos,18
L000635,F0007,2026-05-08,47.3,Caturra,Estados_Unidos,10
L000636,F0016,2025-04-18,125.6,Caturra,Alemania,18
L000637,F0110,2025-08-31,142.1,Typica,Francia,11
L000638,F0008,2026-08-07,96.3,Caturra,Alemania,7
L000639,F0068,2026-05-11,216.2,Bourbon,Paises_Bajos,4
L000640,F0098,2026-05-19,51.0,Caturra,Paises_Bajos,15
L000641,F0078,2025-01-03,96.1,Bourbon,Paises_Bajos,9
L000642,F0067,2026-05-02,157.4,Catimor,Alemania,7
L000643,F0028,2025-08-05,126.2,Bourbon,Alemania,4
L000644,F0061,2026-03-20,79.9,Geisha,Alemania,19
L000645,F0072,2025-07-01,138.2,Typica,Japon,6
L000646,F0077,2025-09-29,129.3,Bourbon,Estados_Unidos,15
L000647,F0102,2025-05-18,193.1,Typica,Nacional,9
L000648,F0071,2026-05-01,175.0,Typica,Nacional,11
L000649,F0109,2026-08-17,296.9,Caturra,Nacional,20
L000650,F0064,2026-05-04,144.6,Catimor,Alemania,19
L000651,F0070,2026-08-10,194.0,Catimor,Paises_Bajos,10
L000652,F0002,2025-09-01,146.3,Caturra,Francia,15
L000653,F0116,2026-06-20,236.3,Caturra,Belgica,15
L000654,F0084,2026-04-26,97.4,Geisha,Belgica,5
L000655,F0064,2025-08-14,64.0,Caturra,Francia,19
L000656,F0049,2025-02-10,256.3,Catimor,Francia,14
L000657,F0063,2025-08-22,200.8,Bourbon,Estados_Unidos,20
L000658,F0101,2025-04-16,275.7,Bourbon,Estados_Unidos,9
L000659,F0083,2025-07-01,200.2,Bourbon,Alemania,12
L000660,F0114,2025-08-10,190.6,Caturra,Estados_Unidos,15
L000661,F0008,2026-05-15,54.5,Caturra,Alemania,16
L000662,F0089,2025-08-24,238.7,Catimor,Francia,15
L000663,F0106,2025-11-07,60.3,Typica,Belgica,10
L000664,F0114,2025-10-22,130.0,Caturra,Alemania,5
L000665,F0008,2025-05-17,169.2,Catimor,Francia,12
L000666,F0113,2025-07-13,111.5,Catimor,Francia,16
L000667,F0007,2026-06-21,340.3,Catimor,Nacional,17
L000668,F0119,2025-08-22,105.8,Geisha,Alemania,6
L000669,F0012,2025-06-16,203.8,Caturra,Francia,10
L000670,F0061,2025-09-23,177.4,Caturra,Belgica,17
L000671,F0109,2026-05-20,158.8,Caturra,Belgica,19
L000672,F0080,2025-11-21,177.4,Geisha,Paises_Bajos,20
L000673,F0070,2025-04-23,162.4,Caturra,Francia,17
L000674,F0031,2025-09-25,97.7,Caturra,Paises_Bajos,10
L000675,F0006,2025-05-10,97.3,Bourbon,Paises_Bajos,16
L000676,F0051,2026-03-18,98.0,Typica,Belgica,20
L000677,F0022,2025-08-26,137.3,Catimor,Nacional,14
L000678,F0037,2025-04-15,75.9,Catimor,Alemania,4
L000679,F0109,2025-04-17,199.1,Typica,Francia,20
L000680,F0029,2025-06-01,174.6,Catimor,Estados_Unidos,7
L000681,F0038,2025-09-11,95.8,Typica,Alemania,13
L000682,F0090,2025-09-04,118.1,Caturra,Belgica,11
L000683,F0061,2025-09-23,43.8,Caturra,Belgica,15
L000684,F0012,2025-04-14,255.6,Caturra,Paises_Bajos,13
L000685,F0042,2026-06-19,249.0,Bourbon,Paises_Bajos,6
L000686,F0078,2026-01-10,165.4,Catimor,Alemania,6
L000687,F0098,2026-07-15,91.4,Caturra,Alemania,7
L000688,F0050,2026-02-26,87.1,Caturra,Estados_Unidos,7
L000689,F0093,2025-03-30,190.7,Catimor,Belgica,7
L000690,F0003,2025-06-05,184.1,Bourbon,Paises_Bajos,5
L000691,F0008,2025-05-25,66.1,Typica,Alemania,14
L000692,F0066,2025-02-21,64.4,Typica,Francia,10
L000693,F0059,2026-08-21,126.6,Caturra,Estados_Unidos,18
L000694,F0113,2025-04-20,64.0,Caturra,Japon,10
L000695,F0067,2026-05-08,172.1,Catimor,Alemania,17
L000696,F0064,2025-08-21,125.3,Bourbon,Francia,20
L000697,F0029,2025-06-15,47.6,Caturra,Estados_Unidos,10
L000698,F0020,2025-09-24,76.5,Typica,Japon,13
L000699,F0055,2025-07-18,78.8,Bourbon,Estados_Unidos,19
L000700,F0023,2025-04-12,127.8,Caturra,Francia,10
L000701,F0090,2025-05-21,215.9,Bourbon,Paises_Bajos,18
L000702,F0118,2025-12-29,166.4,Bourbon,Paises_Bajos,17
L000703,F0076,2025-07-18,232.3,Catimor,Belgica,18
L000704,F0108,2025-05-28,107.3,Catimor,Belgica,13
L000705,F0066,2026-05-18,186.4,Catimor,Belgica,9
L000706,F0114,2026-05-19,217.4,Catimor,Estados_Unidos,12
L000707,F0107,2025-07-15,82.6,Bourbon,Estados_Unidos,4
L000708,F0070,2025-09-17,88.8,Catimor,Estados_Unidos,4
L000709,F0003,2026-07-02,108.7,Caturra,Nacional,10
L000710,F0014,2025-06-19,192.1,Caturra,Belgica,8
L000711,F0062,2026-06-22,200.2,Catimor,Nacional,15
L000712,F0034,2025-07-02,159.9,Bourbon,Japon,4
L000713,F0038,2025-05-01,59.0,Typica,Paises_Bajos,17
L000714,F0022,2026-04-22,100.0,Typica,Francia,20
L000715,F0104,2025-04-23,156.4,Bourbon,Paises_Bajos,5
L000716,F0005,2025-10-04,172.1,Bourbon,Francia,20
L000717,F0072,2025-05-10,179.8,Typica,Belgica,8
L000718,F0029,2026-05-14,132.0,Catimor,Belgica,18
L000719,F0047,2026-07-09,106.5,Typica,Alemania,20
L000720,F0107,2025-07-22,109.9,Caturra,Nacional,17
L000721,F0007,2025-08-17,134.7,Geisha,Alemania,12
L000722,F0096,2025-06-16,149.9,Catimor,Francia,20
L000723,F0005,2026-04-24,68.1,Geisha,Belgica,4
L000724,F0021,2025-08-23,187.4,Typica,Paises_Bajos,6
L000725,F0039,2025-05-10,97.2,Catimor,Belgica,9
L000726,F0107,2025-09-04,70.0,Caturra,Francia,6
L000727,F0081,2026-08-17,210.0,Geisha,Francia,17
L000728,F0082,2026-04-15,81.5,Caturra,Nacional,20
L000729,F0044,2025-05-05,204.1,Typica,Paises_Bajos,20
L000730,F0010,2025-08-01,149.9,Typica,Japon,4
L000731,F0068,2025-04-29,85.3,Catimor,Francia,8
L000732,F0110,2026-03-14,131.8,Catimor,Paises_Bajos,15
L000733,F0090,2025-11-22,145.0,Caturra,Japon,17
L000734,F0067,2025-06-10,226.3,Caturra,Nacional,5
L000735,F0078,2025-08-19,201.1,Caturra,Alemania,18
L000736,F0071,2025-06-06,126.1,Caturra,Alemania,12
L000737,F0090,2026-04-23,255.1,Catimor,Paises_Bajos,5
L000738,F0104,2026-08-02,173.5,Caturra,Alemania,11
L000739,F0119,2026-08-11,144.0,Caturra,Nacional,12
L000740,F0116,2026-06-19,237.8,Typica,Francia,10
L000741,F0012,2026-04-04,140.9,Bourbon,Estados_Unidos,16
L000742,F0008,2026-07-01,63.2,Caturra,Paises_Bajos,20
L000743,F0070,2025-04-16,70.8,Catimor,Japon,5
L000744,F0106,2025-06-30,98.8,Caturra,Japon,6
L000745,F0104,2025-04-15,201.5,Caturra,Francia,10
L000746,F0020,2026-07-14,174.9,Bourbon,Alemania,12
L000747,F0069,2026-08-07,104.5,Bourbon,Francia,8
L000748,F0017,2026-04-09,150.2,Catimor,Alemania,4
L000749,F0051,2026-05-18,167.9,Caturra,Alemania,8
L000750,F0043,2025-06-29,260.2,Caturra,Francia,7
L000751,F0001,2025-09-06,202.4,Caturra,Alemania,9
L000752,F0103,2025-06-16,121.3,Catimor,Belgica,6
L000753,F0104,2025-08-13,243.0,Caturra,Alemania,17
L000754,F0112,2025-08-09,73.3,Caturra,Nacional,14
L000755,F0067,2025-05-09,111.3,Bourbon,Francia,7
L000756,F0040,2026-06-23,254.6,Typica,Estados_Unidos,6
L000757,F0054,2026-08-30,112.5,Bourbon,Francia,7
L000758,F0021,2026-06-29,186.9,Geisha,Alemania,4
L000759,F0049,2026-06-13,214.6,Typica,Paises_Bajos,11
L000760,F0074,2026-07-08,181.8,Geisha,Estados_Unidos,11
L000761,F0073,2025-03-16,200.6,Geisha,Alemania,5
L000762,F0085,2025-04-20,110.9,Typica,Alemania,9
L000763,F0090,2025-09-06,128.5,Bourbon,Alemania,14
L000764,F0080,2025-10-27,97.6,Catimor,Estados_Unidos,8
L000765,F0009,2025-06-02,94.5,Typica,Francia,15
L000766,F0069,2026-07-15,163.7,Caturra,Alemania,10
L000767,F0114,2026-06-20,195.3,Typica,Alemania,16
L000768,F0029,2026-08-25,208.0,Typica,Belgica,7
L000769,F0096,2025-04-02,171.2,Catimor,Alemania,13
L000770,F0055,2025-06-25,87.5,Bourbon,Estados_Unidos,14
L000771,F0060,2025-09-24,132.0,Catimor,Belgica,8
L000772,F0093,2025-04-18,135.1,Caturra,Paises_Bajos,15
L000773,F0005,2025-06-17,78.5,Catimor,Nacional,5
L000774,F0072,2026-07-26,109.0,Typica,Paises_Bajos,15
L000775,F0031,2025-09-15,163.2,Caturra,Belgica,8
L000776,F0033,2025-06-12,322.7,Geisha,Japon,17
L000777,F0113,2026-07-20,256.2,Typica,Francia,16
L000778,F0049,2026-07-08,88.4,Bourbon,Paises_Bajos,6
L000779,F0050,2025-11-15,141.1,Catimor,Alemania,9
L000780,F0023,2025-10-30,84.5,Caturra,Japon,19
L000781,F0069,2026-08-02,102.1,Catimor,Nacional,15
L000782,F0055,2025-07-23,157.7,Typica,Belgica,8
L000783,F0101,2025-02-17,147.5,Caturra,Belgica,11
L000784,F0027,2026-05-09,81.8,Catimor,Alemania,4
L000785,F0004,2025-05-31,131.2,Catimor,Estados_Unidos,19
L000786,F0021,2026-08-24,117.2,Caturra,Francia,6
L000787,F0023,2025-07-24,280.2,Caturra,Belgica,16
L000788,F0086,2025-03-17,178.3,Bourbon,Paises_Bajos,11
L000789,F0070,2026-08-08,85.0,Bourbon,Estados_Unidos,5
L000790,F0038,2025-07-01,317.9,Catimor,Alemania,14
L000791,F0026,2026-06-05,229.6,Bourbon,Alemania,13
L000792,F0066,2026-07-19,282.0,Catimor,Belgica,10
L000793,F0081,2026-01-10,143.5,Geisha,Alemania,11
L000794,F0080,2026-05-01,266.6,Catimor,Belgica,19
L000795,F0119,2026-02-26,138.6,Typica,Nacional,15
L000796,F0040,2025-08-01,56.9,Caturra,Belgica,16
L000797,F0054,2025-04-01,270.8,Typica,Francia,9
L000798,F0119,2026-06-28,129.5,Caturra,Francia,20
L000799,F0042,2025-09-20,70.1,Bourbon,Estados_Unidos,7
L000800,F0062,2026-03-17,63.6,Bourbon,Estados_Unidos,11
L000801,F0018,2026-06-19,71.3,Catimor,Belgica,18
L000802,F0120,2025-10-03,102.5,Typica,Paises_Bajos,17
L000803,F0073,2026-07-11,106.7,Catimor,Alemania,13
L000804,F0088,2025-04-18,42.6,Catimor,Alemania,11
L000805,F0081,2026-07-02,158.7,Caturra,Francia,14
L000806,F0099,2025-06-26,136.7,Bourbon,Nacional,13
L000807,F0031,2025-04-13,308.1,Caturra,Estados_Unidos,17
L000808,F0116,2025-01-15,101.5,Catimor,Belgica,20
L000809,F0086,2026-07-16,116.8,Bourbon,Estados_Unidos,17
L000810,F0076,2025-08-18,135.6,Typica,Francia,11
L000811,F0056,2026-06-16,289.4,Bourbon,Francia,19
L000812,F0024,2025-09-24,109.6,Bourbon,Paises_Bajos,17
L000813,F0043,2026-05-10,222.7,Caturra,Francia,4
L000814,F0043,2025-04-30,273.7,Caturra,Alemania,11
L000815,F0111,2026-04-01,143.1,Geisha,Estados_Unidos,14
L000816,F0013,2025-04-03,124.2,Bourbon,Alemania,12
L000817,F0114,2025-05-31,152.3,Typica,Estados_Unidos,6
L000818,F0038,2025-06-24,47.6,Caturra,Francia,5
L000819,F0087,2025-07-01,127.7,Typica,Japon,13
L000820,F0019,2025-06-12,79.6,Caturra,Estados_Unidos,15
L000821,F0089,2026-05-25,91.0,Geisha,Paises_Bajos,16
L000822,F0029,2026-02-28,98.2,Typica,Paises_Bajos,16
L000823,F0091,2025-07-05,156.6,Catimor,Francia,17
L000824,F0095,2025-05-08,52.5,Geisha,Japon,13
L000825,F0069,2025-05-14,161.3,Catimor,Nacional,10
L000826,F0094,2025-12-30,59.3,Typica,Alemania,12
L000827,F0003,2025-07-04,147.1,Geisha,Belgica,9
L000828,F0113,2026-07-23,156.1,Caturra,Japon,10
L000829,F0045,2026-05-17,86.5,Caturra,Paises_Bajos,17
L000830,F0063,2026-03-03,193.1,Caturra,Estados_Unidos,20
L000831,F0049,2025-09-17,181.1,Geisha,Paises_Bajos,9
L000832,F0022,2026-06-08,152.1,Caturra,Alemania,7
L000833,F0091,2026-03-19,96.9,Bourbon,Paises_Bajos,19
L000834,F0019,2025-05-01,124.0,Caturra,Estados_Unidos,6
L000835,F0104,2026-05-20,97.4,Catimor,Paises_Bajos,19
L000836,F0101,2025-11-05,147.1,Caturra,Paises_Bajos,12
L000837,F0077,2026-05-23,107.2,Caturra,Japon,5
L000838,F0098,2026-06-10,143.0,Caturra,Paises_Bajos,19
L000839,F0053,2026-07-30,94.2,Caturra,Paises_Bajos,17
L000840,F0064,2026-05-08,218.4,Caturra,Belgica,13
L000841,F0047,2026-06-12,235.3,Catimor,Estados_Unidos,11
L000842,F0093,2026-07-08,93.7,Catimor,Francia,10
L000843,F0098,2025-09-07,218.5,Bourbon,Francia,20
L000844,F0077,2025-09-08,44.0,Geisha,Belgica,19
L000845,F0064,2025-06-07,80.6,Catimor,Alemania,12
L000846,F0070,2025-08-23,170.6,Caturra,Estados_Unidos,13
L000847,F0071,2026-05-20,205.2,Caturra,Nacional,8
L000848,F0105,2026-07-19,119.3,Bourbon,Alemania,10
L000849,F0099,2025-09-03,91.9,Typica,Alemania,11
L000850,F0021,2025-11-29,151.2,Typica,Nacional,5
L000851,F0112,2025-02-17,225.5,Typica,Paises_Bajos,17
L000852,F0040,2025-07-04,68.0,Bourbon,Paises_Bajos,6
L000853,F0083,2025-10-07,172.2,Geisha,Alemania,11
L000854,F0053,2026-07-07,134.3,Bourbon,Paises_Bajos,10
L000855,F0120,2026-04-30,216.4,Caturra,Nacional,8
L000856,F0087,2025-07-05,75.2,Catimor,Nacional,17
L000857,F0110,2026-05-18,225.3,Bourbon,Estados_Unidos,6
L000858,F0020,2025-05-12,110.0,Typica,Paises_Bajos,19
L000859,F0025,2025-06-28,68.9,Catimor,Japon,7
L000860,F0037,2026-07-25,58.2,Typica,Francia,16
L000861,F0029,2025-05-24,192.4,Caturra,Paises_Bajos,10
L000862,F0086,2025-04-09,88.7,Catimor,Paises_Bajos,10
L000863,F0104,2025-08-14,112.3,Typica,Japon,12
L000864,F0103,2025-08-03,216.1,Bourbon,Nacional,13
L000865,F0025,2026-05-13,78.1,Caturra,Estados_Unidos,5
L000866,F0040,2025-05-15,131.1,Caturra,Francia,7
L000867,F0101,2025-09-24,85.2,Geisha,Francia,5
L000868,F0080,2025-09-03,85.6,Bourbon,Francia,15
L000869,F0060,2026-05-16,142.8,Caturra,Estados_Unidos,17
L000870,F0028,2026-07-07,111.0,Bourbon,Alemania,13
L000871,F0049,2026-04-18,92.5,Catimor,Nacional,19
L000872,F0077,2025-04-26,125.1,Bourbon,Belgica,8
L000873,F0020,2025-04-10,220.2,Caturra,Paises_Bajos,12
L000874,F0051,2026-07-22,71.0,Caturra,Estados_Unidos,6
L000875,F0059,2026-05-22,138.9,Bourbon,Alemania,13
L000876,F0076,2025-06-15,171.2,Bourbon,Belgica,8
L000877,F0019,2025-09-28,105.7,Catimor,Paises_Bajos,16
L000878,F0071,2026-04-26,115.3,Caturra,Estados_Unidos,18
L000879,F0070,2025-06-03,93.7,Typica,Japon,20
L000880,F0023,2025-07-25,118.8,Caturra,Alemania,19
L000881,F0059,2025-04-29,45.6,Typica,Nacional,11
L000882,F0072,2025-09-17,85.4,Bourbon,Alemania,5
L000883,F0020,2025-01-11,111.9,Caturra,Estados_Unidos,9
L000884,F0116,2025-07-29,68.4,Catimor,Paises_Bajos,12
L000885,F0105,2025-09-03,92.2,Caturra,Paises_Bajos,12
L000886,F0112,2025-08-24,127.8,Typica,Alemania,16
L000887,F0038,2025-07-10,132.8,Typica,Paises_Bajos,12
L000888,F0069,2026-02-03,224.8,Bourbon,Estados_Unidos,12
L000889,F0078,2026-08-19,240.6,Typica,Alemania,18
L000890,F0112,2025-04-22,76.9,Catimor,Estados_Unidos,18
L000891,F0078,2026-06-26,35.9,Caturra,Japon,16
L000892,F0070,2026-05-26,124.8,Catimor,Japon,4
L000893,F0028,2025-08-14,102.6,Caturra,Alemania,6
L000894,F0096,2025-07-16,107.7,Caturra,Alemania,13
L000895,F0114,2025-05-18,160.7,Geisha,Paises_Bajos,19
L000896,F0045,2026-04-20,208.6,Caturra,Estados_Unidos,7
L000897,F0050,2026-06-11,62.7,Caturra,Estados_Unidos,9
L000898,F0006,2026-04-28,172.9,Catimor,Belgica,11
L000899,F0056,2025-05-06,57.2,Caturra,Nacional,13
L000900,F0108,2025-05-14,354.6,Caturra,Belgica,18
L000901,F0044,2025-04-12,32.2,Caturra,Paises_Bajos,7
L000902,F0018,2025-07-21,129.9,Typica,Estados_Unidos,6
L000903,F0111,2025-04-06,70.8,Caturra,Paises_Bajos,5
L000904,F0040,2025-04-14,100.3,Geisha,Alemania,19
L000905,F0010,2026-08-05,143.0,Caturra,Francia,4
L000906,F0072,2026-04-16,78.5,Typica,Estados_Unidos,12
L000907,F0078,2026-04-18,62.1,Catimor,Belgica,9
L000908,F0054,2025-06-21,140.9,Caturra,Belgica,5
L000909,F0050,2025-05-19,133.5,Geisha,Nacional,20
L000910,F0085,2025-04-08,129.0,Caturra,Japon,11
L000911,F0070,2025-06-26,238.7,Caturra,Alemania,4
L000912,F0070,2026-07-18,120.0,Caturra,Estados_Unidos,20
L000913,F0023,2026-08-23,161.8,Caturra,Nacional,13
L000914,F0082,2026-05-12,264.9,Bourbon,Belgica,15
L000915,F0070,2025-07-01,144.4,Catimor,Alemania,15
L000916,F0042,2025-06-19,70.3,Typica,Francia,14
L000917,F0075,2026-05-25,152.8,Caturra,Nacional,7
L000918,F0029,2025-08-18,214.4,Caturra,Alemania,6
L000919,F0051,2025-12-27,104.4,Catimor,Francia,18
L000920,F0059,2025-02-15,62.7,Typica,Nacional,20
L000921,F0001,2025-06-27,209.2,Bourbon,Alemania,17
L000922,F0050,2026-06-07,43.3,Bourbon,Francia,17
L000923,F0009,2026-07-13,68.7,Bourbon,Belgica,9
L000924,F0073,2025-09-04,119.3,Bourbon,Belgica,16
L000925,F0031,2026-03-31,62.0,Caturra,Belgica,15
L000926,F0051,2026-06-22,109.9,Bourbon,Francia,6
L000927,F0046,2026-03-15,48.8,Bourbon,Nacional,12
L000928,F0042,2025-06-28,203.5,Caturra,Nacional,7
L000929,F0012,2026-05-17,146.0,Bourbon,Alemania,10
L000930,F0112,2025-08-04,156.2,Caturra,Francia,12
L000931,F0105,2025-04-16,192.9,Catimor,Alemania,14
L000932,F0033,2025-06-08,256.2,Bourbon,Francia,4
L000933,F0070,2026-07-15,176.6,Typica,Nacional,7
L000934,F0042,2026-06-21,147.5,Caturra,Francia,19
L000935,F0027,2025-05-10,106.0,Catimor,Francia,19
L000936,F0046,2025-09-22,204.7,Typica,Nacional,7
L000937,F0038,2025-07-17,159.7,Bourbon,Paises_Bajos,10
L000938,F0082,2025-06-14,73.2,Caturra,Paises_Bajos,7
L000939,F0072,2025-04-07,123.0,Bourbon,Alemania,15
L000940,F0027,2026-06-23,47.6,Typica,Estados_Unidos,13
L000941,F0060,2026-08-06,190.4,Typica,Alemania,7
L000942,F0072,2025-02-25,221.6,Catimor,Alemania,13
L000943,F0064,2025-06-28,111.0,Geisha,Belgica,15
L000944,F0102,2026-04-10,102.0,Bourbon,Paises_Bajos,5
L000945,F0072,2025-07-17,188.3,Typica,Nacional,16
L000946,F0055,2025-06-13,143.3,Caturra,Estados_Unidos,19
L000947,F0026,2025-09-16,78.3,Bourbon,Japon,17
L000948,F0010,2025-08-15,247.3,Catimor,Nacional,11
L000949,F0081,2026-05-29,143.4,Caturra,Belgica,18
L000950,F0024,2025-08-07,85.2,Caturra,Nacional,12
L000951,F0014,2026-04-20,251.2,Bourbon,Francia,4
L000952,F0045,2025-09-21,149.2,Catimor,Alemania,5
L000953,F0096,2026-04-02,297.2,Catimor,Japon,12
L000954,F0120,2025-06-18,111.8,Catimor,Alemania,7
L000955,F0047,2026-06-01,71.0,Catimor,Francia,14
L000956,F0105,2026-07-12,167.2,Caturra,Japon,11
L000957,F0063,2026-03-21,72.7,Typica,Alemania,13
L000958,F0009,2025-04-11,47.7,Catimor,Alemania,16
L000959,F0109,2025-08-16,128.2,Caturra,Nacional,5
L000960,F0107,2026-05-07,99.4,Caturra,Belgica,11
L000961,F0093,2025-06-29,123.8,Geisha,Francia,4
L000962,F0027,2025-09-05,156.2,Caturra,Nacional,17
L000963,F0094,2025-06-30,157.1,Caturra,Estados_Unidos,16
L000964,F0077,2026-08-06,217.4,Catimor,Japon,12
L000965,F0034,2026-06-28,167.0,Caturra,Alemania,9
L000966,F0061,2025-07-21,191.7,Bourbon,Alemania,18
L000967,F0049,2025-06-07,243.5,Geisha,Alemania,14
L000968,F0081,2025-06-30,55.6,Geisha,Belgica,19
L000969,F0025,2026-08-05,68.9,Typica,Belgica,6
L000970,F0062,2025-06-20,186.3,Catimor,Francia,18
L000971,F0013,2026-08-29,164.8,Catimor,Paises_Bajos,7
L000972,F0009,2025-10-08,94.0,Catimor,Belgica,14
L000973,F0111,2025-07-22,139.4,Caturra,Belgica,10
L000974,F0049,2025-05-11,171.1,Geisha,Alemania,19
L000975,F0049,2025-06-27,51.4,Typica,Estados_Unidos,9
L000976,F0064,2025-09-13,38.4,Caturra,Belgica,16
L000977,F0083,2025-09-18,134.5,Bourbon,Belgica,16
L000978,F0089,2026-08-27,204.5,Catimor,Estados_Unidos,16
L000979,F0039,2026-06-27,164.8,Catimor,Estados_Unidos,18
L000980,F0072,2025-09-23,100.1,Caturra,Alemania,14
L000981,F0005,2025-09-14,93.1,Catimor,Alemania,5
L000982,F0043,2025-08-24,111.6,Catimor,Estados_Unidos,6
L000983,F0113,2026-07-29,162.2,Bourbon,Japon,12
L000984,F0026,2026-03-03,173.9,Bourbon,Alemania,12
L000985,F0093,2026-06-03,72.5,Caturra,Estados_Unidos,20
L000986,F0017,2025-06-12,88.9,Catimor,Belgica,6
L000987,F0034,2025-08-11,77.1,Caturra,Francia,20
L000988,F0104,2025-07-25,131.1,Typica,Estados_Unidos,5
L000989,F0022,2026-06-29,96.1,Catimor,Estados_Unidos,9
L000990,F0116,2025-08-08,151.7,Catimor,Alemania,17
L000991,F0112,2025-06-28,102.2,Bourbon,Belgica,7
L000992,F0083,2025-04-27,131.0,Caturra,Belgica,6
L000993,F0082,2025-02-27,136.1,Bourbon,Nacional,13
L000994,F0075,2026-07-15,160.0,Typica,Alemania,10
L000995,F0016,2025-07-17,116.2,Typica,Nacional,9
L000996,F0006,2026-06-26,59.5,Caturra,Alemania,8
L000997,F0091,2025-06-21,138.1,Bourbon,Estados_Unidos,17
L000998,F0074,2026-04-13,111.0,Caturra,Alemania,5
L000999,F0001,2025-07-12,107.3,Caturra,Francia,12
L001000,F0074,2025-09-24,121.7,Bourbon,Paises_Bajos,15
L001001,F0090,2026-08-08,267.7,Catimor,Estados_Unidos,20
L001002,F0076,2025-06-09,260.7,Geisha,Nacional,9
L001003,F0029,2025-04-23,161.2,Bourbon,Belgica,8
L001004,F0051,2026-05-01,91.2,Geisha,Estados_Unidos,6
L001005,F0060,2025-08-02,168.3,Geisha,Japon,14
L001006,F0055,2026-07-21,163.6,Typica,Alemania,20
L001007,F0098,2025-09-08,75.6,Bourbon,Paises_Bajos,15
L001008,F0105,2026-08-01,135.9,Caturra,Nacional,17
L001009,F0019,2026-01-30,155.4,Caturra,Belgica,13
L001010,F0019,2025-04-19,179.5,Typica,Alemania,17
L001011,F0026,2025-05-14,61.0,Typica,Estados_Unidos,17
L001012,F0113,2025-06-21,222.0,Catimor,Alemania,12
L001013,F0026,2026-05-13,256.3,Typica,Paises_Bajos,6
L001014,F0021,2026-07-27,136.0,Catimor,Alemania,13
L001015,F0044,2025-09-03,198.2,Caturra,Alemania,15
L001016,F0086,2025-05-14,212.4,Caturra,Francia,20
L001017,F0071,2025-07-25,161.9,Typica,Estados_Unidos,18
L001018,F0099,2026-04-06,151.1,Catimor,Francia,4
L001019,F0046,2025-04-14,133.9,Caturra,Belgica,14
L001020,F0043,2025-09-21,116.3,Bourbon,Alemania,16
L001021,F0099,2026-05-15,60.8,Catimor,Estados_Unidos,12
L001022,F0098,2026-08-01,157.8,Caturra,Francia,10
L001023,F0001,2026-07-19,141.8,Typica,Paises_Bajos,19
L001024,F0084,2026-04-18,119.9,Bourbon,Francia,8
L001025,F0030,2026-08-24,169.7,Caturra,Belgica,16
L001026,F0049,2025-08-21,72.6,Caturra,Estados_Unidos,6
L001027,F0018,2026-08-18,125.1,Catimor,Nacional,8
L001028,F0045,2025-08-16,80.9,Geisha,Japon,16
L001029,F0080,2026-08-28,181.6,Caturra,Alemania,10
L001030,F0039,2026-08-30,128.5,Caturra,Estados_Unidos,10
L001031,F0007,2026-04-07,94.4,Geisha,Alemania,12
L001032,F0083,2026-07-05,64.0,Caturra,Japon,14
L001033,F0069,2025-04-18,185.0,Caturra,Belgica,5
L001034,F0072,2025-08-29,135.1,Caturra,Alemania,8
L001035,F0095,2025-07-24,83.6,Catimor,Paises_Bajos,15
L001036,F0022,2025-09-01,172.0,Caturra,Estados_Unidos,12
L001037,F0106,2026-04-22,100.7,Typica,Nacional,16
L001038,F0023,2025-11-20,88.2,Typica,Japon,8
L001039,F0054,2026-08-15,187.4,Catimor,Belgica,10
L001040,F0023,2026-06-22,270.0,Catimor,Nacional,13
L001041,F0104,2026-08-14,271.9,Typica,Francia,12
L001042,F0019,2025-01-05,256.9,Caturra,Francia,14
L001043,F0113,2026-05-26,200.9,Catimor,Belgica,17
L001044,F0024,2026-04-19,214.9,Caturra,Alemania,12
L001045,F0086,2025-05-13,175.7,Caturra,Belgica,13
L001046,F0108,2025-05-11,33.8,Caturra,Estados_Unidos,12
L001047,F0008,2025-10-28,99.0,Caturra,Japon,14
L001048,F0099,2026-06-28,65.7,Caturra,Paises_Bajos,12
L001049,F0104,2025-09-18,53.5,Bourbon,Alemania,20
L001050,F0070,2025-04-09,112.5,Caturra,Francia,7
L001051,F0085,2025-04-01,213.4,Catimor,Estados_Unidos,19
L001052,F0053,2025-03-30,104.4,Typica,Estados_Unidos,12
L001053,F0118,2025-08-21,93.2,Bourbon,Estados_Unidos,7
L001054,F0054,2025-10-11,216.6,Bourbon,Nacional,20
L001055,F0017,2025-09-27,97.9,Caturra,Alemania,6
L001056,F0111,2025-08-03,274.8,Caturra,Alemania,11
L001057,F0046,2025-12-19,90.7,Bourbon,Belgica,19
L001058,F0006,2025-06-25,96.0,Bourbon,Paises_Bajos,18
L001059,F0093,2025-09-09,176.0,Typica,Estados_Unidos,18
L001060,F0091,2025-09-08,289.1,Catimor,Francia,13
L001061,F0109,2025-04-12,88.0,Catimor,Francia,12
L001062,F0069,2025-07-27,224.1,Bourbon,Alemania,17
L001063,F0022,2025-04-06,63.8,Catimor,Alemania,7
L001064,F0098,2026-01-14,35.8,Catimor,Alemania,17
L001065,F0051,2026-08-07,86.1,Typica,Paises_Bajos,8
L001066,F0047,2025-06-11,95.9,Typica,Belgica,13
L001067,F0009,2025-08-08,25.0,Catimor,Japon,13
L001068,F0116,2025-08-23,195.6,Caturra,Francia,16
L001069,F0074,2025-04-24,67.6,Typica,Paises_Bajos,8
L001070,F0085,2025-04-17,74.4,Typica,Alemania,13
L001071,F0003,2025-09-04,132.2,Caturra,Paises_Bajos,19
L001072,F0078,2026-08-01,158.2,Caturra,Alemania,19
L001073,F0071,2026-08-23,160.9,Caturra,Nacional,5
L001074,F0050,2025-06-09,87.5,Caturra,Alemania,4
L001075,F0033,2026-05-05,261.2,Caturra,Paises_Bajos,18
L001076,F0003,2025-09-23,100.6,Typica,Francia,17
L001077,F0042,2025-02-27,103.1,Catimor,Estados_Unidos,17
L001078,F0019,2025-08-21,69.4,Caturra,Japon,18
L001079,F0085,2026-07-08,63.2,Catimor,Alemania,19
L001080,F0114,2026-04-08,226.8,Catimor,Alemania,16
L001081,F0094,2026-06-30,102.0,Caturra,Estados_Unidos,15
L001082,F0033,2025-05-12,176.0,Bourbon,Japon,19
L001083,F0114,2025-04-23,78.4,Caturra,Japon,17
L001084,F0083,2026-05-01,93.4,Caturra,Alemania,17
L001085,F0010,2025-09-10,222.0,Caturra,Estados_Unidos,4
L001086,F0109,2025-09-30,116.1,Geisha,Japon,15
L001087,F0089,2025-04-01,56.4,Caturra,Francia,16
L001088,F0104,2025-05-16,95.2,Typica,Alemania,10
L001089,F0012,2025-05-15,49.4,Caturra,Alemania,18
L001090,F0073,2026-05-23,76.2,Geisha,Alemania,10
L001091,F0071,2026-07-13,170.4,Typica,Alemania,8
L001092,F0044,2026-08-19,152.6,Catimor,Alemania,20
L001093,F0014,2026-07-24,189.9,Catimor,Alemania,12
L001094,F0047,2026-07-21,144.1,Typica,Estados_Unidos,6
L001095,F0034,2026-07-25,102.5,Caturra,Estados_Unidos,11
L001096,F0105,2025-06-24,161.9,Catimor,Alemania,14
L001097,F0111,2026-08-14,75.3,Caturra,Estados_Unidos,7
L001098,F0007,2025-09-20,89.7,Geisha,Paises_Bajos,13
L001099,F0053,2025-07-25,106.0,Catimor,Nacional,4
L001100,F0059,2025-09-08,195.5,Catimor,Nacional,16
L001101,F0120,2026-06-04,113.0,Typica,Francia,18
L001102,F0022,2026-06-09,105.6,Catimor,Francia,17
L001103,F0046,2025-06-03,121.8,Catimor,Alemania,20
L001104,F0020,2025-01-28,46.5,Typica,Japon,7
L001105,F0031,2025-08-08,193.0,Geisha,Francia,10
L001106,F0012,2025-04-11,128.9,Typica,Japon,19
L001107,F0050,2025-04-29,162.2,Caturra,Belgica,8
L001108,F0005,2025-05-09,59.8,Catimor,Nacional,8
L001109,F0020,2026-05-17,194.2,Catimor,Francia,13
L001110,F0026,2026-08-10,181.6,Bourbon,Estados_Unidos,20
L001111,F0075,2025-08-12,110.1,Bourbon,Nacional,9
L001112,F0084,2025-05-04,75.4,Caturra,Paises_Bajos,11
L001113,F0025,2025-03-12,109.4,Caturra,Alemania,17
L001114,F0053,2025-03-14,120.4,Typica,Francia,13
L001115,F0068,2025-07-27,65.8,Bourbon,Nacional,15
L001116,F0112,2025-05-19,148.8,Typica,Nacional,7
L001117,F0020,2026-06-20,86.3,Caturra,Estados_Unidos,4
L001118,F0110,2025-04-04,223.4,Catimor,Estados_Unidos,6
L001119,F0005,2025-07-24,148.1,Geisha,Alemania,18
L001120,F0003,2025-07-12,143.1,Catimor,Estados_Unidos,9
L001121,F0038,2026-06-01,112.5,Catimor,Nacional,7
L001122,F0064,2025-09-17,123.6,Catimor,Belgica,19
L001123,F0062,2026-05-27,105.6,Caturra,Alemania,7
L001124,F0009,2025-08-20,67.0,Catimor,Japon,13
L001125,F0004,2025-08-26,117.8,Catimor,Japon,13
L001126,F0073,2026-03-24,100.0,Typica,Japon,14
L001127,F0118,2026-05-16,145.1,Catimor,Belgica,20
L001128,F0044,2026-07-08,170.5,Catimor,Paises_Bajos,8
L001129,F0006,2025-06-24,286.2,Caturra,Francia,17
L001130,F0010,2026-04-20,136.6,Catimor,Alemania,4
L001131,F0004,2025-09-18,167.0,Caturra,Belgica,9
L001132,F0089,2026-06-17,69.7,Catimor,Paises_Bajos,10
L001133,F0005,2025-07-12,164.3,Caturra,Paises_Bajos,11
L001134,F0095,2025-04-05,209.4,Caturra,Nacional,7
L001135,F0008,2025-05-03,184.4,Catimor,Alemania,6
L001136,F0109,2025-07-12,104.4,Catimor,Nacional,15
L001137,F0017,2025-01-21,222.4,Typica,Francia,20
L001138,F0042,2025-02-04,90.8,Caturra,Alemania,15
L001139,F0022,2025-09-13,135.7,Caturra,Francia,14
L001140,F0083,2025-09-30,82.4,Caturra,Estados_Unidos,13
L001141,F0004,2025-09-04,58.9,Catimor,Francia,9
L001142,F0049,2026-04-27,155.3,Bourbon,Estados_Unidos,16
L001143,F0018,2026-05-28,113.3,Catimor,Nacional,10
L001144,F0118,2026-04-24,80.0,Caturra,Francia,12
L001145,F0028,2025-08-27,38.8,Bourbon,Nacional,5
L001146,F0073,2026-08-13,190.1,Catimor,Alemania,5
L001147,F0098,2026-02-12,167.4,Bourbon,Francia,18
L001148,F0072,2025-05-19,92.6,Caturra,Alemania,14
L001149,F0088,2026-04-07,89.8,Bourbon,Japon,15
L001150,F0116,2025-11-26,103.6,Catimor,Paises_Bajos,11
L001151,F0111,2025-06-22,103.9,Catimor,Japon,15
L001152,F0077,2026-08-07,160.7,Caturra,Estados_Unidos,10
L001153,F0038,2026-06-18,155.6,Typica,Francia,18
L001154,F0042,2026-06-14,133.4,Caturra,Alemania,10
L001155,F0086,2025-04-13,37.4,Typica,Nacional,19
L001156,F0009,2025-06-25,205.5,Geisha,Estados_Unidos,8
L001157,F0118,2026-02-16,169.0,Caturra,Japon,15
L001158,F0034,2025-03-09,243.0,Bourbon,Alemania,17
L001159,F0080,2025-04-01,95.7,Typica,Francia,10
L001160,F0022,2025-04-13,93.5,Caturra,Paises_Bajos,8
L001161,F0055,2026-05-02,232.0,Catimor,Paises_Bajos,9
L001162,F0047,2025-07-05,90.2,Geisha,Paises_Bajos,5
L001163,F0083,2026-08-17,306.8,Caturra,Francia,10
L001164,F0083,2026-05-30,143.8,Caturra,Nacional,17
L001165,F0105,2026-07-26,128.0,Geisha,Japon,11
L001166,F0070,2026-04-23,87.7,Caturra,Paises_Bajos,4
L001167,F0108,2025-06-09,37.2,Caturra,Alemania,18
L001168,F0104,2026-08-05,97.2,Bourbon,Paises_Bajos,10
L001169,F0018,2026-07-08,108.1,Typica,Paises_Bajos,11
L001170,F0060,2026-05-07,460.0,Caturra,Estados_Unidos,9
L001171,F0013,2026-04-24,142.4,Bourbon,Francia,9
L001172,F0039,2026-07-08,122.9,Typica,Belgica,19
L001173,F0010,2026-04-16,194.8,Catimor,Alemania,19
L001174,F0054,2025-04-04,117.5,Catimor,Francia,8
L001175,F0073,2025-05-22,181.2,Catimor,Nacional,6
L001176,F0090,2026-08-04,108.0,Caturra,Belgica,19
L001177,F0025,2026-05-04,134.8,Caturra,Francia,11
L001178,F0081,2026-06-01,195.8,Typica,Alemania,18
L001179,F0101,2026-06-05,70.9,Catimor,Francia,13
L001180,F0001,2025-04-28,88.1,Caturra,Paises_Bajos,15
L001181,F0021,2025-09-18,140.3,Catimor,Nacional,7
L001182,F0085,2025-08-16,180.8,Bourbon,Estados_Unidos,7
L001183,F0061,2025-05-10,142.7,Bourbon,Francia,8
L001184,F0067,2025-04-12,121.5,Catimor,Alemania,12
L001185,F0006,2026-05-08,169.3,Typica,Alemania,8
L001186,F0091,2025-07-14,86.7,Caturra,Paises_Bajos,19
L001187,F0113,2025-08-16,339.8,Typica,Nacional,13
L001188,F0075,2026-07-25,184.5,Bourbon,Nacional,17
L001189,F0101,2025-07-01,253.7,Catimor,Paises_Bajos,8
L001190,F0062,2026-04-27,126.1,Caturra,Nacional,17
L001191,F0016,2025-08-21,328.3,Catimor,Francia,8
L001192,F0077,2025-09-24,103.8,Bourbon,Alemania,18
L001193,F0105,2026-05-10,224.9,Catimor,Alemania,7
L001194,F0051,2026-06-02,248.7,Caturra,Francia,7
L001195,F0018,2025-06-02,116.5,Bourbon,Francia,16
L001196,F0073,2026-04-10,95.2,Caturra,Alemania,10
L001197,F0085,2025-08-25,182.8,Caturra,Nacional,18
L001198,F0096,2026-04-13,122.8,Catimor,Belgica,8
L001199,F0107,2025-04-12,136.1,Catimor,Paises_Bajos,9
L001200,F0050,2026-05-15,53.6,Catimor,Belgica,5
L001201,F0051,2025-04-27,142.5,Caturra,Alemania,5
L001202,F0017,2026-05-05,158.3,Typica,Paises_Bajos,8
L001203,F0066,2026-05-14,115.4,Catimor,Alemania,13
L001204,F0108,2025-04-16,63.4,Catimor,Paises_Bajos,10
L001205,F0013,2025-06-15,131.0,Catimor,Nacional,10
L001206,F0013,2026-05-04,40.5,Caturra,Estados_Unidos,8
L001207,F0012,2026-07-21,94.1,Typica,Nacional,4
L001208,F0059,2025-05-21,185.7,Geisha,Alemania,12
L001209,F0002,2026-05-14,170.7,Catimor,Belgica,7
L001210,F0045,2025-05-06,239.6,Caturra,Japon,20
L001211,F0076,2025-07-11,75.4,Caturra,Francia,14
L001212,F0055,2025-08-31,225.4,Bourbon,Francia,11
L001213,F0063,2025-12-17,94.7,Catimor,Nacional,7
L001214,F0003,2026-04-28,137.3,Caturra,Nacional,10
L001215,F0003,2025-06-16,76.9,Catimor,Nacional,10
L001216,F0018,2025-07-09,199.1,Bourbon,Paises_Bajos,17
L001217,F0050,2025-08-19,63.6,Caturra,Francia,15
L001218,F0044,2026-08-31,84.3,Bourbon,Nacional,11
L001219,F0029,2026-06-01,202.8,Typica,Alemania,15
L001220,F0039,2026-04-23,76.7,Catimor,Paises_Bajos,4
L001221,F0008,2025-08-04,102.7,Catimor,Estados_Unidos,18
L001222,F0056,2026-08-05,178.7,Typica,Francia,20
L001223,F0075,2025-04-02,209.2,Bourbon,Paises_Bajos,7
L001224,F0113,2026-07-25,214.3,Caturra,Estados_Unidos,12
L001225,F0031,2025-09-18,239.1,Caturra,Alemania,11
L001226,F0078,2025-05-25,216.2,Bourbon,Estados_Unidos,16
L001227,F0031,2026-06-22,109.5,Caturra,Alemania,17
L001228,F0078,2026-04-20,230.6,Bourbon,Nacional,17
L001229,F0075,2026-03-12,106.9,Typica,Alemania,7
L001230,F0068,2025-12-19,141.9,Bourbon,Alemania,16
L001231,F0062,2026-06-23,127.0,Typica,Belgica,20
L001232,F0104,2026-04-20,131.8,Caturra,Estados_Unidos,18
L001233,F0046,2025-06-23,157.6,Catimor,Paises_Bajos,7
L001234,F0042,2025-07-23,104.5,Caturra,Alemania,13
L001235,F0043,2026-06-18,97.5,Catimor,Japon,11
L001236,F0037,2026-07-09,266.5,Bourbon,Alemania,7
L001237,F0016,2026-06-28,98.3,Caturra,Alemania,7
L001238,F0045,2025-08-14,103.4,Caturra,Francia,4
L001239,F0010,2026-04-07,97.5,Bourbon,Nacional,15
L001240,F0109,2025-09-30,52.7,Caturra,Paises_Bajos,18
L001241,F0083,2025-08-13,330.6,Caturra,Paises_Bajos,9
L001242,F0053,2025-11-02,106.6,Bourbon,Francia,14
L001243,F0016,2025-04-15,77.3,Catimor,Japon,9
L001244,F0088,2025-08-22,105.3,Caturra,Francia,14
L001245,F0086,2026-05-01,89.8,Bourbon,Alemania,12
L001246,F0080,2025-06-06,130.7,Geisha,Paises_Bajos,6
L001247,F0071,2025-03-17,111.0,Caturra,Paises_Bajos,17
L001248,F0068,2026-04-04,126.3,Caturra,Paises_Bajos,10
L001249,F0086,2026-06-03,41.9,Caturra,Paises_Bajos,4
L001250,F0108,2026-07-06,210.0,Bourbon,Francia,18
L001251,F0103,2026-03-27,208.5,Typica,Nacional,4
L001252,F0086,2025-07-14,107.9,Bourbon,Estados_Unidos,20
L001253,F0059,2026-03-19,301.1,Catimor,Estados_Unidos,18
L001254,F0099,2025-06-25,215.1,Bourbon,Francia,16
L001255,F0042,2026-08-30,125.3,Bourbon,Paises_Bajos,4
L001256,F0039,2025-09-22,137.2,Catimor,Francia,18
L001257,F0009,2025-07-19,233.3,Bourbon,Japon,20
L001258,F0104,2025-06-06,67.6,Caturra,Estados_Unidos,15
L001259,F0062,2025-11-05,181.5,Catimor,Paises_Bajos,18
L001260,F0010,2025-04-29,69.4,Bourbon,Nacional,4
L001261,F0075,2026-04-30,102.0,Catimor,Estados_Unidos,4
L001262,F0043,2026-04-02,128.7,Bourbon,Alemania,12
L001263,F0080,2026-04-13,157.0,Caturra,Paises_Bajos,6
L001264,F0111,2026-07-28,87.3,Catimor,Francia,19
L001265,F0046,2026-08-18,130.9,Caturra,Paises_Bajos,17
L001266,F0090,2025-08-27,296.6,Caturra,Alemania,12
L001267,F0114,2025-08-09,107.0,Bourbon,Alemania,9
L001268,F0037,2025-09-26,118.6,Caturra,Alemania,5
L001269,F0024,2026-08-21,89.2,Caturra,Alemania,16
L001270,F0114,2025-05-09,240.5,Typica,Estados_Unidos,18
L001271,F0088,2025-06-02,59.3,Caturra,Estados_Unidos,7
L001272,F0090,2025-05-13,233.1,Typica,Alemania,6
L001273,F0076,2025-07-28,179.5,Caturra,Belgica,9
L001274,F0040,2025-05-13,97.7,Catimor,Alemania,8
L001275,F0064,2025-11-22,236.7,Catimor,Nacional,19
L001276,F0061,2025-07-03,98.7,Typica,Paises_Bajos,17
L001277,F0017,2025-10-17,45.9,Caturra,Belgica,20
L001278,F0086,2026-08-21,157.2,Geisha,Estados_Unidos,19
L001279,F0107,2025-07-23,160.5,Bourbon,Estados_Unidos,15
L001280,F0064,2025-07-13,184.6,Caturra,Belgica,15
L001281,F0010,2025-07-18,172.3,Caturra,Francia,16
L001282,F0005,2025-03-25,71.4,Catimor,Francia,8
L001283,F0095,2025-05-19,101.3,Bourbon,Belgica,10
L001284,F0010,2025-06-09,254.1,Catimor,Francia,14
L001285,F0101,2025-09-08,52.4,Caturra,Francia,12
L001286,F0089,2026-05-02,301.2,Caturra,Paises_Bajos,7
L001287,F0042,2025-06-12,130.6,Bourbon,Belgica,17
L001288,F0017,2026-07-26,213.4,Caturra,Paises_Bajos,20
L001289,F0012,2025-04-25,151.4,Typica,Japon,9
L001290,F0061,2025-06-22,190.7,Caturra,Alemania,6
L001291,F0055,2026-04-26,137.4,Typica,Alemania,11
L001292,F0082,2025-05-11,122.7,Caturra,Estados_Unidos,17
L001293,F0105,2025-07-30,53.4,Catimor,Nacional,7
L001294,F0037,2026-07-08,160.4,Catimor,Paises_Bajos,19
L001295,F0103,2026-05-18,142.8,Typica,Alemania,15
L001296,F0006,2025-09-22,89.3,Caturra,Francia,20
L001297,F0031,2025-04-06,253.5,Typica,Paises_Bajos,5
L001298,F0007,2025-06-21,119.7,Caturra,Francia,10
L001299,F0004,2026-01-30,335.1,Bourbon,Nacional,12
L001300,F0096,2025-11-30,137.3,Catimor,Alemania,8
L001301,F0096,2025-08-11,111.3,Caturra,Francia,7
L001302,F0087,2026-04-19,247.3,Caturra,Estados_Unidos,20
L001303,F0069,2026-08-01,112.5,Typica,Japon,15
L001304,F0104,2026-04-24,193.4,Catimor,Belgica,4
L001305,F0064,2025-04-18,252.0,Bourbon,Belgica,18
L001306,F0026,2025-10-13,252.0,Typica,Francia,20
L001307,F0009,2026-02-14,125.6,Caturra,Francia,7
L001308,F0075,2026-05-17,121.2,Bourbon,Alemania,5
L001309,F0008,2026-07-10,137.7,Geisha,Nacional,5
L001310,F0020,2026-08-04,269.8,Bourbon,Belgica,19
L001311,F0045,2025-07-23,66.8,Bourbon,Alemania,11
L001312,F0053,2025-08-29,117.6,Catimor,Estados_Unidos,11
L001313,F0106,2026-08-08,125.1,Catimor,Estados_Unidos,13
L001314,F0002,2025-05-14,142.5,Caturra,Francia,5
L001315,F0020,2026-07-26,85.2,Typica,Paises_Bajos,7
L001316,F0031,2026-08-12,134.2,Catimor,Francia,13
L001317,F0106,2025-06-26,225.5,Caturra,Belgica,15
L001318,F0093,2025-04-02,31.5,Catimor,Alemania,10
L001319,F0089,2025-08-11,131.0,Caturra,Belgica,5
L001320,F0103,2025-05-20,189.4,Caturra,Belgica,10
L001321,F0016,2026-04-23,204.9,Caturra,Nacional,7
L001322,F0006,2026-06-13,62.4,Catimor,Nacional,7
L001323,F0091,2025-10-24,36.2,Catimor,Nacional,4
L001324,F0050,2026-06-25,87.1,Geisha,Francia,4
L001325,F0098,2026-02-16,220.5,Bourbon,Paises_Bajos,18
L001326,F0034,2025-09-02,154.8,Caturra,Belgica,16
L001327,F0043,2026-06-01,160.4,Bourbon,Estados_Unidos,20
L001328,F0029,2025-06-08,73.1,Caturra,Estados_Unidos,7
L001329,F0070,2025-09-27,105.7,Typica,Belgica,7
L001330,F0007,2025-02-16,102.8,Catimor,Estados_Unidos,18
L001331,F0012,2026-05-03,95.8,Typica,Nacional,13
L001332,F0020,2025-04-09,130.5,Catimor,Alemania,18
L001333,F0087,2026-02-22,129.4,Caturra,Francia,16
L001334,F0082,2025-06-17,105.3,Catimor,Francia,18
L001335,F0003,2025-04-01,77.4,Bourbon,Alemania,17
L001336,F0109,2026-04-06,119.2,Bourbon,Nacional,6
L001337,F0040,2026-05-09,135.8,Caturra,Estados_Unidos,19
L001338,F0081,2025-07-02,162.3,Geisha,Paises_Bajos,4
L001339,F0055,2025-06-23,138.8,Caturra,Paises_Bajos,13
L001340,F0094,2025-07-13,68.7,Typica,Paises_Bajos,5
L001341,F0025,2025-07-01,221.9,Typica,Japon,19
L001342,F0086,2025-07-22,114.2,Caturra,Belgica,8
L001343,F0004,2025-08-02,162.6,Typica,Japon,4
L001344,F0001,2025-09-14,82.9,Catimor,Estados_Unidos,11
L001345,F0086,2025-06-15,84.8,Caturra,Estados_Unidos,20
L001346,F0070,2026-08-06,193.4,Bourbon,Estados_Unidos,11
L001347,F0053,2025-08-14,251.9,Caturra,Francia,14
L001348,F0110,2025-03-27,25.0,Typica,Estados_Unidos,9
L001349,F0012,2025-04-08,173.0,Typica,Alemania,15
L001350,F0083,2025-04-05,95.4,Caturra,Alemania,13
L001351,F0103,2026-07-25,124.2,Catimor,Paises_Bajos,7
L001352,F0053,2025-07-09,241.1,Caturra,Francia,16
L001353,F0060,2026-06-18,154.7,Bourbon,Alemania,13
L001354,F0120,2025-07-22,219.3,Bourbon,Paises_Bajos,10
L001355,F0040,2026-05-20,91.5,Catimor,Japon,17
L001356,F0109,2025-06-03,117.2,Typica,Paises_Bajos,13
L001357,F0111,2026-04-16,97.4,Typica,Estados_Unidos,15
L001358,F0093,2025-08-03,98.3,Bourbon,Nacional,18
L001359,F0096,2025-05-12,246.5,Caturra,Japon,15
L001360,F0095,2026-08-09,156.2,Bourbon,Francia,6
L001361,F0104,2026-02-26,114.2,Bourbon,Belgica,6
L001362,F0096,2025-08-20,209.0,Catimor,Alemania,6
L001363,F0044,2026-06-12,112.8,Caturra,Belgica,8
L001364,F0080,2025-09-08,395.6,Bourbon,Alemania,14
L001365,F0029,2025-08-15,208.1,Bourbon,Nacional,12
L001366,F0047,2026-06-25,139.6,Catimor,Alemania,16
L001367,F0112,2025-05-11,105.9,Caturra,Nacional,15
L001368,F0087,2026-05-12,95.9,Typica,Belgica,20
L001369,F0002,2026-02-18,31.5,Caturra,Francia,10
L001370,F0059,2025-08-19,73.5,Caturra,Estados_Unidos,5
L001371,F0046,2026-05-24,302.2,Caturra,Belgica,14
L001372,F0040,2026-07-25,37.0,Catimor,Nacional,11
L001373,F0080,2025-04-07,166.4,Catimor,Estados_Unidos,16
L001374,F0067,2025-09-04,61.4,Bourbon,Alemania,8
L001375,F0021,2025-07-03,151.6,Catimor,Belgica,16
L001376,F0095,2026-08-24,160.1,Catimor,Alemania,8
L001377,F0001,2025-10-19,203.8,Bourbon,Belgica,20
L001378,F0109,2025-04-26,129.8,Typica,Alemania,10
L001379,F0059,2025-07-14,166.5,Bourbon,Belgica,13
L001380,F0012,2026-08-22,45.1,Typica,Estados_Unidos,4
L001381,F0039,2025-04-04,48.0,Caturra,Francia,13
L001382,F0066,2025-05-22,150.4,Typica,Belgica,16
L001383,F0116,2025-04-24,60.5,Caturra,Nacional,19
L001384,F0005,2026-07-24,117.9,Caturra,Estados_Unidos,8
L001385,F0018,2026-04-28,116.2,Bourbon,Alemania,14
L001386,F0106,2026-04-25,155.3,Catimor,Francia,20
L001387,F0049,2025-08-22,99.9,Catimor,Nacional,6
L001388,F0110,2026-05-19,248.1,Caturra,Francia,14
L001389,F0044,2025-07-25,135.9,Bourbon,Francia,12
L001390,F0111,2025-05-11,161.4,Caturra,Paises_Bajos,16
L001391,F0056,2026-04-21,84.9,Caturra,Paises_Bajos,16
L001392,F0071,2025-04-10,154.4,Typica,Estados_Unidos,16
L001393,F0086,2025-04-16,188.7,Caturra,Francia,6
L001394,F0031,2025-06-20,131.9,Bourbon,Belgica,7
L001395,F0101,2025-08-16,310.3,Bourbon,Belgica,6
L001396,F0009,2025-05-28,98.0,Caturra,Francia,12
L001397,F0102,2025-07-11,188.9,Caturra,Paises_Bajos,7
L001398,F0047,2026-07-15,156.0,Caturra,Paises_Bajos,6
L001399,F0076,2025-08-09,114.3,Caturra,Nacional,19
L001400,F0107,2026-03-18,115.7,Catimor,Belgica,11
L001401,F0047,2025-09-07,127.5,Catimor,Japon,11
L001402,F0108,2025-07-10,163.6,Catimor,Belgica,12
L001403,F0095,2026-07-30,171.0,Bourbon,Belgica,12
L001404,F0085,2025-04-07,281.1,Bourbon,Alemania,6
L001405,F0038,2025-07-25,80.7,Bourbon,Alemania,13
L001406,F0107,2025-02-05,143.0,Caturra,Nacional,11
L001407,F0094,2025-08-14,92.1,Bourbon,Francia,8
L001408,F0024,2026-04-20,69.1,Catimor,Belgica,7
L001409,F0114,2026-07-24,136.3,Catimor,Nacional,20
L001410,F0074,2025-05-21,131.1,Caturra,Alemania,20
L001411,F0076,2026-07-24,68.4,Catimor,Alemania,7
L001412,F0027,2026-07-18,114.8,Bourbon,Francia,20
L001413,F0014,2026-05-22,133.2,Typica,Alemania,12
L001414,F0078,2026-05-13,142.1,Caturra,Alemania,14
L001415,F0019,2025-06-21,63.7,Bourbon,Alemania,16
L001416,F0044,2026-03-27,104.0,Typica,Alemania,4
L001417,F0005,2026-07-25,124.2,Geisha,Japon,16
L001418,F0059,2025-04-12,262.9,Caturra,Francia,18
L001419,F0087,2025-08-28,77.9,Bourbon,Nacional,15
L001420,F0012,2025-07-16,281.4,Caturra,Alemania,14
L001421,F0104,2025-07-30,91.5,Catimor,Estados_Unidos,19
L001422,F0067,2025-09-22,189.8,Typica,Estados_Unidos,20
L001423,F0028,2026-08-03,262.7,Caturra,Belgica,20
L001424,F0042,2025-07-01,119.2,Catimor,Francia,11
L001425,F0037,2025-07-19,110.2,Geisha,Alemania,6
L001426,F0006,2026-04-16,115.8,Catimor,Belgica,16
L001427,F0061,2025-08-21,30.0,Bourbon,Paises_Bajos,4
L001428,F0101,2026-06-01,105.8,Typica,Japon,14
L001429,F0024,2026-06-20,120.6,Typica,Francia,7
L001430,F0089,2025-09-07,305.4,Geisha,Estados_Unidos,17
L001431,F0111,2025-03-30,122.1,Typica,Nacional,18
L001432,F0037,2025-06-01,67.3,Caturra,Paises_Bajos,17
L001433,F0060,2026-04-08,126.3,Geisha,Alemania,4
L001434,F0010,2025-08-11,233.8,Bourbon,Alemania,9
L001435,F0088,2025-05-01,239.0,Bourbon,Nacional,18
L001436,F0007,2026-06-11,131.7,Geisha,Francia,11
L001437,F0088,2026-05-02,141.1,Bourbon,Nacional,17
L001438,F0021,2025-02-25,92.3,Typica,Alemania,4
L001439,F0070,2026-07-17,88.4,Catimor,Nacional,12
L001440,F0022,2026-04-17,70.0,Bourbon,Japon,19
L001441,F0020,2025-05-15,166.2,Catimor,Nacional,7
L001442,F0096,2026-08-05,176.2,Typica,Alemania,6
L001443,F0029,2026-08-05,206.6,Bourbon,Francia,12
L001444,F0021,2025-05-05,172.7,Caturra,Francia,6
L001445,F0102,2026-06-21,371.9,Typica,Nacional,15
L001446,F0018,2026-05-20,112.3,Caturra,Alemania,15
L001447,F0020,2025-04-27,78.6,Catimor,Alemania,14
L001448,F0091,2025-07-17,58.3,Catimor,Belgica,18
L001449,F0030,2025-09-03,188.2,Bourbon,Francia,9
L001450,F0055,2025-06-25,208.8,Caturra,Francia,14
L001451,F0114,2026-06-30,152.6,Bourbon,Nacional,11
L001452,F0042,2025-04-01,104.4,Bourbon,Alemania,4
L001453,F0045,2025-06-26,140.3,Typica,Paises_Bajos,4
L001454,F0103,2026-08-29,68.7,Typica,Alemania,7
L001455,F0066,2026-04-11,59.1,Catimor,Alemania,14
L001456,F0106,2025-03-31,114.6,Typica,Belgica,13
L001457,F0042,2025-07-10,138.5,Caturra,Japon,17
L001458,F0068,2026-06-28,89.6,Geisha,Nacional,20
L001459,F0033,2025-08-30,163.6,Caturra,Japon,6
L001460,F0054,2025-05-04,146.7,Typica,Alemania,18
L001461,F0120,2026-08-20,231.4,Catimor,Paises_Bajos,6
L001462,F0004,2026-07-16,99.5,Catimor,Alemania,14
L001463,F0116,2026-04-28,122.2,Typica,Estados_Unidos,8
L001464,F0105,2025-08-24,137.5,Bourbon,Nacional,8
L001465,F0086,2026-08-13,141.4,Bourbon,Francia,18
L001466,F0027,2025-06-24,122.2,Bourbon,Francia,9
L001467,F0103,2025-08-09,192.9,Bourbon,Francia,5
L001468,F0099,2026-08-22,42.5,Bourbon,Francia,16
L001469,F0088,2026-04-06,105.7,Bourbon,Alemania,10
L001470,F0090,2025-04-26,201.9,Bourbon,Estados_Unidos,19
L001471,F0093,2025-07-21,193.3,Geisha,Alemania,10
L001472,F0039,2026-08-19,103.9,Caturra,Estados_Unidos,18
L001473,F0021,2025-01-11,160.4,Catimor,Belgica,16
L001474,F0016,2025-09-17,169.2,Caturra,Belgica,11
L001475,F0037,2025-08-15,128.8,Caturra,Estados_Unidos,5
L001476,F0030,2026-05-22,251.1,Catimor,Alemania,14
L001477,F0072,2026-05-31,59.7,Caturra,Alemania,9
L001478,F0077,2026-04-02,226.0,Bourbon,Alemania,12
L001479,F0093,2026-05-11,48.0,Caturra,Alemania,8
L001480,F0102,2026-05-21,217.6,Typica,Alemania,19
L001481,F0019,2026-06-27,197.0,Typica,Francia,4
L001482,F0083,2026-07-28,154.7,Typica,Paises_Bajos,7
L001483,F0066,2025-07-26,319.6,Caturra,Francia,11
L001484,F0112,2025-06-02,90.9,Caturra,Paises_Bajos,6
L001485,F0102,2026-05-28,37.0,Catimor,Paises_Bajos,20
L001486,F0095,2026-06-16,93.8,Caturra,Alemania,7
L001487,F0083,2025-06-19,221.1,Typica,Paises_Bajos,20
L001488,F0087,2026-06-19,98.4,Geisha,Francia,11
L001489,F0026,2025-01-18,98.6,Catimor,Belgica,9
L001490,F0083,2025-07-05,144.7,Bourbon,Alemania,19
L001491,F0001,2025-09-30,89.0,Caturra,Estados_Unidos,5
L001492,F0086,2025-07-16,107.8,Bourbon,Alemania,8
L001493,F0083,2025-04-04,265.1,Bourbon,Alemania,20
L001494,F0078,2026-05-13,92.9,Typica,Alemania,5
L001495,F0089,2026-08-01,230.4,Bourbon,Alemania,12
L001496,F0088,2026-08-10,108.1,Catimor,Japon,9
L001497,F0014,2026-08-06,194.2,Geisha,Japon,6
L001498,F0007,2026-08-27,50.9,Typica,Francia,20
L001499,F0023,2026-05-28,131.7,Typica,Francia,15
L001500,F0066,2025-04-28,120.7,Bourbon,Francia,14
L001501,F0090,2026-08-01,85.1,Catimor,Alemania,13
L001502,F0108,2025-05-06,78.1,Bourbon,Alemania,10
L001503,F0014,2026-04-17,148.8,Bourbon,Paises_Bajos,9
L001504,F0049,2026-08-17,135.7,Typica,Alemania,14
L001505,F0063,2025-12-30,182.3,Catimor,Japon,17
L001506,F0046,2025-01-20,155.9,Caturra,Francia,17
L001507,F0049,2025-08-19,81.6,Catimor,Paises_Bajos,14
L001508,F0059,2025-07-12,82.9,Catimor,Estados_Unidos,7
L001509,F0105,2025-03-26,125.6,Caturra,Alemania,18
L001510,F0007,2025-11-17,101.9,Geisha,Nacional,6
L001511,F0020,2025-09-02,87.9,Caturra,Japon,10
L001512,F0023,2025-07-29,105.9,Typica,Paises_Bajos,19
L001513,F0033,2026-06-26,53.6,Geisha,Nacional,5
L001514,F0087,2026-06-07,122.7,Catimor,Belgica,11
L001515,F0102,2025-05-21,40.2,Catimor,Estados_Unidos,5
L001516,F0029,2026-07-07,101.5,Caturra,Francia,16
L001517,F0118,2026-03-25,187.9,Typica,Japon,18
L001518,F0086,2025-03-11,148.7,Bourbon,Belgica,7
L001519,F0038,2025-08-31,87.0,Bourbon,Nacional,5
L001520,F0016,2026-08-25,79.8,Catimor,Belgica,9
L001521,F0021,2026-04-19,77.1,Bourbon,Paises_Bajos,13
L001522,F0080,2025-06-25,209.0,Caturra,Alemania,14
L001523,F0070,2025-05-09,102.7,Catimor,Japon,15
L001524,F0113,2026-08-10,103.0,Caturra,Belgica,15
L001525,F0067,2025-03-13,329.3,Catimor,Alemania,6
L001526,F0094,2025-09-25,107.1,Typica,Nacional,17
L001527,F0029,2025-06-30,334.1,Geisha,Japon,14
L001528,F0044,2025-05-27,156.9,Caturra,Francia,20
L001529,F0053,2025-08-25,126.4,Typica,Belgica,14
L001530,F0004,2025-05-06,91.5,Bourbon,Japon,5
L001531,F0017,2026-05-28,130.6,Catimor,Paises_Bajos,12
L001532,F0044,2026-06-10,165.0,Catimor,Francia,6
L001533,F0033,2025-04-25,115.2,Typica,Alemania,13
L001534,F0005,2025-05-04,110.4,Caturra,Japon,11
L001535,F0116,2026-05-26,208.1,Caturra,Japon,5
L001536,F0081,2026-05-05,208.9,Catimor,Japon,13
L001537,F0086,2026-08-30,152.7,Caturra,Nacional,12
L001538,F0120,2025-08-01,120.9,Bourbon,Francia,13
L001539,F0072,2026-05-17,122.3,Caturra,Belgica,19
L001540,F0043,2026-04-04,256.1,Catimor,Estados_Unidos,8
L001541,F0009,2025-04-02,56.2,Bourbon,Alemania,12
L001542,F0080,2026-04-10,200.7,Catimor,Francia,15
L001543,F0024,2026-08-25,280.5,Bourbon,Japon,11
L001544,F0074,2026-04-06,97.8,Bourbon,Alemania,6
L001545,F0114,2025-07-09,235.3,Typica,Alemania,12
L001546,F0019,2025-05-12,298.5,Bourbon,Nacional,8
L001547,F0090,2026-08-18,94.3,Catimor,Paises_Bajos,8
L001548,F0021,2026-01-15,44.6,Catimor,Francia,18
L001549,F0053,2026-08-25,125.7,Geisha,Paises_Bajos,17
L001550,F0082,2025-09-14,120.4,Typica,Belgica,12
L001551,F0095,2025-09-27,62.5,Caturra,Alemania,12
L001552,F0120,2025-09-15,125.0,Bourbon,Estados_Unidos,14
L001553,F0022,2025-02-19,110.7,Caturra,Alemania,14
L001554,F0028,2025-08-03,226.9,Typica,Francia,8
L001555,F0028,2025-06-12,147.8,Typica,Alemania,20
L001556,F0080,2025-01-29,110.0,Catimor,Belgica,13
L001557,F0060,2025-08-31,118.2,Bourbon,Belgica,19
L001558,F0084,2025-06-02,170.8,Caturra,Francia,6
L001559,F0037,2025-09-27,155.8,Caturra,Belgica,4
L001560,F0049,2026-05-23,111.7,Caturra,Japon,15
L001561,F0081,2026-06-30,57.5,Bourbon,Nacional,5
L001562,F0040,2026-08-22,84.6,Bourbon,Estados_Unidos,4
L001563,F0077,2025-08-20,127.7,Catimor,Francia,11
L001564,F0053,2026-04-24,211.3,Bourbon,Nacional,5
L001565,F0026,2026-02-23,288.9,Caturra,Paises_Bajos,5
L001566,F0074,2025-04-22,167.4,Caturra,Alemania,10
L001567,F0034,2026-07-16,167.2,Geisha,Estados_Unidos,17
L001568,F0095,2025-08-27,123.1,Bourbon,Alemania,14
L001569,F0014,2026-05-13,82.8,Bourbon,Paises_Bajos,9
L001570,F0038,2026-07-16,171.8,Caturra,Alemania,16
L001571,F0009,2025-08-25,210.9,Catimor,Francia,11
L001572,F0053,2026-06-09,170.5,Caturra,Nacional,10
L001573,F0067,2025-08-29,127.4,Geisha,Estados_Unidos,8
L001574,F0082,2025-07-07,92.7,Geisha,Paises_Bajos,4
L001575,F0087,2026-07-27,121.7,Catimor,Paises_Bajos,19
L001576,F0054,2025-09-03,218.7,Caturra,Alemania,19
L001577,F0066,2026-04-03,130.6,Caturra,Belgica,4
L001578,F0093,2026-07-24,209.9,Catimor,Paises_Bajos,15
L001579,F0106,2026-06-21,93.0,Bourbon,Nacional,7
L001580,F0042,2026-03-03,98.5,Bourbon,Estados_Unidos,17
L001581,F0112,2026-08-29,263.9,Catimor,Alemania,6
L001582,F0083,2026-06-29,116.6,Typica,Estados_Unidos,16
L001583,F0103,2025-04-08,165.3,Catimor,Estados_Unidos,9
L001584,F0070,2026-08-08,125.3,Catimor,Alemania,8
L001585,F0017,2025-12-26,395.5,Catimor,Belgica,16
L001586,F0014,2026-03-02,116.0,Typica,Nacional,8
L001587,F0006,2025-08-16,153.3,Caturra,Belgica,13
L001588,F0103,2026-04-09,66.1,Caturra,Japon,4
L001589,F0021,2025-02-19,114.2,Bourbon,Belgica,14
L001590,F0021,2026-02-22,74.8,Bourbon,Alemania,11
L001591,F0006,2025-04-12,68.5,Caturra,Alemania,5
L001592,F0040,2025-07-24,99.4,Typica,Paises_Bajos,20
L001593,F0120,2026-06-20,200.2,Typica,Japon,14
L001594,F0018,2025-04-13,105.7,Catimor,Paises_Bajos,15
L001595,F0114,2026-07-18,121.9,Catimor,Estados_Unidos,16
L001596,F0020,2026-08-26,59.4,Caturra,Nacional,11
L001597,F0024,2026-06-05,166.5,Bourbon,Alemania,6
L001598,F0066,2026-01-31,153.3,Catimor,Belgica,10
L001599,F0060,2025-05-27,206.0,Caturra,Francia,4
L001600,F0119,2025-09-29,70.3,Bourbon,Francia,11
L001601,F0085,2025-05-10,151.5,Caturra,Alemania,8
L001602,F0119,2025-08-16,200.7,Caturra,Francia,11
L001603,F0034,2025-04-29,308.0,Bourbon,Francia,19
L001604,F0110,2025-08-20,106.0,Catimor,Francia,9
L001605,F0068,2026-05-13,290.7,Bourbon,Francia,15
L001606,F0116,2026-03-28,143.1,Bourbon,Alemania,14
L001607,F0114,2026-05-29,235.9,Caturra,Estados_Unidos,5
L001608,F0091,2025-09-25,229.9,Catimor,Alemania,9
L001609,F0042,2026-06-15,102.0,Caturra,Estados_Unidos,15
L001610,F0080,2025-04-09,119.4,Caturra,Nacional,8
L001611,F0085,2026-07-14,139.1,Bourbon,Alemania,13
L001612,F0046,2025-07-03,460.0,Typica,Nacional,14
L001613,F0005,2025-09-16,238.2,Bourbon,Paises_Bajos,17
L001614,F0040,2026-04-28,45.1,Catimor,Alemania,17
L001615,F0047,2026-06-05,110.9,Caturra,Estados_Unidos,11
L001616,F0050,2025-09-25,285.9,Caturra,Nacional,10
L001617,F0042,2025-07-18,150.7,Catimor,Paises_Bajos,14
L001618,F0018,2026-07-15,172.3,Geisha,Alemania,20
L001619,F0034,2025-08-19,166.7,Typica,Nacional,9
L001620,F0030,2025-10-28,75.9,Bourbon,Francia,11
L001621,F0033,2026-08-05,100.0,Caturra,Belgica,19
L001622,F0080,2025-05-10,133.9,Bourbon,Francia,15
L001623,F0047,2025-05-12,150.6,Bourbon,Francia,16
L001624,F0109,2025-07-27,74.6,Bourbon,Nacional,8
L001625,F0019,2026-06-21,100.0,Caturra,Alemania,5
L001626,F0102,2025-05-29,154.1,Caturra,Paises_Bajos,17
L001627,F0082,2026-04-08,133.5,Catimor,Belgica,7
L001628,F0112,2025-09-11,286.1,Geisha,Alemania,14
L001629,F0116,2025-04-29,139.0,Caturra,Japon,6
L001630,F0037,2025-10-24,178.1,Caturra,Alemania,11
L001631,F0114,2026-05-08,141.0,Bourbon,Belgica,18
L001632,F0044,2026-07-31,134.7,Typica,Nacional,6
L001633,F0103,2025-06-24,82.3,Catimor,Nacional,4
L001634,F0064,2025-05-08,164.4,Bourbon,Nacional,15
L001635,F0049,2026-04-20,119.3,Caturra,Paises_Bajos,20
L001636,F0083,2025-09-02,216.2,Geisha,Nacional,19
L001637,F0066,2025-01-30,170.0,Caturra,Paises_Bajos,7
L001638,F0107,2025-06-26,231.8,Catimor,Estados_Unidos,16
L001639,F0066,2025-12-17,240.8,Catimor,Nacional,17
L001640,F0078,2025-07-17,75.8,Typica,Alemania,12
L001641,F0095,2025-05-06,136.5,Catimor,Belgica,5
L001642,F0006,2026-02-12,239.5,Bourbon,Alemania,11
L001643,F0089,2025-06-07,122.5,Typica,Alemania,5
L001644,F0112,2026-04-30,341.7,Bourbon,Belgica,10
L001645,F0070,2025-06-01,206.0,Catimor,Belgica,8
L001646,F0082,2026-03-27,127.6,Bourbon,Estados_Unidos,12
L001647,F0118,2026-02-07,102.5,Bourbon,Alemania,10
L001648,F0016,2025-08-02,44.9,Catimor,Japon,12
L001649,F0071,2025-07-08,175.4,Geisha,Belgica,20
L001650,F0008,2025-04-17,176.0,Typica,Alemania,9
L001651,F0073,2025-06-10,185.1,Typica,Paises_Bajos,4
L001652,F0064,2026-07-11,63.8,Catimor,Francia,17
L001653,F0103,2025-04-07,199.8,Geisha,Alemania,20
L001654,F0021,2025-07-23,113.0,Typica,Belgica,5
L001655,F0017,2026-04-09,157.2,Bourbon,Japon,11
L001656,F0055,2025-05-15,189.2,Caturra,Francia,14
L001657,F0070,2025-04-08,201.7,Bourbon,Belgica,5
L001658,F0060,2026-04-12,164.7,Typica,Nacional,12
L001659,F0030,2025-05-05,107.0,Caturra,Estados_Unidos,8
L001660,F0083,2025-07-05,191.4,Catimor,Nacional,9
L001661,F0070,2025-02-03,152.3,Caturra,Belgica,9
L001662,F0030,2025-07-22,176.6,Catimor,Francia,14
L001663,F0039,2026-02-27,164.6,Caturra,Estados_Unidos,5
L001664,F0112,2026-05-08,120.9,Typica,Belgica,4
L001665,F0013,2025-07-19,194.7,Catimor,Nacional,12
L001666,F0019,2026-07-06,67.2,Typica,Belgica,15
L001667,F0118,2026-07-30,56.3,Caturra,Nacional,8
L001668,F0114,2026-05-17,208.4,Catimor,Nacional,16
L001669,F0103,2025-10-14,71.1,Caturra,Alemania,9
L001670,F0021,2025-04-25,108.5,Caturra,Francia,15
L001671,F0075,2026-07-07,153.3,Catimor,Japon,9
L001672,F0075,2026-04-28,145.0,Catimor,Nacional,15
L001673,F0020,2026-07-03,87.4,Catimor,Estados_Unidos,8
L001674,F0030,2025-08-06,227.1,Catimor,Estados_Unidos,12
L001675,F0013,2026-03-08,97.0,Caturra,Belgica,19
L001676,F0110,2026-08-16,72.1,Caturra,Paises_Bajos,19
L001677,F0083,2025-08-05,109.1,Typica,Alemania,13
L001678,F0047,2025-05-29,105.2,Catimor,Francia,6
L001679,F0033,2026-08-25,55.2,Bourbon,Francia,19
L001680,F0024,2025-12-31,78.5,Caturra,Estados_Unidos,18
L001681,F0028,2025-02-18,184.9,Bourbon,Belgica,14
L001682,F0051,2026-04-25,94.5,Geisha,Belgica,12
L001683,F0098,2026-08-03,272.7,Typica,Paises_Bajos,20
L001684,F0107,2026-07-26,182.6,Caturra,Francia,16
L001685,F0064,2026-05-20,77.9,Catimor,Estados_Unidos,8
L001686,F0083,2025-07-23,41.1,Geisha,Francia,19
L001687,F0047,2026-07-12,124.8,Bourbon,Estados_Unidos,13
L001688,F0090,2025-01-09,162.7,Bourbon,Francia,13
L001689,F0034,2025-02-20,98.7,Bourbon,Nacional,6
L001690,F0006,2026-08-13,190.2,Bourbon,Francia,18
L001691,F0025,2025-06-12,145.7,Geisha,Japon,18
L001692,F0078,2025-06-20,164.9,Caturra,Belgica,14
L001693,F0072,2026-04-03,124.3,Catimor,Japon,18
L001694,F0029,2026-07-14,83.0,Caturra,Paises_Bajos,19
L001695,F0014,2025-04-13,137.4,Caturra,Japon,19
L001696,F0083,2026-02-03,147.9,Catimor,Japon,8
L001697,F0044,2026-04-06,101.4,Catimor,Francia,10
L001698,F0066,2025-09-26,104.3,Catimor,Paises_Bajos,17
L001699,F0006,2025-05-10,105.3,Catimor,Francia,6
L001700,F0099,2025-09-25,279.7,Bourbon,Nacional,19
L001701,F0118,2025-12-03,128.0,Bourbon,Nacional,18
L001702,F0081,2025-04-26,68.5,Caturra,Francia,11
L001703,F0081,2026-04-22,125.8,Catimor,Estados_Unidos,19
L001704,F0085,2025-08-21,181.1,Bourbon,Belgica,18
L001705,F0047,2025-08-29,138.5,Caturra,Belgica,13
L001706,F0111,2025-06-21,151.8,Bourbon,Estados_Unidos,11
L001707,F0076,2025-06-01,71.2,Caturra,Estados_Unidos,18
L001708,F0044,2025-08-02,183.5,Catimor,Alemania,13
L001709,F0045,2025-04-03,105.7,Catimor,Francia,11
L001710,F0026,2025-06-20,90.5,Caturra,Nacional,14
L001711,F0119,2026-08-26,97.0,Caturra,Paises_Bajos,16
L001712,F0009,2026-08-21,126.5,Typica,Belgica,12
L001713,F0062,2026-06-14,157.2,Caturra,Belgica,14
L001714,F0082,2025-05-28,134.6,Catimor,Belgica,15
L001715,F0047,2025-07-27,129.2,Catimor,Japon,12
L001716,F0105,2025-06-17,127.8,Geisha,Alemania,4
L001717,F0033,2026-07-12,160.1,Typica,Francia,20
L001718,F0104,2025-08-28,273.8,Bourbon,Japon,16
L001719,F0110,2025-07-14,214.5,Catimor,Francia,20
L001720,F0022,2025-07-12,90.5,Bourbon,Nacional,11
L001721,F0013,2026-04-28,69.5,Catimor,Alemania,8
L001722,F0094,2025-08-14,226.5,Caturra,Alemania,6
L001723,F0120,2026-08-17,54.5,Caturra,Estados_Unidos,7
L001724,F0076,2026-04-01,79.5,Geisha,Nacional,15
L001725,F0026,2025-04-04,206.5,Catimor,Japon,7
L001726,F0102,2025-02-07,92.6,Typica,Nacional,16
L001727,F0078,2025-04-01,132.9,Typica,Belgica,19
L001728,F0026,2025-04-13,78.8,Bourbon,Estados_Unidos,10
L001729,F0074,2026-08-19,281.5,Bourbon,Nacional,13
L001730,F0026,2025-09-10,126.0,Catimor,Alemania,9
L001731,F0112,2026-04-06,122.5,Bourbon,Japon,19
L001732,F0019,2025-06-16,84.7,Typica,Francia,10
L001733,F0019,2026-07-09,87.6,Caturra,Estados_Unidos,18
L001734,F0064,2025-06-02,134.9,Catimor,Nacional,19
L001735,F0110,2026-05-24,136.9,Geisha,Alemania,13
L001736,F0101,2025-04-12,156.1,Geisha,Alemania,9
L001737,F0063,2026-06-10,194.0,Bourbon,Paises_Bajos,12
L001738,F0003,2026-08-29,119.9,Caturra,Francia,19
L001739,F0072,2025-08-26,144.3,Bourbon,Belgica,20
L001740,F0019,2026-05-17,132.1,Caturra,Alemania,17
L001741,F0093,2025-05-25,81.0,Caturra,Japon,13
L001742,F0059,2026-08-10,170.5,Bourbon,Belgica,5
L001743,F0109,2026-06-24,168.6,Typica,Alemania,4
L001744,F0046,2026-07-26,153.2,Caturra,Alemania,18
L001745,F0110,2025-06-27,321.6,Typica,Belgica,15
L001746,F0112,2025-07-17,59.7,Typica,Alemania,11
L001747,F0019,2025-09-12,156.6,Bourbon,Estados_Unidos,13
L001748,F0114,2025-04-21,110.8,Catimor,Alemania,12
L001749,F0105,2026-06-27,223.7,Catimor,Alemania,10
L001750,F0076,2025-09-02,124.4,Geisha,Alemania,4
L001751,F0088,2026-07-29,172.5,Typica,Francia,12
L001752,F0085,2025-05-29,299.8,Bourbon,Estados_Unidos,9
L001753,F0008,2025-12-04,51.8,Geisha,Francia,18
L001754,F0012,2026-08-13,296.0,Caturra,Nacional,12
L001755,F0044,2026-06-24,136.5,Caturra,Estados_Unidos,18
L001756,F0013,2025-04-11,265.6,Caturra,Francia,7
L001757,F0002,2026-01-25,120.6,Catimor,Alemania,5
L001758,F0018,2025-06-30,118.4,Caturra,Nacional,14
L001759,F0084,2025-04-14,206.4,Catimor,Alemania,9
L001760,F0053,2026-05-24,293.3,Bourbon,Belgica,13
L001761,F0005,2025-05-16,51.5,Caturra,Paises_Bajos,6
L001762,F0107,2026-04-13,186.9,Caturra,Estados_Unidos,5
L001763,F0030,2026-04-29,199.8,Caturra,Japon,7
L001764,F0018,2025-08-18,251.4,Catimor,Nacional,17
L001765,F0088,2025-09-08,281.1,Caturra,Belgica,7
L001766,F0118,2025-07-29,199.6,Bourbon,Estados_Unidos,4
L001767,F0013,2025-09-18,168.0,Bourbon,Nacional,4
L001768,F0009,2025-07-09,95.6,Typica,Nacional,7
L001769,F0049,2025-08-19,138.4,Bourbon,Francia,10
L001770,F0119,2026-04-18,133.9,Caturra,Belgica,19
L001771,F0051,2025-09-25,156.5,Caturra,Alemania,9
L001772,F0071,2026-06-12,147.0,Catimor,Alemania,16
L001773,F0118,2026-08-29,107.8,Catimor,Alemania,12
L001774,F0086,2025-06-29,148.3,Catimor,Paises_Bajos,9
L001775,F0096,2026-07-20,83.2,Caturra,Alemania,6
L001776,F0120,2026-05-07,98.5,Catimor,Belgica,20
L001777,F0070,2025-06-30,130.1,Typica,Paises_Bajos,17
L001778,F0101,2026-04-27,246.8,Bourbon,Estados_Unidos,9
L001779,F0016,2025-09-18,115.7,Caturra,Paises_Bajos,15
L001780,F0116,2025-07-15,96.9,Bourbon,Francia,9
L001781,F0049,2026-07-27,44.0,Catimor,Paises_Bajos,20
L001782,F0087,2025-06-02,178.2,Caturra,Alemania,4
L001783,F0107,2025-06-14,250.6,Typica,Nacional,18
L001784,F0063,2026-05-30,212.7,Geisha,Belgica,12
L001785,F0088,2026-07-24,78.4,Bourbon,Francia,15
L001786,F0007,2026-07-16,191.0,Caturra,Alemania,14
L001787,F0019,2025-09-23,156.7,Catimor,Francia,7
L001788,F0030,2026-04-01,99.2,Catimor,Alemania,4
L001789,F0069,2026-08-27,79.0,Geisha,Estados_Unidos,11
L001790,F0083,2026-05-10,174.4,Bourbon,Belgica,6
L001791,F0081,2025-08-06,134.4,Caturra,Alemania,4
L001792,F0091,2025-04-18,198.1,Geisha,Nacional,20
L001793,F0119,2025-08-23,152.4,Caturra,Estados_Unidos,20
L001794,F0047,2026-05-03,81.1,Typica,Paises_Bajos,6
L001795,F0120,2026-06-19,149.0,Bourbon,Paises_Bajos,11
L001796,F0083,2026-07-11,103.3,Caturra,Alemania,10
L001797,F0064,2025-11-15,134.4,Bourbon,Nacional,19
L001798,F0086,2025-02-24,59.3,Caturra,Alemania,7
L001799,F0012,2025-08-01,140.7,Caturra,Francia,10
L001800,F0024,2025-06-12,42.7,Catimor,Nacional,6
L001801,F0049,2026-08-25,178.4,Bourbon,Japon,11
L001802,F0068,2025-05-26,120.1,Caturra,Alemania,9
L001803,F0112,2026-04-22,100.0,Catimor,Francia,16
L001804,F0059,2026-08-25,143.9,Caturra,Francia,7
L001805,F0018,2026-06-18,85.7,Catimor,Estados_Unidos,13
L001806,F0034,2025-05-29,72.8,Bourbon,Nacional,10
L001807,F0042,2025-04-25,271.3,Catimor,Paises_Bajos,13
L001808,F0024,2026-07-01,66.5,Bourbon,Alemania,8
L001809,F0045,2026-05-27,114.9,Catimor,Paises_Bajos,16
L001810,F0008,2025-07-11,217.4,Bourbon,Alemania,8
L001811,F0088,2026-07-01,116.7,Caturra,Belgica,16
L001812,F0050,2025-08-24,91.8,Typica,Belgica,6
L001813,F0055,2025-09-17,112.6,Bourbon,Francia,12
L001814,F0044,2025-09-04,132.4,Caturra,Japon,11
L001815,F0055,2025-09-12,159.0,Catimor,Alemania,5
L001816,F0093,2025-05-13,203.2,Typica,Paises_Bajos,7
L001817,F0019,2025-07-26,191.6,Typica,Alemania,4
L001818,F0087,2026-08-10,140.8,Caturra,Belgica,15
L001819,F0113,2025-12-27,126.2,Catimor,Japon,4
L001820,F0116,2025-07-02,186.9,Catimor,Alemania,9
L001821,F0099,2025-12-31,85.1,Bourbon,Alemania,14
L001822,F0033,2026-04-27,136.0,Typica,Francia,18
L001823,F0096,2026-08-02,116.7,Catimor,Alemania,19
L001824,F0116,2025-07-31,109.0,Caturra,Nacional,7
L001825,F0062,2026-06-17,209.5,Bourbon,Paises_Bajos,15
L001826,F0013,2025-05-21,160.6,Caturra,Japon,11
L001827,F0112,2025-09-02,213.0,Catimor,Francia,9
L001828,F0039,2025-06-24,130.7,Caturra,Estados_Unidos,10
L001829,F0094,2026-05-11,171.5,Bourbon,Nacional,10
L001830,F0051,2026-08-05,198.0,Bourbon,Alemania,14
L001831,F0008,2025-08-25,151.8,Catimor,Paises_Bajos,10
L001832,F0076,2025-05-14,114.5,Caturra,Belgica,19
L001833,F0037,2026-07-29,179.5,Bourbon,Estados_Unidos,7
L001834,F0042,2025-02-20,163.3,Bourbon,Paises_Bajos,12
L001835,F0024,2025-09-15,85.0,Bourbon,Paises_Bajos,19
L001836,F0104,2025-08-14,53.7,Caturra,Estados_Unidos,20
L001837,F0075,2025-09-19,248.9,Bourbon,Paises_Bajos,10
L001838,F0061,2026-05-21,107.5,Catimor,Estados_Unidos,12
L001839,F0033,2026-08-03,185.9,Typica,Belgica,20
L001840,F0005,2026-07-16,140.2,Caturra,Alemania,12
L001841,F0068,2025-06-03,80.6,Caturra,Alemania,7
L001842,F0106,2025-04-02,266.3,Caturra,Francia,11
L001843,F0093,2025-05-27,51.3,Catimor,Paises_Bajos,13
L001844,F0003,2026-07-03,304.4,Catimor,Alemania,18
L001845,F0110,2025-11-06,53.1,Caturra,Paises_Bajos,19
L001846,F0108,2026-04-23,35.6,Bourbon,Belgica,20
L001847,F0056,2026-05-03,146.1,Catimor,Belgica,12
L001848,F0039,2026-05-06,221.3,Caturra,Alemania,5
L001849,F0051,2026-07-06,82.0,Geisha,Paises_Bajos,18
L001850,F0077,2025-06-16,126.5,Bourbon,Japon,20
L001851,F0077,2025-08-31,100.4,Typica,Francia,18
L001852,F0068,2025-04-27,157.3,Bourbon,Nacional,4
L001853,F0084,2026-08-10,196.7,Catimor,Francia,16
L001854,F0060,2026-07-02,137.8,Typica,Belgica,19
L001855,F0004,2025-05-04,259.4,Caturra,Paises_Bajos,4
L001856,F0042,2026-08-01,238.2,Bourbon,Belgica,18
L001857,F0105,2026-06-10,63.1,Catimor,Alemania,12
L001858,F0085,2025-09-18,43.1,Caturra,Francia,8
L001859,F0054,2025-01-18,233.5,Geisha,Alemania,5
L001860,F0080,2026-04-28,72.2,Typica,Belgica,17
L001861,F0045,2025-04-30,68.1,Geisha,Estados_Unidos,8
L001862,F0050,2026-04-08,251.1,Caturra,Alemania,8
L001863,F0091,2026-06-03,98.7,Catimor,Estados_Unidos,5
L001864,F0088,2025-11-25,163.8,Bourbon,Alemania,6
L001865,F0039,2025-09-09,35.8,Catimor,Francia,12
L001866,F0064,2025-08-21,144.3,Bourbon,Alemania,12
L001867,F0094,2026-04-25,252.5,Caturra,Paises_Bajos,9
L001868,F0040,2026-06-25,73.6,Caturra,Estados_Unidos,7
L001869,F0056,2026-08-27,118.7,Catimor,Alemania,12
L001870,F0055,2025-04-04,83.6,Typica,Alemania,8
L001871,F0039,2025-08-05,97.0,Typica,Paises_Bajos,17
L001872,F0042,2025-09-23,99.5,Caturra,Estados_Unidos,19
L001873,F0047,2026-04-22,114.3,Caturra,Nacional,16
L001874,F0012,2026-04-30,38.9,Typica,Japon,5
L001875,F0044,2026-06-29,222.5,Geisha,Francia,14
L001876,F0119,2026-02-23,118.0,Caturra,Alemania,12
L001877,F0022,2025-12-24,86.5,Caturra,Paises_Bajos,9
L001878,F0009,2025-08-11,84.9,Catimor,Estados_Unidos,15
L001879,F0006,2025-04-13,149.1,Bourbon,Francia,8
L001880,F0075,2025-03-30,224.4,Bourbon,Belgica,12
L001881,F0023,2025-08-01,192.4,Bourbon,Belgica,20
L001882,F0086,2025-09-12,183.1,Geisha,Paises_Bajos,8
L001883,F0018,2025-01-10,32.2,Typica,Alemania,5
L001884,F0008,2026-06-24,48.4,Caturra,Alemania,18
L001885,F0049,2026-04-07,221.7,Caturra,Paises_Bajos,8
L001886,F0094,2026-05-04,146.6,Geisha,Francia,13
L001887,F0043,2026-04-11,159.4,Geisha,Paises_Bajos,10
L001888,F0009,2026-05-06,86.8,Bourbon,Estados_Unidos,14
L001889,F0095,2026-02-22,153.7,Geisha,Estados_Unidos,20
L001890,F0102,2025-07-06,178.2,Caturra,Estados_Unidos,5
L001891,F0103,2026-07-25,158.8,Bourbon,Paises_Bajos,17
L001892,F0056,2025-09-15,222.3,Bourbon,Estados_Unidos,13
L001893,F0042,2026-04-17,81.7,Caturra,Francia,14
L001894,F0104,2025-11-18,56.6,Typica,Belgica,17
L001895,F0066,2026-01-12,129.6,Caturra,Japon,13
L001896,F0008,2025-05-11,171.0,Catimor,Francia,9
L001897,F0096,2025-08-27,62.9,Typica,Estados_Unidos,18
L001898,F0044,2026-01-04,211.3,Typica,Belgica,5
L001899,F0030,2025-04-14,55.0,Caturra,Alemania,4
L001900,F0002,2026-07-19,222.6,Bourbon,Japon,14
L001901,F0099,2026-08-01,301.2,Bourbon,Estados_Unidos,13
L001902,F0063,2026-06-25,246.2,Caturra,Francia,4
L001903,F0073,2025-08-16,135.7,Catimor,Nacional,11
L001904,F0075,2025-07-13,127.1,Caturra,Nacional,12
L001905,F0109,2026-08-02,33.4,Catimor,Alemania,14
L001906,F0061,2026-01-19,186.7,Typica,Estados_Unidos,12
L001907,F0110,2025-04-15,155.9,Bourbon,Estados_Unidos,14
L001908,F0020,2025-03-07,197.6,Typica,Francia,12
L001909,F0034,2026-04-26,127.0,Bourbon,Alemania,5
L001910,F0096,2025-01-26,95.2,Geisha,Belgica,20
L001911,F0116,2025-05-10,88.4,Bourbon,Alemania,13
L001912,F0061,2026-07-28,140.9,Caturra,Alemania,11
L001913,F0098,2026-06-26,324.8,Caturra,Alemania,4
L001914,F0103,2025-09-06,46.3,Bourbon,Francia,7
L001915,F0040,2025-06-27,80.5,Catimor,Alemania,7
L001916,F0061,2026-04-17,120.4,Bourbon,Francia,11
L001917,F0098,2026-08-05,318.2,Typica,Belgica,20
L001918,F0109,2026-06-07,98.1,Typica,Estados_Unidos,15
L001919,F0047,2026-06-30,188.1,Typica,Nacional,9
L001920,F0070,2025-09-29,236.1,Catimor,Estados_Unidos,19
L001921,F0044,2025-08-29,149.8,Catimor,Alemania,8
L001922,F0103,2026-06-08,144.6,Typica,Alemania,11
L001923,F0020,2025-10-04,74.3,Catimor,Belgica,5
L001924,F0042,2025-01-16,125.3,Caturra,Estados_Unidos,20
L001925,F0026,2025-07-10,130.9,Caturra,Estados_Unidos,8
L001926,F0060,2025-04-11,121.3,Geisha,Paises_Bajos,4
L001927,F0114,2026-06-17,85.1,Bourbon,Nacional,12
L001928,F0008,2025-04-28,157.8,Typica,Japon,17
L001929,F0106,2026-07-19,109.4,Bourbon,Nacional,14
L001930,F0013,2025-12-07,96.5,Geisha,Estados_Unidos,10
L001931,F0090,2026-05-30,136.5,Catimor,Japon,13
L001932,F0059,2025-05-08,204.0,Typica,Alemania,11
L001933,F0066,2025-05-19,127.5,Geisha,Nacional,8
L001934,F0081,2026-07-03,83.6,Caturra,Paises_Bajos,9
L001935,F0071,2025-09-25,87.7,Caturra,Estados_Unidos,19
L001936,F0045,2026-05-07,184.3,Caturra,Japon,14
L001937,F0051,2025-11-20,199.8,Bourbon,Alemania,17
L001938,F0113,2025-05-09,154.4,Bourbon,Paises_Bajos,19
L001939,F0083,2026-05-31,91.6,Geisha,Japon,8
L001940,F0004,2026-07-08,327.9,Caturra,Belgica,15
L001941,F0031,2025-08-05,158.0,Typica,Alemania,9
L001942,F0044,2025-09-03,25.0,Bourbon,Japon,4
L001943,F0017,2025-04-24,227.8,Bourbon,Alemania,16
L001944,F0022,2026-07-29,174.8,Catimor,Nacional,8
L001945,F0009,2026-07-04,223.8,Catimor,Francia,20
L001946,F0007,2025-05-18,67.2,Bourbon,Alemania,15
L001947,F0099,2026-05-10,157.6,Typica,Alemania,15
L001948,F0072,2025-09-09,41.4,Catimor,Alemania,16
L001949,F0082,2025-06-09,189.8,Caturra,Japon,13
L001950,F0096,2026-02-05,139.2,Caturra,Estados_Unidos,16
L001951,F0039,2026-04-13,94.6,Bourbon,Paises_Bajos,19
L001952,F0049,2025-04-10,268.5,Caturra,Alemania,15
L001953,F0111,2025-07-29,83.0,Typica,Alemania,15
L001954,F0014,2025-05-21,47.7,Caturra,Alemania,12
L001955,F0009,2025-06-23,211.1,Bourbon,Belgica,13
L001956,F0027,2026-05-28,236.3,Bourbon,Alemania,10
L001957,F0039,2026-07-14,86.9,Bourbon,Nacional,6
L001958,F0026,2025-06-14,120.2,Bourbon,Alemania,10
L001959,F0010,2026-06-16,83.0,Catimor,Francia,16
L001960,F0068,2025-05-05,235.8,Catimor,Francia,15
L001961,F0102,2026-04-28,158.0,Bourbon,Paises_Bajos,13
L001962,F0006,2025-06-22,235.2,Bourbon,Japon,9
L001963,F0116,2025-09-01,220.6,Caturra,Estados_Unidos,19
L001964,F0045,2026-05-12,119.0,Catimor,Alemania,8
L001965,F0039,2025-07-27,133.5,Catimor,Nacional,17
L001966,F0061,2025-05-13,140.8,Caturra,Francia,9
L001967,F0101,2026-05-13,186.3,Catimor,Alemania,12
L001968,F0093,2026-05-17,116.5,Geisha,Francia,18
L001969,F0028,2025-07-30,132.9,Bourbon,Francia,19
L001970,F0031,2026-05-04,80.9,Typica,Belgica,11
L001971,F0116,2026-04-03,239.1,Caturra,Francia,15
L001972,F0020,2026-07-31,203.8,Catimor,Belgica,5
L001973,F0083,2025-04-28,77.9,Bourbon,Japon,7
L001974,F0005,2025-09-08,164.3,Caturra,Belgica,6
L001975,F0020,2025-12-25,228.3,Bourbon,Belgica,15
L001976,F0088,2025-09-16,146.0,Catimor,Japon,13
L001977,F0047,2025-06-03,157.1,Catimor,Estados_Unidos,14
L001978,F0003,2026-06-16,50.2,Caturra,Francia,10
L001979,F0061,2025-05-16,164.9,Bourbon,Paises_Bajos,6
L001980,F0096,2025-07-01,127.2,Bourbon,Estados_Unidos,4
L001981,F0089,2025-06-17,105.8,Caturra,Alemania,15
L001982,F0108,2026-08-20,310.3,Caturra,Alemania,15
L001983,F0004,2026-04-09,173.1,Caturra,Japon,18
L001984,F0071,2025-07-17,138.2,Bourbon,Estados_Unidos,6
L001985,F0104,2025-04-15,116.0,Catimor,Alemania,5
L001986,F0054,2025-05-03,170.3,Caturra,Estados_Unidos,20
L001987,F0083,2026-08-17,82.6,Typica,Francia,9
L001988,F0025,2026-07-27,60.9,Catimor,Alemania,5
L001989,F0056,2026-07-25,106.8,Typica,Belgica,20
L001990,F0068,2025-09-28,142.0,Geisha,Paises_Bajos,12
L001991,F0106,2025-05-22,296.3,Catimor,Japon,14
L001992,F0104,2025-08-04,155.0,Typica,Estados_Unidos,11
L001993,F0007,2026-05-21,108.4,Catimor,Alemania,9
L001994,F0053,2025-05-05,51.2,Caturra,Alemania,18
L001995,F0082,2025-05-20,318.2,Typica,Japon,16
L001996,F0008,2026-04-14,112.8,Typica,Estados_Unidos,16
L001997,F0076,2025-09-12,80.4,Typica,Belgica,10
L001998,F0090,2025-04-01,127.3,Caturra,Alemania,9
L001999,F0010,2026-08-09,229.6,Bourbon,Alemania,15
L002000,F0080,2026-07-27,81.6,Typica,Estados_Unidos,6
L002001,F0062,2026-04-20,73.8,Caturra,Nacional,8
L002002,F0029,2025-11-04,71.0,Typica,Estados_Unidos,9
L002003,F0082,2025-05-11,121.5,Typica,Nacional,16
L002004,F0020,2026-05-01,139.8,Typica,Alemania,14
L002005,F0029,2025-08-04,193.8,Caturra,Nacional,11
L002006,F0067,2026-04-03,155.5,Caturra,Alemania,4
L002007,F0016,2026-06-23,84.9,Bourbon,Belgica,10
L002008,F0120,2026-05-13,112.9,Catimor,Nacional,15
L002009,F0025,2026-01-26,274.3,Caturra,Estados_Unidos,8
L002010,F0091,2026-04-07,86.0,Caturra,Alemania,9
L002011,F0101,2025-05-29,116.5,Caturra,Francia,10
L002012,F0066,2025-12-26,255.1,Caturra,Paises_Bajos,13
L002013,F0009,2026-08-27,122.4,Caturra,Francia,14
L002014,F0108,2025-04-09,141.7,Bourbon,Belgica,17
L002015,F0066,2025-07-05,176.7,Caturra,Estados_Unidos,7
L002016,F0063,2025-01-20,101.6,Catimor,Estados_Unidos,5
L002017,F0040,2025-07-13,159.9,Catimor,Estados_Unidos,15
L002018,F0083,2025-07-02,159.4,Caturra,Belgica,19
L002019,F0083,2026-07-20,124.3,Caturra,Alemania,16
L002020,F0001,2026-07-31,59.3,Bourbon,Estados_Unidos,5
L002021,F0095,2025-06-11,70.9,Catimor,Nacional,19
L002022,F0002,2026-07-23,78.2,Bourbon,Paises_Bajos,6
L002023,F0008,2026-07-05,166.0,Caturra,Belgica,10
L002024,F0072,2025-05-24,101.5,Catimor,Estados_Unidos,7
L002025,F0034,2026-05-29,104.6,Bourbon,Alemania,10
L002026,F0072,2025-12-24,236.1,Typica,Alemania,16
L002027,F0110,2025-02-14,261.9,Bourbon,Paises_Bajos,20
L002028,F0002,2026-08-15,119.3,Caturra,Paises_Bajos,16
L002029,F0107,2025-09-01,184.6,Catimor,Belgica,8
L002030,F0043,2026-05-03,221.2,Caturra,Japon,17
L002031,F0043,2025-08-14,106.3,Caturra,Japon,8
L002032,F0071,2025-07-26,303.4,Geisha,Estados_Unidos,18
L002033,F0054,2026-07-20,342.5,Catimor,Francia,20
L002034,F0024,2026-06-14,217.1,Bourbon,Estados_Unidos,8
L002035,F0081,2025-03-16,129.9,Bourbon,Belgica,14
L002036,F0089,2025-10-04,223.8,Typica,Nacional,5
L002037,F0002,2025-06-05,140.8,Bourbon,Alemania,14
L002038,F0040,2025-01-08,155.4,Catimor,Alemania,11
L002039,F0047,2026-07-28,98.5,Caturra,Paises_Bajos,7
L002040,F0039,2026-08-21,147.0,Caturra,Alemania,19
L002041,F0031,2026-04-28,90.7,Typica,Francia,7
L002042,F0111,2025-09-22,218.6,Typica,Francia,20
L002043,F0023,2025-07-12,189.8,Bourbon,Belgica,12
L002044,F0082,2026-06-10,89.0,Caturra,Japon,10
L002045,F0086,2026-04-01,199.4,Bourbon,Francia,13
L002046,F0017,2026-04-11,66.6,Caturra,Estados_Unidos,11
L002047,F0088,2026-05-09,130.7,Caturra,Alemania,18
L002048,F0049,2025-05-10,201.0,Typica,Belgica,12
L002049,F0106,2025-09-04,207.5,Caturra,Nacional,14
L002050,F0026,2026-05-31,98.0,Catimor,Nacional,13
L002051,F0007,2025-01-03,148.0,Catimor,Paises_Bajos,12
L002052,F0053,2025-08-30,214.3,Bourbon,Nacional,12
L002053,F0112,2025-06-06,147.5,Bourbon,Alemania,8
L002054,F0114,2026-05-08,97.9,Caturra,Japon,16
L002055,F0069,2026-05-22,59.3,Caturra,Nacional,13
L002056,F0056,2026-04-19,87.7,Bourbon,Nacional,5
L002057,F0111,2026-06-30,106.6,Catimor,Nacional,15
L002058,F0078,2026-02-08,215.6,Bourbon,Francia,4
L002059,F0024,2025-09-23,124.8,Bourbon,Nacional,6
L002060,F0066,2026-06-05,55.6,Catimor,Alemania,14
L002061,F0090,2026-01-12,121.9,Caturra,Paises_Bajos,9
L002062,F0084,2026-04-19,186.8,Catimor,Alemania,11
L002063,F0055,2026-07-11,105.7,Geisha,Francia,16
L002064,F0003,2025-05-12,103.8,Caturra,Belgica,16
L002065,F0060,2026-06-04,177.7,Typica,Japon,9
L002066,F0095,2025-12-24,306.5,Typica,Paises_Bajos,17
L002067,F0009,2025-08-20,202.1,Bourbon,Japon,10
L002068,F0119,2026-05-13,148.2,Catimor,Belgica,13
L002069,F0067,2025-09-17,131.3,Caturra,Alemania,14
L002070,F0084,2025-05-05,100.3,Typica,Alemania,12
L002071,F0022,2025-07-03,212.7,Catimor,Alemania,13
L002072,F0004,2025-09-28,101.8,Typica,Paises_Bajos,16
L002073,F0043,2026-05-07,74.6,Caturra,Francia,20
L002074,F0001,2025-06-07,108.7,Bourbon,Paises_Bajos,17
L002075,F0060,2026-06-05,148.2,Caturra,Estados_Unidos,4
L002076,F0014,2025-06-08,173.4,Caturra,Estados_Unidos,4
L002077,F0118,2026-04-24,97.9,Catimor,Paises_Bajos,9
L002078,F0105,2025-06-21,120.1,Typica,Belgica,9
L002079,F0037,2025-06-22,130.1,Caturra,Alemania,18
L002080,F0096,2026-05-18,138.9,Catimor,Estados_Unidos,15
L002081,F0072,2025-08-25,48.2,Geisha,Japon,18
L002082,F0059,2026-06-16,305.3,Typica,Alemania,13
L002083,F0010,2026-05-29,170.7,Bourbon,Francia,18
L002084,F0033,2025-07-09,119.9,Bourbon,Belgica,11
L002085,F0003,2025-04-24,125.4,Caturra,Alemania,5
L002086,F0013,2026-07-14,263.3,Bourbon,Paises_Bajos,11
L002087,F0056,2026-08-11,98.2,Caturra,Estados_Unidos,17
L002088,F0003,2025-09-05,210.7,Typica,Estados_Unidos,9
L002089,F0006,2025-09-16,218.8,Caturra,Belgica,11
L002090,F0108,2026-06-02,148.9,Catimor,Paises_Bajos,17
L002091,F0023,2025-07-13,52.8,Typica,Paises_Bajos,15
L002092,F0026,2025-05-16,145.3,Catimor,Nacional,15
L002093,F0096,2025-09-19,131.9,Bourbon,Paises_Bajos,17
L002094,F0037,2025-07-28,108.4,Typica,Alemania,20
L002095,F0090,2025-01-11,237.6,Typica,Francia,4
L002096,F0098,2026-08-09,225.7,Bourbon,Francia,16
L002097,F0064,2026-07-11,165.1,Typica,Alemania,6
L002098,F0014,2026-06-07,267.2,Typica,Paises_Bajos,14
L002099,F0116,2026-01-30,199.7,Typica,Belgica,8
L002100,F0091,2025-08-10,43.9,Caturra,Francia,17
L002101,F0086,2025-11-14,160.7,Geisha,Francia,20
L002102,F0042,2025-05-07,96.8,Caturra,Belgica,18
L002103,F0093,2026-06-14,152.8,Catimor,Belgica,19
L002104,F0112,2025-07-03,128.5,Bourbon,Japon,4
L002105,F0023,2025-11-01,304.0,Catimor,Japon,18
L002106,F0028,2025-08-08,54.3,Caturra,Estados_Unidos,17
L002107,F0088,2026-04-28,192.1,Catimor,Estados_Unidos,19
L002108,F0054,2025-07-26,281.4,Bourbon,Alemania,7
L002109,F0026,2026-04-15,233.4,Caturra,Nacional,18
L002110,F0080,2026-05-28,214.3,Typica,Alemania,18
L002111,F0013,2026-02-09,385.0,Caturra,Alemania,8
L002112,F0033,2025-07-01,162.4,Caturra,Paises_Bajos,10
L002113,F0029,2026-04-14,239.8,Catimor,Nacional,17
L002114,F0075,2025-05-29,154.2,Catimor,Alemania,6
L002115,F0073,2025-04-21,96.9,Bourbon,Japon,19
L002116,F0082,2026-03-31,71.4,Typica,Alemania,5
L002117,F0076,2026-06-04,95.1,Bourbon,Belgica,17
L002118,F0104,2025-03-22,149.3,Caturra,Francia,7
L002119,F0028,2025-09-15,85.1,Caturra,Belgica,12
L002120,F0068,2026-06-07,88.7,Geisha,Belgica,6
L002121,F0051,2026-05-10,101.0,Caturra,Francia,15
L002122,F0114,2025-08-10,85.9,Caturra,Alemania,11
L002123,F0060,2026-02-08,183.0,Catimor,Belgica,12
L002124,F0038,2025-06-02,88.5,Catimor,Paises_Bajos,14
L002125,F0040,2026-07-21,136.0,Bourbon,Alemania,20
L002126,F0089,2025-05-21,114.5,Caturra,Belgica,7
L002127,F0034,2025-10-08,191.4,Caturra,Alemania,4
L002128,F0004,2025-06-25,145.1,Catimor,Nacional,9
L002129,F0070,2025-09-25,215.0,Typica,Nacional,4
L002130,F0056,2026-02-08,234.9,Caturra,Alemania,15
L002131,F0090,2025-09-06,66.0,Bourbon,Paises_Bajos,20
L002132,F0008,2026-08-01,80.1,Catimor,Francia,15
L002133,F0022,2025-07-15,143.8,Caturra,Estados_Unidos,11
L002134,F0113,2026-06-29,103.0,Catimor,Belgica,8
L002135,F0033,2026-04-27,150.9,Typica,Nacional,6
L002136,F0073,2026-08-31,123.6,Caturra,Alemania,12
L002137,F0024,2025-11-17,180.7,Caturra,Paises_Bajos,12
L002138,F0013,2025-08-28,124.0,Bourbon,Nacional,8
L002139,F0081,2026-04-15,202.2,Caturra,Francia,15
L002140,F0089,2026-08-17,73.2,Typica,Francia,15
L002141,F0029,2026-06-02,107.2,Caturra,Paises_Bajos,15
L002142,F0077,2025-07-12,44.8,Bourbon,Paises_Bajos,12
L002143,F0005,2025-04-03,220.4,Caturra,Estados_Unidos,14
L002144,F0021,2026-06-04,105.9,Typica,Belgica,16
L002145,F0006,2025-07-23,50.6,Caturra,Francia,4
L002146,F0066,2026-06-26,101.9,Typica,Estados_Unidos,14
L002147,F0030,2026-07-06,147.6,Geisha,Japon,14
L002148,F0118,2025-07-17,215.7,Bourbon,Nacional,6
L002149,F0083,2025-09-17,79.9,Bourbon,Paises_Bajos,20
L002150,F0110,2025-06-01,172.7,Catimor,Alemania,10
L002151,F0088,2026-04-13,120.3,Typica,Estados_Unidos,4
L002152,F0096,2025-08-22,226.1,Caturra,Alemania,18
L002153,F0094,2025-05-26,147.4,Bourbon,Alemania,6
L002154,F0050,2025-08-04,172.2,Geisha,Japon,15
L002155,F0016,2025-08-18,230.7,Caturra,Belgica,8
L002156,F0037,2025-09-18,96.8,Caturra,Paises_Bajos,5
L002157,F0101,2025-12-13,167.3,Catimor,Alemania,14
L002158,F0019,2025-10-14,204.1,Catimor,Paises_Bajos,16
L002159,F0113,2026-05-02,94.9,Bourbon,Nacional,9
L002160,F0030,2025-07-25,94.3,Typica,Alemania,20
L002161,F0046,2026-07-22,105.2,Caturra,Alemania,15
L002162,F0119,2025-11-14,128.7,Caturra,Belgica,10
L002163,F0016,2026-06-19,180.5,Catimor,Estados_Unidos,20
L002164,F0050,2025-07-19,79.8,Typica,Francia,4
L002165,F0003,2025-06-16,129.2,Caturra,Alemania,14
L002166,F0102,2026-05-31,121.8,Catimor,Francia,9
L002167,F0044,2025-05-23,96.0,Caturra,Japon,15
L002168,F0021,2026-02-01,216.4,Catimor,Paises_Bajos,8
L002169,F0003,2025-09-08,80.1,Geisha,Japon,6
L002170,F0086,2026-04-20,197.0,Caturra,Estados_Unidos,4
L002171,F0071,2025-06-09,113.9,Caturra,Estados_Unidos,15
L002172,F0020,2026-05-15,85.8,Bourbon,Paises_Bajos,11
L002173,F0096,2026-06-12,87.1,Caturra,Nacional,6
L002174,F0091,2025-10-14,90.2,Caturra,Alemania,4
L002175,F0111,2026-08-02,209.0,Caturra,Belgica,7
L002176,F0042,2025-04-09,128.9,Catimor,Alemania,11
L002177,F0021,2026-06-26,206.4,Bourbon,Alemania,5
L002178,F0039,2025-07-30,111.8,Bourbon,Estados_Unidos,12
L002179,F0063,2026-04-30,78.8,Geisha,Paises_Bajos,9
L002180,F0033,2026-04-13,198.0,Typica,Estados_Unidos,16
L002181,F0003,2025-05-15,242.3,Geisha,Japon,11
L002182,F0059,2025-01-03,141.5,Geisha,Nacional,4
L002183,F0045,2025-06-06,81.1,Typica,Japon,10
L002184,F0104,2026-03-23,135.6,Caturra,Estados_Unidos,18
L002185,F0038,2026-05-17,149.6,Caturra,Japon,16
L002186,F0119,2025-11-29,90.6,Catimor,Paises_Bajos,14
L002187,F0119,2025-01-20,142.8,Typica,Estados_Unidos,6
L002188,F0053,2025-06-19,205.2,Typica,Estados_Unidos,9
L002189,F0033,2025-04-06,79.9,Catimor,Alemania,6
L002190,F0080,2025-06-08,57.7,Catimor,Paises_Bajos,18
L002191,F0095,2026-08-08,129.5,Bourbon,Paises_Bajos,15
L002192,F0042,2025-07-12,130.1,Bourbon,Paises_Bajos,11
L002193,F0109,2026-05-18,162.4,Geisha,Paises_Bajos,19
L002194,F0093,2026-06-20,119.6,Typica,Francia,17
L002195,F0073,2025-08-24,74.5,Bourbon,Estados_Unidos,17
L002196,F0098,2025-05-06,48.3,Catimor,Francia,18
L002197,F0034,2026-05-18,167.5,Caturra,Alemania,15
L002198,F0090,2025-06-25,176.9,Bourbon,Estados_Unidos,4
L002199,F0082,2025-01-03,87.5,Typica,Alemania,4
L002200,F0001,2026-08-30,77.9,Geisha,Japon,8
L002201,F0107,2025-04-26,132.1,Typica,Alemania,19
L002202,F0087,2025-04-08,135.9,Caturra,Paises_Bajos,15
L002203,F0114,2026-04-25,98.4,Bourbon,Francia,11
L002204,F0059,2026-04-05,40.6,Catimor,Francia,12
L002205,F0007,2026-05-25,216.8,Bourbon,Nacional,18
L002206,F0072,2026-08-19,86.7,Bourbon,Nacional,20
L002207,F0107,2026-04-05,384.3,Typica,Paises_Bajos,5
L002208,F0110,2025-05-21,125.4,Typica,Belgica,10
L002209,F0089,2026-04-17,131.9,Caturra,Estados_Unidos,8
L002210,F0110,2025-09-14,96.6,Typica,Nacional,17
L002211,F0096,2026-05-16,58.7,Bourbon,Estados_Unidos,7
L002212,F0068,2025-08-04,92.6,Catimor,Nacional,17
L002213,F0072,2026-08-01,85.1,Caturra,Alemania,9
L002214,F0090,2026-05-22,29.9,Bourbon,Alemania,16
L002215,F0094,2026-08-25,87.6,Typica,Belgica,4
L002216,F0062,2026-04-11,107.9,Catimor,Belgica,5
L002217,F0086,2026-05-24,73.0,Typica,Japon,4
L002218,F0037,2026-05-21,77.0,Geisha,Francia,16
L002219,F0013,2025-09-17,102.5,Typica,Nacional,20
L002220,F0091,2026-08-08,223.3,Caturra,Japon,14
L002221,F0026,2025-06-16,283.0,Bourbon,Estados_Unidos,8
L002222,F0030,2025-05-30,81.8,Bourbon,Alemania,4
L002223,F0090,2026-04-26,117.9,Catimor,Francia,9
L002224,F0083,2026-08-31,75.6,Bourbon,Japon,8
L002225,F0113,2026-08-22,139.5,Catimor,Japon,7
L002226,F0070,2025-05-05,70.2,Catimor,Belgica,10
L002227,F0111,2026-08-04,165.2,Caturra,Estados_Unidos,13
L002228,F0087,2025-05-31,213.2,Geisha,Paises_Bajos,12
L002229,F0067,2025-11-23,167.4,Bourbon,Francia,9
L002230,F0083,2026-06-22,111.0,Typica,Francia,6
L002231,F0096,2025-06-14,256.7,Bourbon,Francia,9
L002232,F0067,2025-06-27,131.8,Caturra,Nacional,19
L002233,F0102,2026-07-28,124.1,Catimor,Alemania,12
L002234,F0001,2025-05-04,164.1,Catimor,Estados_Unidos,17
L002235,F0073,2026-08-22,145.0,Caturra,Belgica,14
L002236,F0021,2026-08-14,79.8,Caturra,Estados_Unidos,11
L002237,F0087,2025-04-05,172.1,Catimor,Paises_Bajos,20
L002238,F0049,2026-08-23,171.9,Caturra,Japon,7
L002239,F0033,2025-09-13,333.1,Catimor,Alemania,8
L002240,F0067,2026-05-06,114.0,Typica,Belgica,16
L002241,F0095,2026-08-06,109.2,Bourbon,Nacional,5
L002242,F0006,2026-01-16,139.2,Geisha,Estados_Unidos,19
L002243,F0107,2025-06-12,119.7,Catimor,Estados_Unidos,12
L002244,F0110,2026-05-29,145.5,Catimor,Paises_Bajos,16
L002245,F0069,2025-05-04,180.9,Typica,Belgica,7
L002246,F0094,2026-05-14,225.8,Catimor,Paises_Bajos,7
L002247,F0082,2025-08-24,111.2,Catimor,Japon,11
L002248,F0076,2025-06-22,193.9,Caturra,Francia,12
L002249,F0055,2025-04-24,152.4,Caturra,Alemania,19
L002250,F0064,2026-08-29,128.7,Catimor,Belgica,5
L002251,F0055,2025-08-02,79.2,Bourbon,Paises_Bajos,5
L002252,F0114,2026-03-21,82.2,Caturra,Alemania,20
L002253,F0108,2025-05-22,150.7,Catimor,Francia,11
L002254,F0002,2026-06-06,99.3,Caturra,Francia,17
L002255,F0087,2025-10-28,166.8,Typica,Belgica,16
L002256,F0105,2026-07-04,187.9,Typica,Alemania,5
L002257,F0014,2025-07-10,115.9,Bourbon,Alemania,16
L002258,F0038,2025-04-07,185.0,Bourbon,Alemania,14
L002259,F0072,2026-07-05,99.6,Typica,Paises_Bajos,14
L002260,F0039,2026-08-30,172.1,Caturra,Paises_Bajos,14
L002261,F0003,2026-05-20,66.3,Typica,Japon,8
L002262,F0101,2025-03-26,38.7,Caturra,Estados_Unidos,14
L002263,F0026,2025-01-18,93.1,Typica,Estados_Unidos,12
L002264,F0008,2025-07-03,215.6,Typica,Paises_Bajos,7
L002265,F0039,2025-07-09,103.3,Catimor,Estados_Unidos,6
L002266,F0009,2025-08-25,155.9,Typica,Estados_Unidos,6
L002267,F0082,2025-08-21,216.0,Typica,Japon,15
L002268,F0099,2026-08-18,155.5,Catimor,Francia,19
L002269,F0103,2026-06-18,105.3,Typica,Nacional,19
L002270,F0054,2026-06-09,246.6,Catimor,Alemania,9
L002271,F0102,2026-08-15,190.2,Bourbon,Alemania,6
L002272,F0111,2025-12-29,164.2,Geisha,Paises_Bajos,9
L002273,F0019,2025-08-22,84.3,Bourbon,Alemania,6
L002274,F0102,2025-10-25,316.0,Catimor,Paises_Bajos,18
L002275,F0024,2026-08-09,216.0,Caturra,Belgica,20
L002276,F0074,2025-05-16,255.1,Catimor,Alemania,20
L002277,F0080,2026-06-19,150.2,Bourbon,Alemania,6
L002278,F0031,2026-05-02,165.2,Typica,Francia,5
L002279,F0076,2026-06-10,90.7,Caturra,Paises_Bajos,13
L002280,F0059,2026-07-28,164.2,Typica,Alemania,15
L002281,F0110,2025-04-20,166.0,Typica,Estados_Unidos,6
L002282,F0111,2025-06-01,183.2,Caturra,Estados_Unidos,5
L002283,F0066,2025-12-22,145.4,Typica,Alemania,5
L002284,F0016,2026-05-12,157.0,Caturra,Nacional,7
L002285,F0053,2025-07-26,104.8,Caturra,Paises_Bajos,11
L002286,F0055,2026-05-22,75.3,Catimor,Nacional,10
L002287,F0016,2026-05-01,135.1,Typica,Japon,10
L002288,F0070,2025-04-16,177.9,Catimor,Alemania,19
L002289,F0108,2025-02-27,202.3,Caturra,Nacional,6
L002290,F0059,2025-03-05,136.8,Typica,Alemania,5
L002291,F0018,2025-12-15,139.8,Typica,Estados_Unidos,14
L002292,F0088,2026-05-12,136.9,Bourbon,Francia,20
L002293,F0099,2025-06-30,238.8,Bourbon,Alemania,16
L002294,F0103,2026-07-04,56.3,Typica,Estados_Unidos,4
L002295,F0103,2026-07-26,184.8,Caturra,Francia,13
L002296,F0112,2026-07-09,143.1,Caturra,Belgica,10
L002297,F0022,2025-08-14,151.9,Catimor,Estados_Unidos,11
L002298,F0090,2025-04-12,199.0,Typica,Paises_Bajos,10
L002299,F0076,2026-04-06,64.6,Geisha,Paises_Bajos,12
L002300,F0037,2026-06-29,242.4,Bourbon,Alemania,20
L002301,F0023,2025-07-20,122.8,Geisha,Japon,12
L002302,F0060,2026-06-18,190.0,Typica,Belgica,8
L002303,F0084,2025-06-08,234.7,Geisha,Alemania,17
L002304,F0026,2026-05-07,84.3,Caturra,Alemania,11
L002305,F0062,2026-06-09,129.3,Bourbon,Belgica,4
L002306,F0101,2026-05-13,101.0,Typica,Estados_Unidos,5
L002307,F0019,2026-07-14,104.9,Geisha,Alemania,12
L002308,F0009,2026-07-20,173.0,Bourbon,Francia,11
L002309,F0016,2025-04-14,270.7,Typica,Alemania,19
L002310,F0034,2025-04-17,112.6,Typica,Alemania,13
L002311,F0071,2025-04-18,323.2,Caturra,Paises_Bajos,6
L002312,F0045,2025-02-23,172.1,Typica,Francia,4
L002313,F0094,2025-06-16,88.9,Caturra,Estados_Unidos,6
L002314,F0080,2025-07-15,119.6,Bourbon,Paises_Bajos,7
L002315,F0019,2025-05-16,57.0,Caturra,Francia,7
L002316,F0006,2025-04-05,158.5,Typica,Estados_Unidos,6
L002317,F0054,2025-09-29,132.5,Bourbon,Estados_Unidos,12
L002318,F0069,2026-04-11,105.2,Caturra,Paises_Bajos,6
L002319,F0120,2025-09-19,336.9,Catimor,Belgica,11
L002320,F0120,2025-03-25,88.8,Geisha,Francia,4
L002321,F0013,2025-08-08,94.1,Caturra,Estados_Unidos,8
L002322,F0090,2025-08-29,112.7,Catimor,Paises_Bajos,14
L002323,F0022,2026-07-27,121.6,Typica,Paises_Bajos,10
L002324,F0096,2026-07-03,113.3,Catimor,Estados_Unidos,10
L002325,F0104,2025-05-15,142.6,Catimor,Alemania,18
L002326,F0086,2026-05-02,71.8,Caturra,Francia,5
L002327,F0037,2025-09-23,59.1,Bourbon,Japon,9
L002328,F0084,2026-08-10,273.2,Bourbon,Alemania,5
L002329,F0072,2026-04-20,116.9,Catimor,Estados_Unidos,5
L002330,F0064,2025-01-10,223.2,Bourbon,Belgica,18
L002331,F0105,2025-05-12,153.8,Bourbon,Belgica,9
L002332,F0059,2026-06-13,98.8,Catimor,Belgica,15
L002333,F0116,2026-04-07,42.2,Typica,Alemania,7
L002334,F0033,2026-08-29,63.4,Bourbon,Estados_Unidos,7
L002335,F0049,2025-04-23,232.7,Catimor,Nacional,14
L002336,F0050,2026-08-17,117.8,Caturra,Belgica,16
L002337,F0113,2025-07-18,158.4,Catimor,Alemania,19
L002338,F0074,2025-01-16,153.7,Geisha,Paises_Bajos,9
L002339,F0006,2025-06-09,57.3,Bourbon,Belgica,4
L002340,F0044,2026-07-25,157.2,Typica,Alemania,17
L002341,F0004,2025-08-11,193.0,Bourbon,Belgica,15
L002342,F0093,2025-07-20,272.6,Caturra,Estados_Unidos,19
L002343,F0008,2025-04-29,132.0,Caturra,Alemania,7
L002344,F0025,2025-06-20,136.4,Geisha,Alemania,8
L002345,F0064,2026-05-09,160.1,Catimor,Nacional,14
L002346,F0047,2026-05-14,95.9,Catimor,Estados_Unidos,13
L002347,F0085,2025-08-23,55.2,Caturra,Alemania,7
L002348,F0027,2026-06-07,236.1,Caturra,Estados_Unidos,20
L002349,F0081,2026-06-12,185.4,Typica,Francia,16
L002350,F0061,2026-05-20,174.2,Typica,Alemania,19
L002351,F0003,2026-08-21,166.1,Catimor,Alemania,6
L002352,F0083,2025-06-17,177.5,Catimor,Alemania,14
L002353,F0114,2026-08-02,169.9,Bourbon,Alemania,15
L002354,F0106,2026-07-27,159.5,Catimor,Japon,5
L002355,F0018,2025-04-09,198.1,Typica,Japon,11
L002356,F0038,2025-05-05,150.8,Catimor,Alemania,18
L002357,F0073,2026-04-13,175.1,Geisha,Belgica,8
L002358,F0016,2025-07-14,99.9,Bourbon,Paises_Bajos,11
L002359,F0001,2025-06-06,154.9,Bourbon,Paises_Bajos,19
L002360,F0093,2025-07-21,99.2,Caturra,Belgica,5
L002361,F0059,2026-06-14,335.2,Bourbon,Francia,4
L002362,F0030,2026-04-15,149.6,Caturra,Francia,7
L002363,F0062,2026-06-06,82.4,Caturra,Japon,17
L002364,F0087,2025-06-20,91.3,Bourbon,Belgica,13
L002365,F0102,2025-04-26,104.3,Caturra,Alemania,6
L002366,F0077,2025-06-09,168.3,Typica,Alemania,13
L002367,F0109,2025-06-28,142.4,Bourbon,Alemania,17
L002368,F0063,2025-04-11,187.6,Catimor,Japon,20
L002369,F0034,2026-07-21,106.8,Caturra,Estados_Unidos,13
L002370,F0033,2025-07-28,79.6,Bourbon,Japon,4
L002371,F0018,2026-05-26,48.6,Caturra,Alemania,5
L002372,F0090,2026-04-20,174.4,Typica,Francia,18
L002373,F0026,2026-07-05,158.2,Typica,Estados_Unidos,5
L002374,F0098,2025-09-29,141.1,Catimor,Alemania,17
L002375,F0083,2026-06-29,195.4,Caturra,Alemania,12
L002376,F0024,2025-07-08,58.6,Geisha,Belgica,20
L002377,F0013,2026-07-17,203.4,Geisha,Belgica,7
L002378,F0101,2026-06-04,82.6,Catimor,Francia,10
L002379,F0024,2026-01-20,134.7,Catimor,Estados_Unidos,11
L002380,F0084,2025-07-20,34.9,Typica,Francia,17
L002381,F0080,2026-06-28,306.7,Typica,Belgica,17
L002382,F0069,2025-08-29,102.3,Bourbon,Estados_Unidos,20
L002383,F0113,2025-05-15,161.6,Bourbon,Belgica,5
L002384,F0003,2025-12-12,73.5,Caturra,Nacional,8
L002385,F0019,2026-05-09,170.0,Caturra,Estados_Unidos,10
L002386,F0071,2026-07-08,207.9,Geisha,Alemania,14
L002387,F0075,2025-09-27,140.3,Catimor,Alemania,10
L002388,F0084,2025-12-25,191.6,Catimor,Belgica,15
L002389,F0066,2025-04-17,194.3,Caturra,Alemania,4
L002390,F0051,2026-05-26,108.8,Typica,Nacional,17
L002391,F0006,2026-02-27,252.9,Typica,Paises_Bajos,15
L002392,F0033,2025-05-12,104.0,Catimor,Estados_Unidos,20
L002393,F0008,2026-04-10,95.8,Typica,Alemania,12
L002394,F0072,2026-05-25,217.5,Bourbon,Alemania,13
L002395,F0111,2025-09-28,111.9,Catimor,Francia,9
L002396,F0086,2025-06-01,308.4,Caturra,Francia,9
L002397,F0017,2026-08-08,90.3,Caturra,Belgica,18
L002398,F0034,2026-04-09,54.1,Typica,Francia,19
L002399,F0107,2026-04-14,195.1,Typica,Paises_Bajos,6
L002400,F0086,2025-05-21,119.2,Bourbon,Nacional,17
L002401,F0108,2025-05-13,191.7,Typica,Paises_Bajos,18
L002402,F0028,2026-08-20,53.3,Caturra,Estados_Unidos,19
L002403,F0008,2026-08-09,121.0,Typica,Belgica,14
L002404,F0040,2025-09-06,118.3,Catimor,Paises_Bajos,12
L002405,F0024,2025-05-08,231.8,Caturra,Francia,12
L002406,F0098,2026-08-05,150.5,Catimor,Francia,15
L002407,F0059,2026-03-20,54.9,Catimor,Alemania,19
L002408,F0051,2025-09-29,74.3,Catimor,Alemania,20
L002409,F0104,2025-05-21,104.9,Caturra,Belgica,8
L002410,F0045,2026-06-08,179.5,Caturra,Japon,13
L002411,F0031,2025-06-23,155.8,Caturra,Estados_Unidos,8
L002412,F0013,2026-07-26,132.9,Bourbon,Paises_Bajos,20
L002413,F0091,2025-04-22,301.1,Catimor,Francia,14
L002414,F0099,2025-06-13,151.5,Typica,Alemania,12
L002415,F0098,2025-09-17,191.9,Catimor,Estados_Unidos,17
L002416,F0055,2026-06-15,116.0,Catimor,Alemania,12
L002417,F0001,2026-06-12,208.4,Catimor,Paises_Bajos,19
L002418,F0002,2026-04-28,158.3,Caturra,Belgica,11
L002419,F0010,2026-06-29,217.2,Caturra,Estados_Unidos,15
L002420,F0108,2025-02-19,39.1,Bourbon,Paises_Bajos,8
L002421,F0093,2026-03-28,130.7,Typica,Estados_Unidos,12
L002422,F0102,2025-09-09,128.8,Catimor,Alemania,4
L002423,F0106,2026-08-24,78.2,Typica,Belgica,15
L002424,F0102,2025-07-17,120.5,Typica,Estados_Unidos,16
L002425,F0018,2026-06-20,46.2,Catimor,Nacional,19
L002426,F0034,2025-07-20,115.0,Bourbon,Francia,17
L002427,F0119,2026-04-09,237.5,Typica,Alemania,8
L002428,F0014,2025-04-17,106.8,Catimor,Japon,16
L002429,F0044,2025-05-22,125.9,Caturra,Paises_Bajos,17
L002430,F0010,2025-01-20,190.3,Bourbon,Belgica,16
L002431,F0093,2025-09-01,162.0,Caturra,Belgica,10
L002432,F0093,2026-04-28,106.5,Catimor,Estados_Unidos,13
L002433,F0091,2025-09-08,151.1,Typica,Paises_Bajos,13
L002434,F0102,2026-05-21,106.4,Caturra,Alemania,12
L002435,F0083,2026-07-30,106.2,Typica,Alemania,14
L002436,F0082,2026-05-31,162.0,Caturra,Japon,12
L002437,F0026,2025-09-14,164.7,Bourbon,Estados_Unidos,12
L002438,F0107,2026-05-16,136.1,Catimor,Francia,9
L002439,F0119,2026-07-17,153.7,Bourbon,Belgica,20
L002440,F0080,2026-06-16,166.2,Caturra,Estados_Unidos,13
L002441,F0098,2026-08-07,242.1,Geisha,Paises_Bajos,13
L002442,F0074,2025-09-13,137.8,Caturra,Alemania,13
L002443,F0028,2025-07-26,286.1,Caturra,Estados_Unidos,19
L002444,F0021,2025-06-14,163.3,Bourbon,Belgica,14
L002445,F0030,2025-04-22,110.3,Caturra,Estados_Unidos,5
L002446,F0102,2026-05-18,60.8,Geisha,Belgica,17
L002447,F0013,2026-07-19,91.7,Catimor,Alemania,7
L002448,F0087,2026-07-24,249.5,Catimor,Nacional,14
L002449,F0043,2025-01-17,108.9,Typica,Alemania,16
L002450,F0070,2025-01-20,142.0,Bourbon,Estados_Unidos,9
L002451,F0026,2026-08-27,92.9,Bourbon,Estados_Unidos,17
L002452,F0107,2025-06-28,99.1,Bourbon,Estados_Unidos,19
L002453,F0053,2025-09-20,58.2,Typica,Paises_Bajos,15
L002454,F0038,2025-08-24,161.3,Catimor,Alemania,18
L002455,F0074,2026-04-27,96.6,Caturra,Alemania,13
L002456,F0080,2026-06-22,126.0,Caturra,Alemania,9
L002457,F0013,2026-04-12,182.7,Caturra,Nacional,7
L002458,F0012,2025-02-27,153.8,Bourbon,Alemania,19
L002459,F0027,2025-07-11,195.4,Geisha,Nacional,12
L002460,F0049,2026-07-08,62.5,Catimor,Alemania,17
L002461,F0022,2026-04-25,220.4,Geisha,Paises_Bajos,12
L002462,F0012,2025-06-19,79.5,Geisha,Alemania,8
L002463,F0063,2026-05-04,142.6,Catimor,Francia,14
L002464,F0008,2026-03-03,122.8,Caturra,Nacional,13
L002465,F0062,2026-07-16,134.3,Caturra,Alemania,16
L002466,F0062,2026-04-26,239.2,Typica,Belgica,12
L002467,F0109,2026-05-18,129.6,Typica,Japon,17
L002468,F0022,2026-07-09,98.3,Typica,Francia,12
L002469,F0001,2025-12-07,284.1,Catimor,Estados_Unidos,4
L002470,F0112,2026-05-04,217.5,Catimor,Belgica,19
L002471,F0116,2025-09-28,139.7,Caturra,Francia,6
L002472,F0018,2026-01-15,175.6,Caturra,Estados_Unidos,12
L002473,F0030,2025-09-03,31.5,Caturra,Belgica,7
L002474,F0062,2026-08-23,91.6,Caturra,Japon,8
L002475,F0053,2025-04-20,107.2,Geisha,Belgica,10
L002476,F0098,2025-04-18,95.5,Caturra,Francia,9
L002477,F0054,2026-06-18,117.7,Typica,Estados_Unidos,10
L002478,F0070,2026-08-11,69.9,Catimor,Estados_Unidos,6
L002479,F0071,2026-01-08,106.8,Typica,Belgica,17
L002480,F0091,2025-04-30,66.8,Geisha,Estados_Unidos,6
L002481,F0004,2026-06-23,84.1,Catimor,Japon,19
L002482,F0088,2025-07-21,114.6,Bourbon,Alemania,4
L002483,F0055,2025-04-20,145.8,Caturra,Paises_Bajos,6
L002484,F0106,2025-02-28,309.4,Caturra,Francia,8
L002485,F0046,2025-05-28,118.2,Typica,Belgica,9
L002486,F0112,2026-04-22,104.4,Bourbon,Belgica,5
L002487,F0056,2025-04-08,106.0,Catimor,Alemania,5
L002488,F0053,2025-07-07,161.1,Catimor,Belgica,14
L002489,F0112,2025-06-30,139.9,Typica,Nacional,17
L002490,F0089,2025-08-21,148.3,Typica,Belgica,13
L002491,F0014,2025-07-25,88.5,Catimor,Belgica,16
L002492,F0049,2025-04-21,113.1,Bourbon,Francia,12
L002493,F0093,2026-07-05,225.4,Caturra,Nacional,10
L002494,F0063,2025-08-10,85.7,Bourbon,Nacional,5
L002495,F0071,2025-04-09,323.3,Catimor,Paises_Bajos,13
L002496,F0056,2025-08-28,108.7,Caturra,Nacional,16
L002497,F0109,2026-05-26,170.3,Bourbon,Alemania,14
L002498,F0033,2025-09-30,177.8,Caturra,Paises_Bajos,6
L002499,F0104,2026-06-17,92.2,Catimor,Japon,6
L002500,F0101,2025-10-13,150.4,Bourbon,Alemania,15
L002501,F0094,2025-01-30,145.6,Caturra,Estados_Unidos,10
L002502,F0021,2025-05-29,82.6,Catimor,Paises_Bajos,7
L002503,F0028,2026-04-05,224.5,Catimor,Nacional,11
L002504,F0045,2025-03-06,174.4,Bourbon,Estados_Unidos,14
L002505,F0024,2026-08-23,174.2,Catimor,Francia,9
L002506,F0068,2025-08-18,59.3,Bourbon,Francia,19
L002507,F0042,2026-05-16,138.4,Caturra,Francia,20
L002508,F0105,2025-08-01,201.9,Typica,Alemania,9
L002509,F0120,2025-09-16,142.6,Catimor,Estados_Unidos,9
L002510,F0069,2025-09-30,217.2,Caturra,Francia,16
L002511,F0055,2025-06-19,166.3,Caturra,Paises_Bajos,18
L002512,F0017,2025-05-23,168.4,Catimor,Estados_Unidos,10
L002513,F0077,2026-04-11,200.8,Bourbon,Estados_Unidos,8
L002514,F0045,2026-06-15,218.6,Caturra,Nacional,12
L002515,F0050,2026-06-29,95.9,Caturra,Estados_Unidos,14
L002516,F0106,2026-07-07,198.4,Caturra,Belgica,14
L002517,F0062,2026-08-16,342.4,Catimor,Alemania,12
L002518,F0082,2025-08-18,111.9,Caturra,Estados_Unidos,13
L002519,F0021,2026-01-09,57.7,Caturra,Paises_Bajos,20
L002520,F0106,2025-09-05,114.3,Geisha,Paises_Bajos,6
L002521,F0059,2025-07-26,200.1,Caturra,Paises_Bajos,9
L002522,F0028,2026-04-28,156.7,Typica,Belgica,5
L002523,F0005,2025-08-10,296.4,Catimor,Francia,16
L002524,F0014,2026-08-26,120.5,Geisha,Nacional,10
L002525,F0063,2025-04-07,104.6,Caturra,Alemania,15
L002526,F0040,2025-06-12,31.7,Caturra,Francia,17
L002527,F0081,2025-06-21,246.8,Catimor,Paises_Bajos,18
L002528,F0025,2025-10-20,179.8,Caturra,Belgica,7
L002529,F0077,2026-01-20,63.8,Geisha,Nacional,7
L002530,F0072,2025-01-17,72.6,Caturra,Estados_Unidos,17
L002531,F0031,2026-06-08,130.7,Caturra,Estados_Unidos,7
L002532,F0103,2025-07-05,101.4,Catimor,Belgica,16
L002533,F0094,2025-04-05,101.9,Caturra,Francia,16
L002534,F0108,2025-01-01,263.1,Bourbon,Alemania,6
L002535,F0047,2025-01-19,93.7,Catimor,Estados_Unidos,19
L002536,F0078,2026-06-05,133.4,Bourbon,Alemania,14
L002537,F0019,2026-04-07,52.6,Catimor,Alemania,5
L002538,F0108,2026-08-11,132.8,Caturra,Alemania,12
L002539,F0027,2025-07-08,138.3,Bourbon,Paises_Bajos,7
L002540,F0059,2025-09-11,156.1,Bourbon,Belgica,12
L002541,F0116,2026-04-01,101.3,Caturra,Nacional,17
L002542,F0069,2025-07-26,157.4,Catimor,Alemania,11
L002543,F0006,2026-03-04,60.3,Catimor,Belgica,10
L002544,F0038,2025-06-19,144.4,Bourbon,Francia,20
L002545,F0113,2026-04-27,109.9,Caturra,Japon,10
L002546,F0059,2026-04-22,96.2,Catimor,Francia,16
L002547,F0022,2026-04-14,189.9,Caturra,Paises_Bajos,19
L002548,F0007,2025-06-14,79.0,Bourbon,Estados_Unidos,10
L002549,F0018,2026-06-12,121.2,Caturra,Alemania,7
L002550,F0102,2026-06-06,42.4,Caturra,Paises_Bajos,8
L002551,F0072,2025-07-07,114.2,Catimor,Paises_Bajos,20
L002552,F0087,2026-08-11,149.0,Geisha,Nacional,10
L002553,F0116,2026-07-28,122.5,Catimor,Nacional,19
L002554,F0112,2025-05-24,96.1,Caturra,Estados_Unidos,15
L002555,F0007,2026-08-08,171.6,Caturra,Estados_Unidos,12
L002556,F0034,2025-06-24,120.0,Bourbon,Francia,18
L002557,F0096,2025-07-12,103.1,Caturra,Alemania,13
L002558,F0111,2025-07-05,174.2,Caturra,Alemania,10
L002559,F0089,2025-07-07,213.8,Typica,Francia,5
L002560,F0038,2025-07-16,123.4,Caturra,Japon,6
L002561,F0118,2025-08-23,156.1,Catimor,Paises_Bajos,7
L002562,F0101,2026-08-14,55.0,Catimor,Alemania,15
L002563,F0085,2025-05-02,71.2,Geisha,Nacional,13
L002564,F0044,2026-04-02,153.1,Typica,Francia,9
L002565,F0006,2026-05-20,294.3,Bourbon,Paises_Bajos,18
L002566,F0069,2025-07-04,428.9,Geisha,Alemania,16
L002567,F0081,2026-08-08,159.0,Caturra,Paises_Bajos,11
L002568,F0112,2025-09-25,121.3,Bourbon,Belgica,6
L002569,F0119,2025-07-29,181.7,Bourbon,Estados_Unidos,15
L002570,F0101,2026-04-22,108.0,Caturra,Francia,5
L002571,F0068,2025-05-29,102.8,Geisha,Francia,9
L002572,F0047,2026-06-19,100.9,Caturra,Japon,7
L002573,F0102,2025-09-13,197.0,Catimor,Francia,20
L002574,F0018,2025-06-07,189.7,Typica,Estados_Unidos,17
L002575,F0003,2026-07-20,174.3,Typica,Francia,11
L002576,F0107,2025-08-26,89.5,Typica,Alemania,10
L002577,F0047,2026-08-17,318.7,Catimor,Nacional,9
L002578,F0043,2026-06-27,180.9,Caturra,Paises_Bajos,5
L002579,F0016,2026-07-10,125.4,Caturra,Alemania,19
L002580,F0091,2025-02-25,191.8,Typica,Estados_Unidos,14
L002581,F0055,2026-01-08,267.0,Catimor,Nacional,4
L002582,F0046,2025-03-28,261.4,Typica,Japon,5
L002583,F0090,2025-02-08,185.6,Catimor,Nacional,18
L002584,F0039,2026-03-30,156.3,Catimor,Japon,11
L002585,F0059,2025-08-31,72.9,Typica,Estados_Unidos,10
L002586,F0116,2026-04-30,58.2,Caturra,Alemania,8
L002587,F0080,2025-06-13,176.9,Caturra,Paises_Bajos,7
L002588,F0091,2026-04-01,119.0,Caturra,Belgica,5
L002589,F0051,2025-08-26,74.8,Typica,Belgica,10
L002590,F0087,2025-09-26,212.0,Caturra,Alemania,9
L002591,F0114,2025-08-11,141.1,Typica,Alemania,18
L002592,F0008,2025-07-23,175.8,Typica,Nacional,5
L002593,F0089,2025-04-09,134.8,Caturra,Francia,8
L002594,F0017,2026-04-13,134.2,Caturra,Paises_Bajos,6
L002595,F0093,2025-06-16,138.1,Typica,Alemania,6
L002596,F0111,2025-06-15,236.8,Caturra,Paises_Bajos,12
L002597,F0108,2026-02-01,105.4,Caturra,Belgica,8
L002598,F0076,2026-07-31,128.6,Catimor,Alemania,20
L002599,F0010,2025-07-21,110.9,Caturra,Estados_Unidos,17
L002600,F0003,2025-06-25,85.0,Caturra,Alemania,20
L002601,F0055,2026-08-17,107.4,Catimor,Japon,5
L002602,F0049,2025-06-28,209.5,Bourbon,Francia,11
L002603,F0085,2025-04-13,164.0,Caturra,Nacional,6
L002604,F0044,2026-07-28,136.6,Typica,Nacional,10
L002605,F0098,2025-06-05,64.7,Catimor,Paises_Bajos,5
L002606,F0071,2026-06-23,72.1,Caturra,Francia,20
L002607,F0019,2025-08-04,73.9,Bourbon,Belgica,17
L002608,F0060,2025-08-20,133.9,Bourbon,Alemania,18
L002609,F0087,2026-07-01,212.5,Typica,Francia,4
L002610,F0013,2025-08-10,312.4,Bourbon,Paises_Bajos,5
L002611,F0069,2025-06-27,257.8,Caturra,Nacional,9
L002612,F0086,2025-07-19,167.7,Geisha,Paises_Bajos,12
L002613,F0119,2026-04-25,187.7,Bourbon,Estados_Unidos,19
L002614,F0056,2026-04-17,159.6,Catimor,Paises_Bajos,15
L002615,F0116,2026-07-08,57.7,Catimor,Alemania,17
L002616,F0012,2025-07-02,166.2,Caturra,Francia,15
L002617,F0076,2025-08-31,186.2,Caturra,Japon,14
L002618,F0046,2025-05-04,209.7,Catimor,Alemania,17
L002619,F0099,2025-05-14,182.9,Bourbon,Nacional,9
L002620,F0038,2025-09-14,108.6,Caturra,Paises_Bajos,18
L002621,F0033,2026-05-24,51.1,Typica,Paises_Bajos,19
L002622,F0022,2025-09-19,228.2,Catimor,Nacional,4
L002623,F0006,2026-06-01,150.5,Caturra,Belgica,10
L002624,F0021,2025-12-16,122.4,Bourbon,Japon,17
L002625,F0120,2025-04-03,159.2,Caturra,Belgica,5
L002626,F0004,2026-05-22,89.6,Caturra,Paises_Bajos,17
L002627,F0085,2025-02-17,165.6,Caturra,Belgica,19
L002628,F0074,2025-07-29,65.3,Caturra,Estados_Unidos,14
L002629,F0056,2025-02-10,161.2,Caturra,Estados_Unidos,6
L002630,F0088,2025-05-10,34.9,Catimor,Belgica,9
L002631,F0047,2025-07-14,131.4,Catimor,Nacional,5
L002632,F0022,2026-02-11,87.6,Catimor,Paises_Bajos,11
L002633,F0022,2026-05-01,168.7,Caturra,Estados_Unidos,9
L002634,F0111,2025-04-06,70.9,Geisha,Belgica,16
L002635,F0047,2026-04-03,192.4,Caturra,Estados_Unidos,7
L002636,F0060,2026-06-02,125.1,Bourbon,Francia,20
L002637,F0085,2025-09-24,72.4,Bourbon,Paises_Bajos,14
L002638,F0038,2025-06-19,86.6,Caturra,Estados_Unidos,5
L002639,F0118,2026-08-04,124.0,Catimor,Japon,10
L002640,F0017,2025-09-30,331.7,Catimor,Nacional,7
L002641,F0009,2025-05-09,371.5,Geisha,Estados_Unidos,5
L002642,F0059,2026-06-24,80.5,Typica,Estados_Unidos,17
L002643,F0025,2025-04-29,213.2,Geisha,Alemania,20
L002644,F0113,2026-07-04,216.4,Caturra,Alemania,8
L002645,F0060,2026-04-10,106.3,Bourbon,Estados_Unidos,11
L002646,F0091,2025-08-20,101.5,Caturra,Alemania,9
L002647,F0002,2026-04-15,210.3,Bourbon,Francia,20
L002648,F0017,2025-09-03,88.8,Bourbon,Paises_Bajos,7
L002649,F0050,2025-06-03,54.5,Catimor,Japon,8
L002650,F0104,2026-08-22,153.5,Geisha,Paises_Bajos,16
L002651,F0116,2025-07-11,101.0,Typica,Estados_Unidos,18
L002652,F0109,2026-06-27,116.5,Typica,Estados_Unidos,12
L002653,F0016,2025-11-08,159.3,Catimor,Alemania,6
L002654,F0019,2026-07-07,233.7,Bourbon,Alemania,20
L002655,F0103,2025-06-23,101.3,Catimor,Francia,10
L002656,F0085,2026-08-31,218.5,Typica,Alemania,18
L002657,F0024,2026-06-07,211.7,Caturra,Estados_Unidos,19
L002658,F0029,2025-09-04,107.6,Catimor,Estados_Unidos,19
L002659,F0103,2025-09-02,134.8,Catimor,Estados_Unidos,19
L002660,F0004,2025-09-22,74.4,Typica,Nacional,6
L002661,F0069,2025-06-10,178.2,Typica,Alemania,5
L002662,F0012,2026-06-16,365.8,Typica,Alemania,4
L002663,F0006,2025-07-27,79.6,Typica,Nacional,7
L002664,F0118,2025-08-20,184.9,Bourbon,Alemania,17
L002665,F0034,2025-08-09,62.9,Caturra,Alemania,18
L002666,F0047,2025-06-09,121.6,Bourbon,Belgica,4
L002667,F0043,2025-09-11,107.1,Catimor,Alemania,11
L002668,F0033,2026-07-02,138.5,Catimor,Estados_Unidos,19
L002669,F0111,2026-03-21,107.8,Catimor,Estados_Unidos,13
L002670,F0108,2026-05-27,184.1,Typica,Nacional,4
L002671,F0105,2025-05-06,267.9,Catimor,Francia,4
L002672,F0110,2026-05-05,124.4,Caturra,Paises_Bajos,13
L002673,F0029,2025-04-22,75.7,Catimor,Francia,9
L002674,F0106,2025-09-20,108.0,Catimor,Paises_Bajos,20
L002675,F0085,2025-09-05,82.0,Typica,Francia,12
L002676,F0116,2026-04-28,109.9,Typica,Estados_Unidos,9
L002677,F0002,2026-05-25,90.1,Typica,Francia,15
L002678,F0002,2025-04-09,112.4,Caturra,Belgica,4
L002679,F0118,2025-07-17,105.1,Bourbon,Nacional,20
L002680,F0086,2026-04-07,215.0,Caturra,Japon,10
L002681,F0098,2025-08-31,38.8,Caturra,Estados_Unidos,12
L002682,F0023,2026-08-17,53.7,Typica,Francia,5
L002683,F0095,2025-09-23,105.7,Bourbon,Francia,4
L002684,F0006,2026-04-05,29.7,Caturra,Francia,10
L002685,F0054,2026-06-23,199.0,Caturra,Paises_Bajos,10
L002686,F0038,2026-02-17,163.2,Catimor,Estados_Unidos,8
L002687,F0037,2025-04-15,81.6,Bourbon,Alemania,6
L002688,F0044,2025-04-16,141.2,Bourbon,Paises_Bajos,10
L002689,F0002,2025-05-07,176.3,Catimor,Francia,14
L002690,F0037,2026-08-10,48.0,Caturra,Japon,19
L002691,F0054,2026-04-11,140.1,Bourbon,Belgica,7
L002692,F0045,2025-06-23,203.9,Catimor,Francia,14
L002693,F0003,2026-07-07,149.9,Bourbon,Francia,19
L002694,F0002,2025-08-11,155.1,Typica,Belgica,15
L002695,F0076,2026-05-20,108.5,Caturra,Alemania,12
L002696,F0070,2026-06-16,178.9,Geisha,Alemania,14
L002697,F0007,2026-06-09,44.9,Caturra,Belgica,16
L002698,F0081,2025-08-23,176.2,Bourbon,Paises_Bajos,20
L002699,F0044,2025-01-22,53.5,Caturra,Francia,14
L002700,F0025,2026-08-21,199.8,Bourbon,Belgica,10
L002701,F0028,2025-08-02,125.9,Catimor,Alemania,20
L002702,F0083,2026-06-22,208.0,Catimor,Belgica,7
L002703,F0055,2025-04-03,181.2,Caturra,Nacional,16
L002704,F0066,2025-04-29,249.5,Bourbon,Japon,7
L002705,F0006,2026-05-01,152.1,Typica,Belgica,9
L002706,F0025,2025-04-01,90.0,Typica,Japon,11
L002707,F0085,2025-06-19,134.2,Bourbon,Alemania,17
L002708,F0023,2026-08-17,152.5,Caturra,Francia,14
L002709,F0003,2025-12-04,67.5,Catimor,Estados_Unidos,16
L002710,F0067,2026-08-17,72.0,Catimor,Belgica,7
L002711,F0119,2025-05-30,176.3,Catimor,Belgica,12
L002712,F0099,2026-03-18,214.9,Geisha,Paises_Bajos,14
L002713,F0103,2026-04-17,225.4,Geisha,Belgica,13
L002714,F0008,2025-09-06,89.2,Caturra,Paises_Bajos,10
L002715,F0080,2025-08-03,178.4,Typica,Japon,20
L002716,F0102,2026-04-04,282.6,Bourbon,Paises_Bajos,4
L002717,F0075,2025-09-24,71.0,Catimor,Estados_Unidos,19
L002718,F0086,2026-05-03,239.1,Caturra,Estados_Unidos,15
L002719,F0043,2025-07-11,131.7,Bourbon,Francia,19
L002720,F0104,2025-09-06,168.0,Typica,Alemania,8
L002721,F0060,2025-06-04,47.3,Catimor,Estados_Unidos,4
L002722,F0078,2026-04-14,153.8,Catimor,Alemania,12
L002723,F0043,2025-08-24,119.8,Catimor,Estados_Unidos,4
L002724,F0038,2025-11-26,79.4,Catimor,Francia,10
L002725,F0008,2026-04-30,181.2,Typica,Francia,15
L002726,F0025,2026-07-11,66.1,Caturra,Estados_Unidos,12
L002727,F0085,2025-05-21,47.7,Typica,Francia,13
L002728,F0007,2026-04-15,125.5,Bourbon,Alemania,20
L002729,F0091,2026-01-24,108.0,Bourbon,Alemania,16
L002730,F0064,2026-07-14,187.5,Caturra,Paises_Bajos,16
L002731,F0114,2026-04-24,106.0,Catimor,Nacional,11
L002732,F0029,2025-02-07,125.6,Caturra,Paises_Bajos,4
L002733,F0034,2025-05-09,41.2,Bourbon,Alemania,10
L002734,F0005,2025-06-23,92.1,Bourbon,Francia,6
L002735,F0114,2025-09-22,116.5,Catimor,Estados_Unidos,15
L002736,F0013,2025-09-30,50.6,Caturra,Alemania,8
L002737,F0067,2026-04-23,77.4,Caturra,Nacional,18
L002738,F0021,2025-05-09,196.0,Typica,Alemania,4
L002739,F0020,2025-06-04,135.1,Caturra,Alemania,18
L002740,F0098,2025-10-20,200.6,Caturra,Alemania,15
L002741,F0031,2025-08-15,104.8,Caturra,Estados_Unidos,9
L002742,F0073,2026-06-14,136.0,Caturra,Estados_Unidos,12
L002743,F0051,2025-06-27,129.9,Catimor,Nacional,12
L002744,F0033,2025-09-20,128.1,Catimor,Alemania,7
L002745,F0098,2025-07-18,67.7,Catimor,Estados_Unidos,6
L002746,F0072,2026-06-28,109.3,Catimor,Estados_Unidos,5
L002747,F0063,2025-04-08,98.6,Caturra,Alemania,14
L002748,F0108,2025-12-14,68.7,Bourbon,Japon,20
L002749,F0045,2026-04-30,126.1,Typica,Francia,12
L002750,F0018,2026-04-29,107.6,Bourbon,Francia,11
L002751,F0021,2025-06-28,48.6,Caturra,Francia,19
L002752,F0026,2026-08-12,324.6,Typica,Belgica,10
L002753,F0087,2026-05-03,321.1,Caturra,Alemania,5
L002754,F0093,2025-05-16,225.0,Catimor,Alemania,8
L002755,F0110,2026-05-30,118.2,Typica,Belgica,19
L002756,F0005,2025-08-04,83.4,Typica,Estados_Unidos,17
L002757,F0086,2025-09-03,190.3,Typica,Japon,16
L002758,F0061,2025-04-20,143.1,Catimor,Estados_Unidos,14
L002759,F0072,2025-03-31,114.6,Typica,Paises_Bajos,5
L002760,F0050,2026-08-13,106.7,Caturra,Paises_Bajos,15
L002761,F0040,2025-08-20,65.8,Caturra,Japon,6
L002762,F0089,2026-05-17,116.2,Caturra,Alemania,7
L002763,F0003,2025-04-05,86.8,Geisha,Estados_Unidos,10
L002764,F0044,2025-08-05,216.9,Caturra,Alemania,9
L002765,F0023,2026-07-23,78.1,Bourbon,Alemania,19
L002766,F0116,2025-04-12,72.3,Catimor,Francia,20
L002767,F0061,2026-07-17,100.2,Caturra,Alemania,8
L002768,F0081,2025-06-03,89.1,Caturra,Francia,4
L002769,F0010,2025-10-07,64.0,Bourbon,Nacional,9
L002770,F0026,2026-05-18,54.6,Geisha,Japon,5
L002771,F0120,2025-04-01,160.1,Catimor,Alemania,13
L002772,F0040,2026-05-23,61.7,Catimor,Belgica,14
L002773,F0028,2025-08-04,239.0,Geisha,Alemania,7
L002774,F0095,2026-04-05,55.0,Bourbon,Paises_Bajos,15
L002775,F0103,2026-03-23,272.8,Caturra,Francia,4
L002776,F0078,2025-07-14,135.0,Bourbon,Alemania,19
L002777,F0006,2026-06-11,111.9,Geisha,Alemania,17
L002778,F0002,2025-06-13,112.8,Geisha,Alemania,20
L002779,F0055,2026-04-12,212.4,Bourbon,Estados_Unidos,11
L002780,F0075,2025-09-21,199.5,Bourbon,Alemania,16
L002781,F0008,2025-09-27,155.5,Caturra,Nacional,16
L002782,F0025,2026-08-27,37.3,Bourbon,Francia,16
L002783,F0010,2026-05-19,127.2,Typica,Japon,13
L002784,F0119,2025-07-21,97.2,Bourbon,Alemania,15
L002785,F0066,2026-07-27,79.3,Catimor,Nacional,19
L002786,F0049,2025-04-21,95.6,Caturra,Francia,4
L002787,F0077,2025-04-07,104.8,Caturra,Alemania,8
L002788,F0096,2026-06-23,321.3,Caturra,Paises_Bajos,5
L002789,F0084,2025-09-15,94.7,Bourbon,Belgica,4
L002790,F0081,2025-04-14,158.1,Bourbon,Alemania,6
L002791,F0090,2025-05-17,84.7,Catimor,Estados_Unidos,17
L002792,F0074,2026-04-17,160.8,Caturra,Japon,15
L002793,F0047,2026-07-29,99.0,Caturra,Belgica,9
L002794,F0055,2025-03-14,101.8,Caturra,Estados_Unidos,7
L002795,F0112,2025-05-26,108.8,Caturra,Alemania,20
L002796,F0077,2026-08-07,303.2,Bourbon,Alemania,14
L002797,F0112,2026-07-16,257.0,Typica,Belgica,4
L002798,F0104,2025-05-02,137.0,Geisha,Alemania,18
L002799,F0073,2026-06-17,103.5,Bourbon,Alemania,11
L002800,F0025,2025-06-01,135.3,Catimor,Francia,6
L002801,F0031,2025-05-11,293.1,Caturra,Francia,14
L002802,F0059,2025-06-11,126.4,Catimor,Francia,18
L002803,F0066,2026-04-22,84.7,Catimor,Alemania,11
L002804,F0074,2025-05-27,72.2,Caturra,Francia,11
L002805,F0089,2026-06-28,71.8,Caturra,Estados_Unidos,10
L002806,F0010,2025-05-29,88.0,Caturra,Estados_Unidos,18
L002807,F0069,2025-05-23,39.1,Caturra,Paises_Bajos,7
L002808,F0049,2025-08-17,111.6,Caturra,Estados_Unidos,8
L002809,F0050,2026-06-23,100.6,Catimor,Belgica,19
L002810,F0071,2026-07-11,382.6,Caturra,Nacional,11
L002811,F0038,2026-08-25,212.0,Typica,Alemania,18
L002812,F0022,2026-05-05,216.9,Catimor,Paises_Bajos,6
L002813,F0120,2026-05-15,81.5,Caturra,Alemania,9
L002814,F0054,2026-08-12,56.4,Geisha,Estados_Unidos,10
L002815,F0038,2026-08-17,306.6,Geisha,Nacional,17
L002816,F0056,2025-04-05,54.0,Geisha,Francia,18
L002817,F0060,2026-06-26,123.8,Typica,Estados_Unidos,14
L002818,F0020,2025-01-14,231.3,Bourbon,Estados_Unidos,16
L002819,F0120,2025-01-09,340.0,Caturra,Estados_Unidos,19
L002820,F0022,2025-11-08,106.4,Bourbon,Belgica,9
L002821,F0080,2025-09-10,132.0,Caturra,Estados_Unidos,12
L002822,F0004,2026-04-25,216.9,Catimor,Estados_Unidos,5
L002823,F0050,2025-09-22,163.4,Catimor,Alemania,19
L002824,F0030,2026-03-01,90.9,Typica,Estados_Unidos,12
L002825,F0023,2025-05-30,73.1,Caturra,Francia,20
L002826,F0108,2026-07-27,171.8,Catimor,Paises_Bajos,5
L002827,F0042,2025-08-04,52.9,Caturra,Belgica,15
L002828,F0060,2026-04-28,117.2,Caturra,Japon,18
L002829,F0051,2026-07-18,104.8,Caturra,Francia,12
L002830,F0029,2025-09-26,293.8,Bourbon,Alemania,20
L002831,F0010,2026-08-23,224.9,Caturra,Nacional,9
L002832,F0093,2025-04-02,156.8,Geisha,Paises_Bajos,9
L002833,F0120,2025-05-28,233.6,Typica,Paises_Bajos,7
L002834,F0021,2026-08-22,28.2,Caturra,Belgica,8
L002835,F0020,2025-05-03,190.1,Caturra,Belgica,7
L002836,F0069,2025-09-07,95.2,Caturra,Japon,4
L002837,F0090,2026-07-17,99.5,Caturra,Alemania,7
L002838,F0004,2025-06-17,165.5,Bourbon,Estados_Unidos,7
L002839,F0091,2026-05-26,145.0,Caturra,Alemania,18
L002840,F0020,2025-07-08,191.6,Caturra,Alemania,5
L002841,F0063,2026-04-22,153.4,Catimor,Francia,18
L002842,F0056,2025-04-02,111.8,Typica,Francia,9
L002843,F0091,2026-08-01,143.3,Bourbon,Francia,7
L002844,F0087,2025-05-20,37.8,Bourbon,Nacional,7
L002845,F0039,2026-04-24,121.6,Catimor,Nacional,8
L002846,F0026,2026-05-24,134.7,Typica,Belgica,19
L002847,F0069,2025-12-22,156.0,Caturra,Alemania,19
L002848,F0024,2026-06-08,219.6,Caturra,Francia,16
L002849,F0003,2025-12-10,309.7,Bourbon,Nacional,18
L002850,F0049,2025-08-27,100.2,Typica,Estados_Unidos,8
L002851,F0087,2026-06-26,192.7,Typica,Francia,17
L002852,F0064,2025-04-09,158.4,Catimor,Belgica,8
L002853,F0116,2025-09-24,112.1,Typica,Francia,9
L002854,F0061,2025-04-24,69.7,Typica,Paises_Bajos,16
L002855,F0029,2025-07-25,93.5,Typica,Francia,15
L002856,F0023,2025-06-29,69.0,Typica,Alemania,11
L002857,F0003,2025-06-11,154.0,Caturra,Paises_Bajos,4
L002858,F0089,2026-06-05,141.6,Geisha,Nacional,10
L002859,F0083,2026-08-19,160.4,Caturra,Belgica,15
L002860,F0120,2025-06-09,189.0,Typica,Francia,9
L002861,F0072,2026-08-15,133.1,Caturra,Francia,7
L002862,F0004,2025-07-22,163.7,Bourbon,Francia,12
L002863,F0051,2025-08-07,194.5,Bourbon,Belgica,15
L002864,F0067,2025-07-02,93.4,Caturra,Paises_Bajos,15
L002865,F0005,2026-07-06,64.6,Caturra,Nacional,18
L002866,F0039,2026-05-16,125.7,Bourbon,Paises_Bajos,11
L002867,F0110,2025-05-26,179.5,Bourbon,Japon,15
L002868,F0029,2026-02-26,198.1,Catimor,Estados_Unidos,11
L002869,F0072,2025-09-06,156.6,Catimor,Francia,13
L002870,F0029,2025-07-17,178.1,Caturra,Japon,19
L002871,F0020,2025-08-10,157.6,Typica,Belgica,5
L002872,F0009,2025-06-17,64.9,Caturra,Japon,7
L002873,F0074,2025-09-10,124.4,Caturra,Francia,6
L002874,F0082,2026-06-03,175.3,Geisha,Estados_Unidos,11
L002875,F0112,2026-04-03,122.0,Bourbon,Francia,12
L002876,F0083,2025-08-20,83.2,Caturra,Alemania,18
L002877,F0071,2026-06-05,149.5,Typica,Alemania,12
L002878,F0073,2026-03-03,125.2,Catimor,Francia,4
L002879,F0007,2026-07-26,123.6,Catimor,Belgica,19
L002880,F0054,2025-06-16,160.3,Geisha,Francia,19
L002881,F0006,2025-11-07,138.5,Bourbon,Belgica,16
L002882,F0043,2025-01-19,79.8,Caturra,Paises_Bajos,16
L002883,F0120,2025-07-06,47.9,Caturra,Alemania,10
L002884,F0116,2026-04-28,35.3,Caturra,Nacional,13
L002885,F0088,2025-06-24,216.1,Bourbon,Paises_Bajos,19
L002886,F0045,2026-01-28,98.2,Bourbon,Japon,5
L002887,F0003,2025-09-19,59.2,Caturra,Paises_Bajos,16
L002888,F0039,2025-09-29,82.4,Caturra,Alemania,9
L002889,F0008,2026-08-09,120.6,Bourbon,Francia,12
L002890,F0034,2026-05-21,277.3,Typica,Francia,6
L002891,F0002,2026-03-13,265.4,Bourbon,Alemania,5
L002892,F0028,2025-04-21,68.8,Caturra,Alemania,13
L002893,F0049,2025-08-04,141.2,Bourbon,Alemania,10
L002894,F0010,2026-07-10,227.4,Typica,Nacional,8
L002895,F0045,2025-08-19,178.9,Geisha,Alemania,6
L002896,F0022,2025-08-08,140.3,Typica,Francia,7
L002897,F0004,2025-04-23,97.5,Caturra,Belgica,10
L002898,F0091,2025-04-07,62.0,Bourbon,Belgica,16
L002899,F0029,2025-07-21,118.3,Typica,Paises_Bajos,7
L002900,F0073,2026-06-16,58.8,Bourbon,Nacional,4
L002901,F0051,2025-09-10,180.3,Geisha,Francia,5
L002902,F0018,2025-06-04,131.5,Bourbon,Belgica,16
L002903,F0074,2026-06-18,136.1,Caturra,Alemania,9
L002904,F0096,2026-02-21,117.6,Typica,Estados_Unidos,18
L002905,F0056,2026-05-24,166.7,Caturra,Alemania,12
L002906,F0104,2026-07-25,174.6,Catimor,Nacional,14
L002907,F0083,2026-05-08,158.1,Geisha,Nacional,14
L002908,F0001,2026-04-26,167.5,Typica,Estados_Unidos,8
L002909,F0067,2025-05-08,181.3,Caturra,Estados_Unidos,17
L002910,F0099,2026-04-15,199.1,Catimor,Francia,16
L002911,F0119,2026-05-11,139.5,Catimor,Alemania,5
L002912,F0070,2025-02-02,98.9,Catimor,Alemania,11
L002913,F0024,2026-05-13,103.9,Catimor,Japon,11
L002914,F0026,2026-05-14,81.1,Catimor,Paises_Bajos,5
L002915,F0072,2026-07-22,208.1,Typica,Estados_Unidos,13
L002916,F0069,2026-04-03,135.7,Catimor,Alemania,15
L002917,F0077,2026-08-30,166.3,Caturra,Nacional,18
L002918,F0004,2026-05-30,49.6,Catimor,Nacional,7
L002919,F0050,2026-05-30,119.5,Catimor,Estados_Unidos,19
L002920,F0061,2025-09-05,155.4,Typica,Alemania,19
L002921,F0106,2026-05-18,35.0,Caturra,Francia,7
L002922,F0111,2025-12-27,69.6,Catimor,Japon,10
L002923,F0111,2026-06-14,123.1,Bourbon,Belgica,12
L002924,F0053,2026-05-04,261.9,Bourbon,Estados_Unidos,11
L002925,F0101,2025-08-19,72.8,Catimor,Alemania,6
L002926,F0001,2025-04-26,80.1,Geisha,Belgica,20
L002927,F0095,2025-05-23,75.7,Catimor,Alemania,6
L002928,F0005,2026-06-04,128.8,Typica,Estados_Unidos,8
L002929,F0118,2026-08-20,111.4,Caturra,Estados_Unidos,5
L002930,F0025,2025-11-10,394.6,Bourbon,Estados_Unidos,6
L002931,F0012,2025-03-03,101.4,Catimor,Paises_Bajos,8
L002932,F0080,2025-02-16,140.7,Caturra,Belgica,9
L002933,F0085,2026-07-07,135.2,Catimor,Paises_Bajos,11
L002934,F0013,2025-09-11,115.9,Geisha,Nacional,12
L002935,F0064,2025-07-18,137.6,Caturra,Estados_Unidos,4
L002936,F0022,2026-08-20,148.1,Catimor,Belgica,14
L002937,F0009,2025-06-08,130.9,Typica,Nacional,20
L002938,F0118,2025-07-10,75.2,Catimor,Alemania,11
L002939,F0018,2026-05-29,115.1,Bourbon,Alemania,9
L002940,F0096,2026-05-23,187.0,Catimor,Paises_Bajos,15
L002941,F0086,2026-07-27,282.5,Caturra,Francia,5
L002942,F0012,2026-03-25,130.5,Caturra,Alemania,17
L002943,F0061,2026-08-16,169.5,Catimor,Japon,19
L002944,F0044,2025-06-03,58.0,Bourbon,Francia,18
L002945,F0078,2025-09-25,116.9,Catimor,Alemania,13
L002946,F0078,2026-05-09,84.3,Bourbon,Belgica,4
L002947,F0038,2025-06-01,67.2,Bourbon,Francia,16
L002948,F0049,2026-07-08,44.6,Catimor,Belgica,19
L002949,F0004,2025-04-01,122.9,Caturra,Nacional,15
L002950,F0016,2025-08-02,119.5,Caturra,Estados_Unidos,5
L002951,F0114,2026-05-19,138.0,Bourbon,Belgica,15
L002952,F0054,2026-04-11,130.5,Bourbon,Belgica,20
L002953,F0031,2026-05-08,85.9,Typica,Francia,10
L002954,F0062,2026-06-05,271.1,Caturra,Alemania,9
L002955,F0111,2026-08-29,244.5,Bourbon,Francia,16
L002956,F0049,2026-04-16,283.7,Catimor,Paises_Bajos,15
L002957,F0063,2026-05-14,219.0,Typica,Nacional,13
L002958,F0010,2025-07-12,71.6,Bourbon,Francia,6
L002959,F0066,2025-04-28,185.8,Catimor,Francia,6
L002960,F0005,2025-05-13,100.6,Caturra,Francia,9
L002961,F0001,2025-07-18,172.3,Catimor,Paises_Bajos,6
L002962,F0070,2026-07-14,204.5,Catimor,Francia,16
L002963,F0039,2025-08-14,111.3,Caturra,Paises_Bajos,9
L002964,F0022,2025-02-03,103.5,Bourbon,Alemania,19
L002965,F0023,2026-01-21,141.8,Caturra,Alemania,17
L002966,F0062,2025-04-12,214.1,Catimor,Paises_Bajos,18
L002967,F0020,2026-08-01,261.5,Caturra,Nacional,11
L002968,F0083,2025-09-19,199.2,Bourbon,Francia,6
L002969,F0119,2025-08-20,104.9,Catimor,Francia,18
L002970,F0078,2026-07-20,100.2,Bourbon,Estados_Unidos,19
L002971,F0053,2026-04-20,47.4,Typica,Paises_Bajos,18
L002972,F0094,2025-07-18,43.4,Caturra,Paises_Bajos,5
L002973,F0054,2025-07-29,189.3,Caturra,Estados_Unidos,18
L002974,F0095,2026-05-12,225.9,Bourbon,Alemania,5
L002975,F0006,2026-04-11,184.6,Typica,Estados_Unidos,6
L002976,F0072,2025-08-21,228.1,Geisha,Paises_Bajos,7
L002977,F0096,2025-07-27,183.9,Bourbon,Alemania,15
L002978,F0093,2025-04-15,88.5,Catimor,Francia,7
L002979,F0026,2026-06-18,93.5,Bourbon,Alemania,20
L002980,F0056,2026-06-23,184.1,Typica,Belgica,15
L002981,F0038,2026-02-19,137.4,Caturra,Alemania,6
L002982,F0056,2025-05-07,128.9,Bourbon,Belgica,15
L002983,F0098,2026-04-22,152.2,Bourbon,Alemania,19
L002984,F0023,2026-06-23,61.7,Caturra,Francia,7
L002985,F0104,2025-08-26,172.7,Catimor,Francia,10
L002986,F0082,2026-07-03,128.0,Typica,Alemania,10
L002987,F0099,2026-07-29,105.6,Typica,Estados_Unidos,20
L002988,F0071,2025-07-30,27.3,Caturra,Paises_Bajos,5
L002989,F0114,2025-09-05,101.8,Caturra,Belgica,18
L002990,F0070,2026-04-07,145.6,Caturra,Nacional,11
L002991,F0107,2025-07-02,136.8,Geisha,Belgica,5
L002992,F0017,2026-05-04,117.3,Bourbon,Francia,7
L002993,F0033,2025-06-04,139.7,Typica,Japon,11
L002994,F0070,2026-01-08,224.9,Catimor,Nacional,18
L002995,F0098,2025-03-30,222.1,Catimor,Belgica,8
L002996,F0087,2025-04-20,120.0,Geisha,Paises_Bajos,16
L002997,F0021,2025-05-20,194.9,Caturra,Francia,5
L002998,F0068,2025-11-30,84.4,Catimor,Alemania,13
L002999,F0071,2025-08-21,144.7,Caturra,Alemania,20
L003000,F0072,2026-08-31,111.4,Catimor,Belgica,5
L003001,F0096,2026-05-29,80.3,Bourbon,Belgica,9
L003002,F0051,2025-05-12,49.3,Caturra,Estados_Unidos,5
L003003,F0114,2025-08-26,307.6,Catimor,Alemania,19
L003004,F0004,2026-04-02,136.8,Bourbon,Nacional,9
L003005,F0006,2025-10-14,114.0,Typica,Paises_Bajos,8
L003006,F0067,2025-04-17,163.7,Caturra,Nacional,19
L003007,F0074,2025-05-01,112.7,Typica,Francia,15
L003008,F0069,2026-06-29,150.6,Caturra,Estados_Unidos,20
L003009,F0033,2026-03-01,45.0,Catimor,Belgica,13
L003010,F0040,2025-06-29,46.5,Caturra,Francia,14
L003011,F0084,2025-04-02,210.0,Typica,Alemania,16
L003012,F0027,2025-08-31,232.8,Geisha,Paises_Bajos,8
L003013,F0044,2025-09-24,148.8,Typica,Francia,6
L003014,F0002,2026-07-13,52.1,Caturra,Nacional,12
L003015,F0110,2025-04-09,334.6,Caturra,Alemania,18
L003016,F0094,2026-04-11,94.6,Catimor,Japon,12
L003017,F0022,2026-06-14,137.0,Caturra,Nacional,13
L003018,F0019,2025-04-27,114.7,Bourbon,Paises_Bajos,18
L003019,F0095,2026-01-31,104.2,Bourbon,Alemania,8
L003020,F0076,2026-06-17,99.2,Bourbon,Francia,4
L003021,F0071,2026-07-30,180.3,Catimor,Alemania,13
L003022,F0062,2025-06-18,315.1,Caturra,Francia,20
L003023,F0040,2026-08-01,145.1,Caturra,Paises_Bajos,12
L003024,F0119,2026-05-16,156.2,Bourbon,Belgica,13
L003025,F0017,2025-07-13,98.8,Caturra,Belgica,10
L003026,F0054,2026-01-26,158.1,Caturra,Belgica,7
L003027,F0002,2025-07-30,92.9,Bourbon,Japon,4
L003028,F0050,2026-08-30,89.6,Catimor,Nacional,8
L003029,F0063,2025-09-20,79.4,Typica,Francia,4
L003030,F0018,2025-06-08,43.0,Bourbon,Belgica,13
L003031,F0017,2025-04-27,165.8,Caturra,Estados_Unidos,17
L003032,F0066,2025-11-18,86.2,Catimor,Alemania,11
L003033,F0037,2026-04-27,168.1,Bourbon,Paises_Bajos,5
L003034,F0053,2025-08-10,131.1,Caturra,Estados_Unidos,13
L003035,F0072,2025-06-07,73.1,Caturra,Francia,20
L003036,F0078,2025-06-20,150.4,Caturra,Belgica,7
L003037,F0067,2026-08-23,232.2,Caturra,Francia,19
L003038,F0018,2025-07-30,177.0,Caturra,Nacional,5
L003039,F0045,2025-07-06,123.4,Bourbon,Estados_Unidos,6
L003040,F0074,2025-07-07,136.9,Caturra,Alemania,12
L003041,F0055,2025-10-17,165.7,Bourbon,Estados_Unidos,14
L003042,F0002,2026-04-02,124.7,Caturra,Francia,20
L003043,F0110,2025-05-02,220.7,Caturra,Francia,15
L003044,F0071,2026-04-12,106.7,Caturra,Nacional,16
L003045,F0083,2025-11-16,53.9,Typica,Nacional,17
L003046,F0055,2026-08-30,134.8,Catimor,Estados_Unidos,18
L003047,F0070,2026-06-09,111.8,Caturra,Paises_Bajos,8
L003048,F0098,2025-04-20,159.8,Typica,Alemania,12
L003049,F0102,2026-05-05,195.6,Typica,Alemania,11
L003050,F0053,2025-05-16,171.7,Bourbon,Estados_Unidos,5
L003051,F0044,2025-09-20,101.1,Bourbon,Estados_Unidos,15
L003052,F0030,2026-06-03,217.1,Caturra,Nacional,8
L003053,F0113,2026-01-10,112.0,Caturra,Paises_Bajos,20
L003054,F0104,2026-05-26,127.9,Catimor,Nacional,20
L003055,F0034,2026-06-14,224.2,Catimor,Estados_Unidos,11
L003056,F0072,2025-07-07,238.5,Caturra,Estados_Unidos,9
L003057,F0003,2026-08-19,164.0,Bourbon,Estados_Unidos,10
L003058,F0060,2026-04-25,178.3,Bourbon,Belgica,4
L003059,F0081,2025-08-28,126.7,Bourbon,Alemania,20
L003060,F0062,2025-04-11,238.8,Catimor,Nacional,14
L003061,F0071,2026-06-01,194.4,Bourbon,Francia,5
L003062,F0040,2025-07-30,224.6,Geisha,Paises_Bajos,17
L003063,F0046,2026-04-28,286.5,Bourbon,Belgica,20
L003064,F0108,2025-07-08,83.9,Geisha,Alemania,8
L003065,F0044,2025-09-06,110.1,Catimor,Japon,19
L003066,F0033,2025-04-02,227.2,Catimor,Paises_Bajos,6
L003067,F0109,2025-06-28,173.0,Caturra,Alemania,7
L003068,F0056,2025-05-30,272.7,Geisha,Nacional,19
L003069,F0018,2025-05-21,123.2,Typica,Estados_Unidos,9
L003070,F0067,2025-06-19,299.8,Caturra,Francia,12
L003071,F0043,2025-02-27,62.2,Bourbon,Nacional,19
L003072,F0096,2025-05-20,188.7,Caturra,Francia,5
L003073,F0002,2025-08-22,97.6,Caturra,Estados_Unidos,5
L003074,F0004,2025-04-11,101.7,Bourbon,Paises_Bajos,10
L003075,F0055,2026-08-09,185.2,Bourbon,Francia,11
L003076,F0039,2025-07-13,54.0,Bourbon,Francia,17
L003077,F0118,2025-04-30,186.0,Catimor,Francia,11
L003078,F0051,2025-12-20,103.9,Catimor,Nacional,12
L003079,F0061,2025-04-22,172.1,Bourbon,Belgica,9
L003080,F0069,2025-04-27,123.3,Bourbon,Estados_Unidos,12
L003081,F0018,2025-06-21,88.8,Catimor,Estados_Unidos,19
L003082,F0026,2025-04-18,90.9,Catimor,Japon,18
L003083,F0053,2026-07-12,297.1,Typica,Paises_Bajos,10
L003084,F0112,2026-08-22,180.5,Bourbon,Alemania,19
L003085,F0008,2025-07-22,128.4,Catimor,Alemania,12
L003086,F0068,2025-08-24,104.6,Caturra,Estados_Unidos,8
L003087,F0086,2026-08-03,77.2,Bourbon,Japon,15
L003088,F0026,2026-07-10,95.5,Typica,Nacional,11
L003089,F0081,2026-05-16,255.1,Typica,Alemania,7
L003090,F0009,2025-06-29,75.2,Caturra,Belgica,9
L003091,F0093,2026-07-23,266.8,Caturra,Paises_Bajos,17
L003092,F0070,2025-07-17,186.7,Bourbon,Francia,12
L003093,F0099,2025-04-18,95.2,Caturra,Paises_Bajos,12
L003094,F0020,2026-07-08,133.1,Catimor,Alemania,10
L003095,F0066,2025-09-22,107.2,Catimor,Belgica,12
L003096,F0021,2025-06-18,206.7,Typica,Alemania,13
L003097,F0002,2025-04-09,67.3,Catimor,Belgica,18
L003098,F0005,2026-04-17,118.9,Caturra,Japon,19
L003099,F0004,2025-08-08,178.1,Bourbon,Paises_Bajos,11
L003100,F0029,2025-08-25,119.5,Bourbon,Paises_Bajos,12
L003101,F0008,2025-09-03,210.2,Caturra,Francia,16
L003102,F0029,2026-08-27,118.9,Typica,Paises_Bajos,10
L003103,F0012,2026-05-26,269.2,Typica,Estados_Unidos,12
L003104,F0062,2025-07-25,107.1,Catimor,Nacional,9
L003105,F0106,2026-01-28,66.7,Typica,Belgica,14
L003106,F0089,2026-06-15,138.8,Catimor,Belgica,9
L003107,F0055,2026-04-17,146.8,Catimor,Alemania,19
L003108,F0087,2025-04-19,130.5,Bourbon,Alemania,20
L003109,F0038,2025-08-06,95.8,Bourbon,Paises_Bajos,19
L003110,F0033,2026-04-19,101.0,Typica,Belgica,18
L003111,F0064,2026-05-19,460.0,Catimor,Japon,4
L003112,F0042,2025-04-08,185.6,Bourbon,Alemania,9
L003113,F0074,2026-07-12,107.9,Catimor,Francia,19
L003114,F0061,2025-08-02,94.9,Bourbon,Belgica,15
L003115,F0039,2025-07-08,55.3,Caturra,Nacional,5
L003116,F0006,2025-05-16,55.5,Bourbon,Alemania,14
L003117,F0030,2026-06-06,135.2,Catimor,Francia,14
L003118,F0067,2026-06-11,123.2,Bourbon,Estados_Unidos,20
L003119,F0039,2026-05-11,209.8,Caturra,Nacional,20
L003120,F0012,2026-08-21,140.9,Caturra,Estados_Unidos,6
L003121,F0083,2025-04-23,139.2,Geisha,Japon,7
L003122,F0005,2025-06-23,115.8,Catimor,Paises_Bajos,14
L003123,F0051,2025-05-13,270.7,Catimor,Francia,19
L003124,F0094,2025-09-03,158.5,Caturra,Francia,18
L003125,F0025,2026-05-25,182.8,Typica,Nacional,8
L003126,F0055,2026-07-07,148.2,Caturra,Belgica,7
L003127,F0106,2025-06-05,157.3,Caturra,Nacional,14
L003128,F0111,2026-08-30,202.5,Typica,Belgica,6
L003129,F0113,2025-06-24,82.6,Caturra,Estados_Unidos,7
L003130,F0112,2025-04-10,206.2,Geisha,Estados_Unidos,16
L003131,F0029,2026-04-20,180.1,Catimor,Belgica,11
L003132,F0012,2026-06-27,193.0,Bourbon,Francia,5
L003133,F0109,2025-07-17,133.7,Bourbon,Alemania,8
L003134,F0098,2025-07-16,165.9,Caturra,Alemania,20
L003135,F0047,2026-04-12,129.6,Bourbon,Japon,6
L003136,F0106,2025-06-13,249.5,Catimor,Japon,12
L003137,F0080,2025-09-20,146.7,Caturra,Estados_Unidos,5
L003138,F0033,2025-09-26,77.3,Geisha,Paises_Bajos,4
L003139,F0074,2025-09-30,192.1,Geisha,Nacional,4
L003140,F0064,2026-06-28,289.0,Caturra,Francia,11
L003141,F0001,2026-05-02,164.5,Bourbon,Nacional,20
L003142,F0093,2025-01-19,221.4,Caturra,Japon,19
L003143,F0045,2025-04-20,112.2,Geisha,Alemania,16
L003144,F0074,2025-05-18,161.4,Caturra,Nacional,17
L003145,F0040,2026-07-03,219.3,Bourbon,Francia,20
L003146,F0019,2026-07-03,188.2,Typica,Belgica,4
L003147,F0109,2026-02-11,134.7,Typica,Japon,19
L003148,F0013,2026-05-28,89.2,Bourbon,Japon,18
L003149,F0007,2025-06-25,402.2,Caturra,Estados_Unidos,13
L003150,F0081,2025-09-21,123.6,Caturra,Belgica,5
L003151,F0044,2025-05-23,126.4,Caturra,Alemania,4
L003152,F0049,2026-04-03,102.6,Bourbon,Francia,6
L003153,F0108,2026-05-23,244.0,Caturra,Belgica,9
L003154,F0060,2026-06-21,175.1,Typica,Estados_Unidos,7
L003155,F0075,2026-04-13,204.3,Caturra,Estados_Unidos,18
L003156,F0019,2025-08-11,76.1,Bourbon,Alemania,20
L003157,F0031,2026-04-08,201.7,Bourbon,Alemania,17
L003158,F0098,2026-07-18,125.0,Caturra,Alemania,20
L003159,F0107,2026-06-17,32.6,Bourbon,Nacional,19
L003160,F0043,2025-06-23,336.3,Typica,Belgica,10
L003161,F0095,2026-07-06,170.6,Bourbon,Japon,19
L003162,F0091,2025-12-23,164.4,Bourbon,Francia,11
L003163,F0033,2026-04-04,260.7,Typica,Estados_Unidos,13
L003164,F0071,2026-06-10,157.4,Caturra,Francia,4
L003165,F0062,2025-06-17,131.3,Typica,Belgica,6
L003166,F0070,2025-04-01,71.7,Caturra,Alemania,6
L003167,F0027,2025-07-18,110.5,Caturra,Alemania,16
L003168,F0076,2026-08-22,127.3,Typica,Alemania,8
L003169,F0102,2025-09-01,389.8,Bourbon,Nacional,19
L003170,F0095,2026-04-01,160.5,Caturra,Estados_Unidos,16
L003171,F0093,2026-02-09,155.8,Typica,Francia,10
L003172,F0042,2025-08-05,231.1,Catimor,Francia,15
L003173,F0099,2025-12-24,247.1,Bourbon,Japon,19
L003174,F0031,2026-06-07,67.3,Caturra,Alemania,20
L003175,F0061,2025-09-08,104.8,Caturra,Alemania,8
L003176,F0116,2026-04-12,81.7,Bourbon,Belgica,11
L003177,F0086,2025-07-31,123.2,Catimor,Nacional,19
L003178,F0053,2026-05-28,93.0,Typica,Japon,11
L003179,F0050,2025-07-21,91.2,Caturra,Paises_Bajos,9
L003180,F0039,2026-08-18,239.0,Caturra,Paises_Bajos,9
L003181,F0106,2026-05-13,209.0,Typica,Estados_Unidos,20
L003182,F0026,2026-03-15,103.6,Bourbon,Belgica,13
L003183,F0044,2025-07-12,37.2,Caturra,Nacional,8
L003184,F0073,2026-08-24,81.7,Typica,Alemania,20
L003185,F0037,2025-07-06,129.9,Caturra,Paises_Bajos,16
L003186,F0098,2025-02-16,86.2,Bourbon,Paises_Bajos,6
L003187,F0095,2025-08-06,169.3,Typica,Paises_Bajos,8
L003188,F0104,2026-04-06,25.0,Bourbon,Francia,6
L003189,F0038,2026-07-19,220.2,Typica,Belgica,16
L003190,F0025,2025-07-18,96.4,Typica,Nacional,6
L003191,F0104,2025-09-19,175.6,Catimor,Estados_Unidos,5
L003192,F0076,2026-05-23,139.3,Caturra,Paises_Bajos,9
L003193,F0099,2025-08-03,96.7,Catimor,Francia,19
L003194,F0111,2026-06-12,258.1,Geisha,Belgica,12
L003195,F0039,2026-06-04,112.2,Caturra,Belgica,13
L003196,F0072,2026-07-16,156.8,Caturra,Estados_Unidos,8
L003197,F0119,2025-06-20,70.7,Typica,Nacional,20
L003198,F0038,2025-05-31,220.3,Catimor,Belgica,19
L003199,F0104,2026-04-27,215.9,Caturra,Francia,19
L003200,F0086,2025-08-16,104.5,Caturra,Belgica,5
L003201,F0038,2025-07-14,142.9,Catimor,Alemania,11
L003202,F0043,2026-04-19,374.9,Catimor,Alemania,8
L003203,F0096,2025-06-19,207.7,Geisha,Belgica,17
L003204,F0043,2025-03-07,89.9,Typica,Japon,6
L003205,F0096,2026-06-26,103.1,Catimor,Estados_Unidos,6
L003206,F0029,2026-08-17,111.7,Catimor,Estados_Unidos,10
L003207,F0008,2026-03-26,81.5,Typica,Belgica,14
L003208,F0066,2025-01-25,295.1,Typica,Japon,13
L003209,F0021,2026-05-26,150.8,Catimor,Nacional,4
L003210,F0016,2026-08-01,48.1,Caturra,Belgica,20
L003211,F0119,2025-09-17,91.9,Catimor,Japon,5
L003212,F0049,2025-05-17,262.0,Caturra,Nacional,15
L003213,F0098,2025-05-05,96.7,Typica,Belgica,10
L003214,F0008,2026-08-09,158.9,Caturra,Alemania,7
L003215,F0068,2026-06-12,91.7,Caturra,Belgica,7
L003216,F0078,2025-05-18,108.7,Catimor,Paises_Bajos,5
L003217,F0040,2026-06-21,28.8,Typica,Paises_Bajos,13
L003218,F0072,2025-07-19,167.7,Bourbon,Belgica,10
L003219,F0099,2025-07-24,104.2,Caturra,Paises_Bajos,7
L003220,F0068,2026-07-22,171.6,Catimor,Francia,6
L003221,F0118,2025-08-14,104.0,Typica,Paises_Bajos,9
L003222,F0003,2026-05-25,275.2,Bourbon,Paises_Bajos,12
L003223,F0031,2025-06-26,255.0,Caturra,Alemania,9
L003224,F0119,2025-06-18,54.2,Bourbon,Belgica,13
L003225,F0047,2025-01-25,26.6,Caturra,Nacional,6
L003226,F0063,2025-09-21,243.5,Catimor,Estados_Unidos,4
L003227,F0001,2025-05-04,158.7,Bourbon,Paises_Bajos,19
L003228,F0106,2025-07-12,58.7,Bourbon,Paises_Bajos,10
L003229,F0069,2026-04-21,199.6,Typica,Paises_Bajos,14
L003230,F0016,2025-09-26,210.1,Caturra,Alemania,13
L003231,F0010,2026-05-30,226.7,Typica,Belgica,20
L003232,F0044,2026-05-17,114.8,Catimor,Belgica,6
L003233,F0099,2026-08-21,246.1,Caturra,Alemania,13
L003234,F0064,2025-07-27,166.4,Typica,Francia,18
L003235,F0009,2025-06-05,122.6,Bourbon,Francia,8
L003236,F0014,2026-08-28,147.5,Catimor,Alemania,5
L003237,F0068,2025-07-25,202.0,Caturra,Paises_Bajos,13
L003238,F0025,2025-11-04,235.1,Caturra,Paises_Bajos,8
L003239,F0010,2025-04-24,120.9,Catimor,Estados_Unidos,7
L003240,F0116,2025-06-19,111.8,Caturra,Estados_Unidos,6
L003241,F0025,2025-05-27,241.2,Typica,Nacional,15
L003242,F0025,2026-08-20,260.2,Catimor,Paises_Bajos,10
L003243,F0010,2025-05-24,113.3,Typica,Estados_Unidos,6
L003244,F0024,2025-05-19,187.9,Catimor,Francia,18
L003245,F0080,2026-06-16,129.4,Typica,Japon,14
L003246,F0006,2025-06-13,190.2,Catimor,Francia,7
L003247,F0012,2025-07-08,233.3,Typica,Nacional,10
L003248,F0101,2025-06-04,86.6,Typica,Belgica,9
L003249,F0088,2025-08-04,120.3,Catimor,Francia,8
L003250,F0105,2026-04-06,83.4,Catimor,Paises_Bajos,9
L003251,F0060,2025-08-20,130.0,Bourbon,Estados_Unidos,7
L003252,F0019,2026-04-04,178.1,Typica,Belgica,16
L003253,F0105,2025-02-25,277.8,Catimor,Alemania,7
L003254,F0025,2025-05-01,83.6,Bourbon,Alemania,5
L003255,F0045,2025-07-01,95.6,Caturra,Alemania,14
L003256,F0013,2025-06-24,165.6,Bourbon,Francia,5
L003257,F0095,2025-06-04,307.0,Caturra,Estados_Unidos,20
L003258,F0029,2025-07-01,130.8,Caturra,Paises_Bajos,11
L003259,F0084,2026-08-13,149.9,Caturra,Francia,9
L003260,F0090,2026-08-14,234.7,Bourbon,Estados_Unidos,10
L003261,F0067,2025-08-30,175.7,Catimor,Francia,18
L003262,F0060,2025-09-16,87.2,Caturra,Estados_Unidos,12
L003263,F0106,2026-02-10,93.8,Typica,Alemania,18
L003264,F0113,2026-06-23,92.1,Typica,Belgica,17
L003265,F0029,2025-11-04,146.3,Caturra,Belgica,5
L003266,F0055,2025-05-24,180.1,Caturra,Nacional,18
L003267,F0108,2025-09-10,176.9,Caturra,Belgica,12
L003268,F0076,2026-05-06,110.6,Caturra,Estados_Unidos,4
L003269,F0080,2025-08-28,155.3,Caturra,Estados_Unidos,12
L003270,F0040,2025-06-07,103.1,Typica,Estados_Unidos,14
L003271,F0019,2025-06-09,109.1,Caturra,Paises_Bajos,6
L003272,F0010,2025-09-03,177.1,Bourbon,Belgica,19
L003273,F0099,2026-05-31,98.4,Bourbon,Nacional,4
L003274,F0081,2025-04-04,95.9,Typica,Alemania,12
L003275,F0056,2026-08-01,115.8,Bourbon,Paises_Bajos,8
L003276,F0008,2025-07-26,177.1,Bourbon,Nacional,5
L003277,F0090,2026-08-13,119.0,Caturra,Nacional,6
L003278,F0072,2025-10-27,123.5,Caturra,Francia,5
L003279,F0086,2025-04-12,88.8,Caturra,Paises_Bajos,19
L003280,F0068,2026-04-26,106.0,Caturra,Japon,8
L003281,F0029,2025-06-07,123.4,Geisha,Belgica,10
L003282,F0004,2026-06-06,194.3,Geisha,Alemania,8
L003283,F0102,2025-09-30,158.8,Caturra,Alemania,6
L003284,F0094,2025-08-01,80.3,Typica,Francia,11
L003285,F0012,2025-08-22,60.4,Caturra,Francia,9
L003286,F0107,2025-08-20,186.7,Bourbon,Alemania,16
L003287,F0003,2025-10-14,106.4,Bourbon,Estados_Unidos,15
L003288,F0043,2025-07-18,113.0,Catimor,Belgica,12
L003289,F0017,2026-06-06,281.0,Caturra,Belgica,7
L003290,F0067,2026-01-08,102.2,Bourbon,Estados_Unidos,11
L003291,F0105,2026-05-31,196.7,Caturra,Alemania,20
L003292,F0082,2026-04-04,68.6,Bourbon,Francia,13
L003293,F0099,2025-03-24,93.7,Catimor,Paises_Bajos,15
L003294,F0059,2026-06-29,130.5,Bourbon,Francia,18
L003295,F0072,2026-04-17,288.3,Typica,Nacional,4
L003296,F0073,2025-08-12,79.7,Typica,Alemania,16
L003297,F0046,2026-04-19,229.6,Typica,Belgica,5
L003298,F0039,2025-07-08,177.3,Bourbon,Nacional,18
L003299,F0021,2026-07-26,122.7,Bourbon,Belgica,6
L003300,F0010,2026-04-11,65.4,Bourbon,Alemania,7
L003301,F0017,2026-05-05,108.8,Caturra,Belgica,13
L003302,F0120,2025-04-27,118.5,Caturra,Nacional,12
L003303,F0018,2025-09-29,113.8,Bourbon,Belgica,4
L003304,F0107,2026-01-26,73.8,Catimor,Paises_Bajos,6
L003305,F0061,2025-05-29,79.1,Bourbon,Nacional,4
L003306,F0031,2025-05-24,53.6,Caturra,Japon,12
L003307,F0034,2025-10-29,349.7,Bourbon,Belgica,7
L003308,F0040,2025-09-18,100.1,Caturra,Francia,5
L003309,F0073,2026-05-24,143.0,Caturra,Alemania,19
L003310,F0101,2025-05-02,86.3,Bourbon,Belgica,20
L003311,F0093,2026-04-27,115.5,Bourbon,Estados_Unidos,7
L003312,F0049,2026-07-13,121.0,Caturra,Alemania,6
L003313,F0029,2025-04-18,95.1,Caturra,Alemania,17
L003314,F0042,2026-03-19,108.8,Bourbon,Nacional,10
L003315,F0085,2025-01-17,147.3,Geisha,Estados_Unidos,8
L003316,F0076,2026-07-08,82.2,Catimor,Alemania,10
L003317,F0033,2025-06-08,59.3,Catimor,Belgica,12
L003318,F0104,2026-08-30,179.4,Caturra,Nacional,11
L003319,F0012,2026-08-05,168.4,Bourbon,Francia,10
L003320,F0038,2026-04-18,126.1,Caturra,Paises_Bajos,16
L003321,F0010,2025-05-16,73.0,Bourbon,Francia,11
L003322,F0061,2026-05-03,160.3,Catimor,Paises_Bajos,16
L003323,F0007,2026-08-29,49.3,Catimor,Francia,7
L003324,F0090,2026-06-28,123.3,Caturra,Francia,14
L003325,F0023,2025-01-21,64.6,Caturra,Estados_Unidos,4
L003326,F0055,2026-04-03,117.1,Caturra,Paises_Bajos,17
L003327,F0024,2025-04-19,113.3,Geisha,Japon,19
L003328,F0072,2025-05-13,193.6,Typica,Francia,8
L003329,F0043,2025-06-17,134.8,Caturra,Japon,7
L003330,F0093,2026-07-14,164.4,Catimor,Estados_Unidos,9
L003331,F0003,2025-01-25,162.9,Catimor,Nacional,7
L003332,F0066,2025-06-11,113.1,Typica,Paises_Bajos,7
L003333,F0084,2026-06-26,193.4,Geisha,Alemania,14
L003334,F0118,2025-07-15,196.5,Caturra,Francia,12
L003335,F0014,2025-04-23,264.9,Geisha,Alemania,11
L003336,F0060,2026-08-12,122.6,Typica,Paises_Bajos,18
L003337,F0026,2025-06-22,267.4,Geisha,Estados_Unidos,18
L003338,F0054,2026-07-20,79.3,Caturra,Belgica,12
L003339,F0039,2026-08-16,207.1,Bourbon,Paises_Bajos,10
L003340,F0003,2025-06-23,129.6,Caturra,Nacional,5
L003341,F0027,2025-12-13,180.0,Geisha,Japon,13
L003342,F0102,2025-06-16,96.5,Bourbon,Nacional,19
L003343,F0047,2026-08-07,70.0,Caturra,Paises_Bajos,5
L003344,F0070,2026-04-08,124.8,Caturra,Francia,18
L003345,F0008,2025-07-22,131.5,Typica,Alemania,8
L003346,F0027,2026-06-15,130.1,Catimor,Alemania,15
L003347,F0120,2025-04-29,47.9,Catimor,Paises_Bajos,13
L003348,F0054,2025-07-07,194.1,Bourbon,Japon,17
L003349,F0088,2025-06-24,64.7,Catimor,Estados_Unidos,19
L003350,F0118,2026-03-21,209.9,Typica,Francia,10
L003351,F0016,2026-08-11,88.2,Typica,Belgica,8
L003352,F0020,2026-04-20,117.5,Caturra,Japon,11
L003353,F0020,2025-06-25,61.2,Caturra,Japon,19
L003354,F0016,2025-07-27,146.0,Catimor,Nacional,14
L003355,F0025,2026-03-29,156.3,Typica,Estados_Unidos,8
L003356,F0003,2025-04-11,103.5,Bourbon,Japon,13
L003357,F0002,2025-09-03,88.3,Bourbon,Estados_Unidos,11
L003358,F0053,2025-05-07,81.4,Bourbon,Francia,10
L003359,F0045,2026-07-01,113.2,Typica,Paises_Bajos,12
L003360,F0113,2025-08-02,134.8,Caturra,Alemania,4
L003361,F0084,2026-07-14,138.2,Caturra,Estados_Unidos,12
L003362,F0012,2026-08-03,413.5,Bourbon,Alemania,5
L003363,F0024,2026-05-05,163.7,Bourbon,Nacional,5
L003364,F0028,2026-04-21,82.1,Caturra,Nacional,6
L003365,F0119,2025-04-09,143.2,Bourbon,Paises_Bajos,5
L003366,F0001,2026-04-18,170.5,Caturra,Estados_Unidos,5
L003367,F0061,2026-08-30,110.3,Catimor,Nacional,13
L003368,F0112,2025-05-30,86.4,Bourbon,Nacional,13
L003369,F0043,2025-08-22,228.2,Bourbon,Nacional,14
L003370,F0064,2025-04-14,190.9,Bourbon,Belgica,10
L003371,F0108,2026-02-23,122.0,Bourbon,Francia,9
L003372,F0105,2026-07-26,111.0,Typica,Estados_Unidos,4
L003373,F0118,2026-06-30,103.5,Geisha,Alemania,4
L003374,F0120,2025-06-06,250.3,Geisha,Japon,8
L003375,F0002,2026-08-13,107.4,Bourbon,Estados_Unidos,6
L003376,F0116,2025-05-14,125.1,Catimor,Alemania,5
L003377,F0039,2025-05-30,179.0,Geisha,Paises_Bajos,9
L003378,F0114,2026-02-11,86.6,Caturra,Belgica,19
L003379,F0039,2025-09-15,95.2,Catimor,Nacional,9
L003380,F0075,2025-07-27,175.4,Bourbon,Estados_Unidos,18
L003381,F0050,2025-09-14,274.5,Bourbon,Estados_Unidos,11
L003382,F0068,2026-06-28,49.9,Catimor,Belgica,8
L003383,F0061,2026-07-10,216.0,Catimor,Paises_Bajos,10
L003384,F0017,2025-08-28,202.7,Catimor,Paises_Bajos,16
L003385,F0071,2025-05-04,120.7,Bourbon,Alemania,18
L003386,F0060,2025-08-24,101.4,Bourbon,Alemania,14
L003387,F0109,2026-07-28,130.3,Bourbon,Estados_Unidos,20
L003388,F0054,2025-08-08,193.6,Caturra,Nacional,15
L003389,F0040,2026-06-17,96.2,Bourbon,Nacional,12
L003390,F0073,2025-10-06,264.8,Catimor,Francia,19
L003391,F0101,2026-07-24,73.1,Caturra,Francia,14
L003392,F0093,2025-09-15,147.2,Catimor,Belgica,20
L003393,F0069,2025-05-26,195.3,Catimor,Paises_Bajos,10
L003394,F0101,2026-04-30,50.5,Bourbon,Francia,15
L003395,F0054,2025-09-14,233.5,Typica,Francia,10
L003396,F0066,2025-04-01,97.8,Geisha,Alemania,19
L003397,F0070,2026-04-11,224.7,Typica,Paises_Bajos,10
L003398,F0116,2026-06-29,147.0,Bourbon,Alemania,6
L003399,F0101,2026-06-01,88.9,Caturra,Belgica,14
L003400,F0020,2026-03-15,214.1,Caturra,Francia,16
L003401,F0051,2026-07-20,116.9,Catimor,Paises_Bajos,4
L003402,F0111,2026-04-04,199.5,Typica,Japon,8
L003403,F0116,2025-07-31,132.0,Catimor,Alemania,4
L003404,F0091,2026-04-22,55.8,Typica,Francia,15
L003405,F0110,2026-08-04,122.2,Caturra,Nacional,17
L003406,F0004,2025-07-23,87.4,Caturra,Alemania,13
L003407,F0102,2025-05-11,118.3,Catimor,Nacional,15
L003408,F0060,2025-09-20,55.9,Catimor,Paises_Bajos,10
L003409,F0012,2025-09-08,243.7,Typica,Estados_Unidos,19
L003410,F0051,2025-05-21,92.6,Bourbon,Francia,6
L003411,F0010,2025-07-06,212.7,Typica,Alemania,19
L003412,F0047,2025-09-10,72.9,Bourbon,Belgica,17
L003413,F0072,2025-07-17,209.0,Caturra,Estados_Unidos,18
L003414,F0012,2026-05-14,65.8,Bourbon,Alemania,17
L003415,F0044,2026-05-04,362.2,Caturra,Nacional,7
L003416,F0114,2025-01-26,189.2,Bourbon,Estados_Unidos,7
L003417,F0085,2025-02-06,91.3,Caturra,Belgica,11
L003418,F0002,2026-04-24,96.0,Typica,Alemania,17
L003419,F0088,2025-06-10,85.8,Caturra,Paises_Bajos,14
L003420,F0008,2026-05-14,197.7,Catimor,Nacional,4
L003421,F0080,2025-06-06,90.1,Bourbon,Estados_Unidos,17
L003422,F0037,2025-05-29,71.0,Typica,Paises_Bajos,8
L003423,F0053,2026-02-06,248.4,Bourbon,Francia,17
L003424,F0004,2026-08-12,121.6,Bourbon,Alemania,20
L003425,F0002,2025-07-10,178.7,Catimor,Francia,17
L003426,F0099,2026-07-14,215.0,Geisha,Estados_Unidos,8
L003427,F0116,2026-07-12,263.6,Caturra,Paises_Bajos,14
L003428,F0074,2025-09-23,82.7,Caturra,Estados_Unidos,8
L003429,F0110,2025-07-13,116.2,Caturra,Paises_Bajos,6
L003430,F0061,2026-04-02,116.2,Catimor,Belgica,6
L003431,F0077,2026-07-23,119.4,Geisha,Nacional,17
L003432,F0085,2026-08-27,138.1,Typica,Paises_Bajos,16
L003433,F0009,2026-07-05,171.9,Catimor,Estados_Unidos,17
L003434,F0114,2026-07-20,75.8,Catimor,Nacional,15
L003435,F0113,2025-08-25,72.0,Caturra,Nacional,6
L003436,F0063,2025-09-12,25.0,Typica,Alemania,4
L003437,F0043,2026-04-02,110.7,Bourbon,Belgica,20
L003438,F0026,2026-04-25,164.1,Catimor,Paises_Bajos,12
L003439,F0050,2025-02-28,75.5,Caturra,Alemania,14
L003440,F0095,2025-06-26,204.7,Bourbon,Estados_Unidos,8
L003441,F0006,2025-08-31,149.1,Caturra,Belgica,4
L003442,F0109,2025-07-17,79.3,Caturra,Francia,13
L003443,F0024,2025-05-28,91.7,Bourbon,Nacional,20
L003444,F0073,2025-07-03,28.5,Typica,Alemania,6
L003445,F0040,2025-07-12,153.9,Typica,Alemania,12
L003446,F0105,2026-05-19,65.5,Bourbon,Francia,8
L003447,F0039,2025-06-03,91.5,Catimor,Francia,11
L003448,F0042,2025-07-23,105.1,Bourbon,Francia,7
L003449,F0025,2025-08-05,114.2,Bourbon,Paises_Bajos,11
L003450,F0118,2025-03-21,183.2,Typica,Estados_Unidos,19
L003451,F0108,2026-03-15,103.4,Bourbon,Nacional,12
L003452,F0043,2026-08-01,54.8,Catimor,Estados_Unidos,12
L003453,F0110,2025-04-29,272.4,Caturra,Japon,12
L003454,F0037,2025-08-07,55.3,Catimor,Alemania,14
L003455,F0034,2025-07-03,134.8,Bourbon,Belgica,18
L003456,F0013,2025-09-13,64.1,Catimor,Belgica,12
L003457,F0027,2026-05-12,113.7,Geisha,Paises_Bajos,6
L003458,F0042,2026-04-22,179.8,Catimor,Alemania,5
L003459,F0106,2025-11-05,146.0,Caturra,Alemania,18
L003460,F0112,2026-08-09,203.1,Typica,Estados_Unidos,8
L003461,F0030,2026-05-26,146.6,Caturra,Alemania,6
L003462,F0104,2026-05-30,103.0,Caturra,Nacional,20
L003463,F0102,2025-02-22,120.7,Catimor,Estados_Unidos,13
L003464,F0076,2025-05-07,152.5,Typica,Paises_Bajos,12
L003465,F0082,2025-08-01,127.7,Typica,Japon,19
L003466,F0099,2025-06-22,175.0,Typica,Belgica,14
L003467,F0106,2025-07-12,204.6,Geisha,Paises_Bajos,13
L003468,F0102,2026-06-30,49.7,Bourbon,Francia,11
L003469,F0104,2025-09-24,222.7,Catimor,Francia,4
L003470,F0038,2025-06-09,110.6,Catimor,Francia,17
L003471,F0023,2025-04-27,166.4,Bourbon,Japon,19
L003472,F0069,2025-08-27,75.4,Caturra,Estados_Unidos,7
L003473,F0002,2026-07-18,161.2,Catimor,Nacional,11
L003474,F0022,2026-04-08,85.1,Caturra,Francia,4
L003475,F0087,2026-05-26,62.6,Catimor,Estados_Unidos,19
L003476,F0082,2026-04-30,368.1,Bourbon,Francia,18
L003477,F0109,2025-08-15,198.8,Caturra,Alemania,20
L003478,F0083,2026-01-08,253.6,Bourbon,Alemania,11
L003479,F0091,2025-10-10,156.6,Caturra,Estados_Unidos,7
L003480,F0016,2025-04-14,94.4,Caturra,Belgica,19
L003481,F0084,2025-09-11,75.4,Geisha,Belgica,8
L003482,F0051,2025-05-03,117.3,Caturra,Alemania,5
L003483,F0070,2025-08-31,222.7,Geisha,Alemania,11
L003484,F0087,2026-05-03,176.4,Geisha,Nacional,13
L003485,F0072,2025-05-11,148.0,Catimor,Nacional,8
L003486,F0020,2025-08-13,135.9,Caturra,Nacional,11
L003487,F0016,2025-05-31,352.4,Catimor,Paises_Bajos,11
L003488,F0118,2025-07-14,104.9,Typica,Nacional,10
L003489,F0093,2025-05-06,88.6,Caturra,Estados_Unidos,8
L003490,F0030,2026-06-24,193.0,Bourbon,Paises_Bajos,9
L003491,F0016,2025-08-20,163.2,Catimor,Estados_Unidos,11
L003492,F0110,2025-08-07,113.9,Caturra,Japon,6
L003493,F0098,2026-07-15,360.8,Catimor,Belgica,5
L003494,F0045,2025-05-02,72.0,Caturra,Nacional,4
L003495,F0081,2026-06-18,71.6,Caturra,Alemania,14
L003496,F0111,2026-05-20,147.8,Catimor,Estados_Unidos,13
L003497,F0098,2025-08-14,116.4,Bourbon,Belgica,6
L003498,F0116,2025-05-18,188.4,Caturra,Nacional,20
L003499,F0034,2025-01-12,213.6,Typica,Francia,5
L003500,F0082,2026-08-06,75.8,Caturra,Estados_Unidos,9
L003501,F0007,2026-07-10,138.7,Caturra,Alemania,7
L003502,F0014,2025-09-04,125.3,Caturra,Belgica,19
L003503,F0113,2026-06-16,93.0,Typica,Alemania,17
L003504,F0055,2025-07-05,138.9,Caturra,Estados_Unidos,17
L003505,F0059,2025-07-06,188.9,Caturra,Alemania,15
L003506,F0081,2025-06-17,143.5,Catimor,Belgica,15
L003507,F0033,2025-06-28,204.2,Typica,Estados_Unidos,18
L003508,F0067,2026-06-27,116.0,Catimor,Paises_Bajos,9
L003509,F0045,2026-05-10,81.3,Caturra,Francia,9
L003510,F0037,2025-05-23,118.7,Geisha,Japon,17
L003511,F0004,2026-03-05,248.1,Bourbon,Alemania,16
L003512,F0106,2025-09-07,105.2,Bourbon,Nacional,6
L003513,F0080,2026-07-02,180.9,Caturra,Paises_Bajos,8
L003514,F0067,2026-05-14,112.8,Catimor,Alemania,13
L003515,F0076,2026-01-15,166.5,Caturra,Francia,10
L003516,F0061,2026-08-07,65.3,Bourbon,Nacional,6
L003517,F0010,2026-07-05,100.0,Catimor,Paises_Bajos,18
L003518,F0076,2025-08-30,173.4,Caturra,Alemania,16
L003519,F0080,2025-02-19,145.2,Caturra,Nacional,4
L003520,F0018,2026-08-08,84.9,Typica,Estados_Unidos,9
L003521,F0056,2025-06-03,147.9,Caturra,Nacional,12
L003522,F0109,2026-05-28,75.2,Typica,Belgica,5
L003523,F0037,2025-06-18,46.0,Catimor,Francia,7
L003524,F0008,2025-05-08,262.1,Catimor,Estados_Unidos,19
L003525,F0004,2026-07-29,132.3,Bourbon,Japon,5
L003526,F0012,2025-05-10,188.5,Catimor,Nacional,8
L003527,F0042,2026-08-19,193.1,Caturra,Paises_Bajos,5
L003528,F0047,2025-04-01,122.4,Caturra,Paises_Bajos,11
L003529,F0054,2025-08-05,138.8,Caturra,Paises_Bajos,18
L003530,F0103,2026-04-15,154.8,Caturra,Nacional,12
L003531,F0072,2026-06-07,130.6,Caturra,Paises_Bajos,16
L003532,F0050,2026-07-18,71.6,Bourbon,Nacional,4
L003533,F0102,2025-05-03,94.6,Catimor,Alemania,16
L003534,F0090,2026-07-11,177.1,Caturra,Belgica,14
L003535,F0066,2026-02-20,143.4,Typica,Alemania,6
L003536,F0059,2025-08-06,63.5,Bourbon,Alemania,20
L003537,F0099,2026-08-12,45.4,Geisha,Francia,12
L003538,F0108,2026-08-03,279.1,Catimor,Paises_Bajos,13
L003539,F0017,2026-01-17,102.5,Typica,Belgica,20
L003540,F0038,2026-04-19,95.7,Caturra,Nacional,8
L003541,F0094,2025-05-03,209.9,Caturra,Nacional,12
L003542,F0010,2025-05-26,171.0,Geisha,Alemania,13
L003543,F0009,2026-06-15,88.4,Geisha,Belgica,8
L003544,F0017,2025-09-29,226.8,Bourbon,Alemania,16
L003545,F0014,2026-06-11,146.9,Catimor,Belgica,5
L003546,F0002,2026-07-28,129.3,Caturra,Nacional,10
L003547,F0003,2026-04-24,228.8,Catimor,Japon,16
L003548,F0116,2026-03-01,146.1,Caturra,Japon,7
L003549,F0042,2026-05-31,190.9,Catimor,Alemania,13
L003550,F0119,2026-06-18,271.1,Typica,Belgica,20
L003551,F0002,2025-03-13,96.0,Catimor,Paises_Bajos,9
L003552,F0113,2026-05-26,31.9,Caturra,Alemania,16
L003553,F0101,2025-06-18,179.9,Catimor,Alemania,16
L003554,F0019,2025-05-13,221.5,Typica,Nacional,13
L003555,F0069,2025-10-03,171.3,Bourbon,Estados_Unidos,19
L003556,F0119,2026-03-23,113.1,Caturra,Alemania,17
L003557,F0008,2026-02-09,84.3,Bourbon,Francia,12
L003558,F0004,2026-06-21,86.4,Bourbon,Nacional,17
L003559,F0066,2026-05-08,125.0,Bourbon,Francia,11
L003560,F0028,2026-04-25,86.4,Catimor,Belgica,10
L003561,F0053,2026-04-08,98.8,Caturra,Paises_Bajos,17
L003562,F0017,2026-08-25,164.5,Bourbon,Paises_Bajos,16
L003563,F0017,2026-07-12,176.5,Caturra,Estados_Unidos,5
L003564,F0034,2026-01-05,149.5,Caturra,Alemania,18
L003565,F0002,2025-09-13,249.9,Bourbon,Francia,4
L003566,F0090,2026-06-14,165.5,Bourbon,Alemania,11
L003567,F0047,2025-10-23,99.3,Catimor,Paises_Bajos,5
L003568,F0118,2025-05-24,149.3,Caturra,Belgica,8
L003569,F0013,2026-03-23,195.5,Catimor,Japon,12
L003570,F0071,2026-05-25,41.7,Caturra,Nacional,18
L003571,F0088,2025-01-19,146.6,Caturra,Estados_Unidos,12
L003572,F0091,2026-06-03,154.1,Typica,Nacional,10
L003573,F0010,2026-02-12,101.2,Caturra,Francia,20
L003574,F0040,2025-05-19,43.1,Typica,Francia,18
L003575,F0083,2025-06-16,111.5,Catimor,Alemania,10
L003576,F0088,2025-07-22,174.7,Caturra,Japon,20
L003577,F0095,2025-09-09,169.8,Bourbon,Alemania,15
L003578,F0006,2026-01-13,98.5,Catimor,Paises_Bajos,20
L003579,F0043,2026-07-17,206.2,Caturra,Estados_Unidos,5
L003580,F0101,2025-06-04,65.1,Bourbon,Estados_Unidos,13
L003581,F0008,2025-07-20,213.9,Geisha,Alemania,20
L003582,F0120,2025-09-08,100.5,Bourbon,Nacional,18
L003583,F0007,2025-07-31,233.0,Caturra,Nacional,6
L003584,F0081,2026-05-06,363.7,Typica,Paises_Bajos,6
L003585,F0043,2026-06-03,142.5,Caturra,Nacional,6
L003586,F0044,2026-04-02,120.0,Bourbon,Francia,15
L003587,F0022,2026-05-07,114.6,Bourbon,Alemania,12
L003588,F0056,2025-07-19,94.2,Bourbon,Alemania,6
L003589,F0095,2026-05-06,103.1,Caturra,Japon,14
L003590,F0014,2026-08-31,156.6,Caturra,Belgica,11
L003591,F0045,2026-04-08,266.2,Caturra,Francia,20
L003592,F0102,2026-08-29,39.1,Typica,Francia,11
L003593,F0098,2025-09-20,123.9,Geisha,Alemania,5
L003594,F0018,2025-03-09,149.0,Bourbon,Alemania,15
L003595,F0087,2025-04-26,230.9,Bourbon,Belgica,11
L003596,F0022,2025-06-26,145.2,Catimor,Estados_Unidos,9
L003597,F0098,2025-06-14,106.5,Catimor,Paises_Bajos,5
L003598,F0120,2026-01-21,115.2,Caturra,Alemania,7
L003599,F0034,2025-09-12,96.3,Bourbon,Estados_Unidos,11
L003600,F0109,2025-08-12,81.6,Bourbon,Nacional,12
L003601,F0010,2025-04-09,161.3,Geisha,Alemania,8
L003602,F0082,2025-08-13,275.1,Caturra,Alemania,18
L003603,F0017,2026-06-19,244.5,Catimor,Francia,18
L003604,F0013,2026-04-20,56.3,Bourbon,Nacional,7
L003605,F0014,2025-05-01,122.8,Catimor,Nacional,12
L003606,F0038,2025-09-16,174.5,Caturra,Estados_Unidos,4
L003607,F0084,2025-01-21,181.3,Caturra,Nacional,6
L003608,F0019,2025-04-08,167.9,Catimor,Francia,18
L003609,F0039,2026-06-29,198.1,Bourbon,Alemania,18
L003610,F0090,2026-04-27,175.4,Bourbon,Belgica,6
L003611,F0050,2026-02-02,57.1,Typica,Estados_Unidos,6
L003612,F0078,2026-06-29,142.9,Bourbon,Paises_Bajos,9
L003613,F0059,2026-04-17,55.9,Caturra,Estados_Unidos,7
L003614,F0074,2025-05-10,105.4,Caturra,Alemania,19
L003615,F0055,2025-05-07,166.3,Caturra,Francia,14
L003616,F0050,2026-06-01,230.8,Catimor,Alemania,12
L003617,F0046,2026-06-20,100.1,Typica,Alemania,11
L003618,F0024,2025-05-12,106.7,Caturra,Francia,18
L003619,F0024,2025-08-22,368.9,Catimor,Francia,11
L003620,F0066,2025-05-25,155.3,Caturra,Paises_Bajos,10
L003621,F0022,2026-07-19,65.4,Catimor,Alemania,20
L003622,F0008,2025-07-15,255.1,Catimor,Estados_Unidos,13
L003623,F0108,2026-05-27,128.6,Catimor,Belgica,18
L003624,F0044,2026-04-11,130.9,Bourbon,Estados_Unidos,15
L003625,F0112,2026-08-04,114.9,Bourbon,Alemania,9
L003626,F0110,2025-07-05,251.2,Catimor,Paises_Bajos,9
L003627,F0076,2026-02-16,219.2,Catimor,Estados_Unidos,13
L003628,F0022,2026-04-09,143.3,Catimor,Japon,17
L003629,F0037,2025-10-01,200.6,Catimor,Belgica,15
L003630,F0054,2025-06-16,287.3,Catimor,Alemania,16
L003631,F0089,2025-09-23,96.7,Bourbon,Paises_Bajos,17
L003632,F0055,2025-04-15,134.1,Catimor,Belgica,13
L003633,F0059,2025-01-26,116.5,Catimor,Francia,12
L003634,F0068,2025-06-05,310.5,Catimor,Estados_Unidos,8
L003635,F0077,2025-01-09,109.0,Bourbon,Japon,18
L003636,F0119,2026-04-27,313.6,Typica,Estados_Unidos,18
L003637,F0083,2026-04-08,137.3,Caturra,Belgica,5
L003638,F0004,2026-05-03,103.6,Caturra,Paises_Bajos,9
L003639,F0110,2025-06-13,154.1,Typica,Belgica,9
L003640,F0072,2025-10-12,206.6,Catimor,Estados_Unidos,4
L003641,F0001,2025-07-29,82.7,Caturra,Francia,17
L003642,F0031,2025-08-25,193.0,Caturra,Japon,20
L003643,F0029,2025-09-13,114.4,Catimor,Estados_Unidos,17
L003644,F0073,2025-06-24,162.7,Typica,Alemania,15
L003645,F0110,2026-07-20,66.4,Typica,Alemania,5
L003646,F0049,2025-07-08,96.8,Bourbon,Alemania,19
L003647,F0074,2025-08-28,167.5,Bourbon,Estados_Unidos,13
L003648,F0086,2026-04-12,176.7,Catimor,Alemania,15
L003649,F0016,2026-05-05,154.2,Bourbon,Alemania,11
L003650,F0064,2025-04-12,164.4,Bourbon,Japon,5
L003651,F0018,2026-04-13,204.1,Caturra,Nacional,19
L003652,F0073,2025-12-02,144.9,Catimor,Francia,18
L003653,F0116,2026-08-28,83.8,Typica,Francia,11
L003654,F0103,2025-02-22,160.4,Caturra,Estados_Unidos,15
L003655,F0033,2026-04-02,242.4,Bourbon,Francia,9
L003656,F0005,2026-07-26,138.0,Caturra,Belgica,15
L003657,F0002,2026-05-25,70.4,Catimor,Belgica,4
L003658,F0009,2026-07-30,90.9,Catimor,Francia,10
L003659,F0081,2025-11-18,50.3,Caturra,Paises_Bajos,20
L003660,F0053,2025-07-28,180.3,Typica,Estados_Unidos,19
L003661,F0031,2025-06-27,232.7,Typica,Francia,19
L003662,F0095,2025-05-15,332.0,Caturra,Alemania,5
L003663,F0086,2025-05-13,59.3,Caturra,Belgica,19
L003664,F0055,2026-06-06,312.4,Caturra,Francia,18
L003665,F0013,2026-05-29,51.2,Caturra,Belgica,5
L003666,F0034,2025-04-28,71.7,Typica,Nacional,19
L003667,F0010,2025-04-30,164.0,Caturra,Alemania,13
L003668,F0017,2025-04-27,62.2,Bourbon,Belgica,13
L003669,F0089,2026-06-10,132.6,Caturra,Paises_Bajos,10
L003670,F0109,2025-09-20,253.4,Caturra,Estados_Unidos,9
L003671,F0054,2025-06-19,33.5,Bourbon,Alemania,14
L003672,F0044,2025-04-28,155.5,Caturra,Francia,18
L003673,F0096,2026-06-16,206.4,Caturra,Francia,4
L003674,F0046,2026-04-15,174.6,Bourbon,Estados_Unidos,14
L003675,F0059,2025-01-10,66.1,Bourbon,Belgica,7
L003676,F0045,2025-09-14,128.9,Caturra,Nacional,18
L003677,F0093,2026-04-21,203.1,Caturra,Francia,12
L003678,F0102,2025-09-17,125.3,Typica,Francia,20
L003679,F0066,2026-05-24,205.2,Catimor,Francia,5
L003680,F0009,2025-06-11,186.1,Typica,Alemania,12
L003681,F0004,2026-05-20,159.2,Catimor,Japon,17
L003682,F0045,2025-06-17,162.0,Catimor,Francia,16
L003683,F0031,2026-02-19,195.1,Caturra,Francia,17
L003684,F0084,2026-02-20,460.0,Caturra,Nacional,15
L003685,F0070,2025-06-18,198.5,Caturra,Nacional,11
L003686,F0019,2025-04-29,149.0,Bourbon,Paises_Bajos,10
L003687,F0038,2025-05-02,97.2,Geisha,Estados_Unidos,4
L003688,F0120,2026-07-05,162.1,Geisha,Estados_Unidos,10
L003689,F0075,2026-06-30,187.4,Bourbon,Belgica,16
L003690,F0110,2025-07-23,121.1,Bourbon,Belgica,12
L003691,F0026,2025-08-09,112.4,Bourbon,Francia,18
L003692,F0076,2026-07-10,81.9,Caturra,Belgica,18
L003693,F0063,2025-07-30,168.0,Catimor,Estados_Unidos,8
L003694,F0073,2025-04-09,133.8,Catimor,Belgica,20
L003695,F0061,2025-04-17,145.4,Catimor,Belgica,9
L003696,F0044,2026-04-28,56.1,Caturra,Belgica,10
L003697,F0091,2025-10-19,187.8,Bourbon,Belgica,20
L003698,F0053,2025-09-03,108.3,Catimor,Nacional,14
L003699,F0118,2026-05-28,141.2,Bourbon,Estados_Unidos,17
L003700,F0083,2025-04-25,107.3,Catimor,Nacional,13
L003701,F0080,2025-09-23,153.0,Typica,Paises_Bajos,15
L003702,F0014,2025-09-18,96.5,Catimor,Paises_Bajos,9
L003703,F0016,2025-08-26,37.4,Bourbon,Japon,16
L003704,F0072,2025-08-06,83.6,Geisha,Belgica,19
L003705,F0084,2025-05-23,122.7,Typica,Paises_Bajos,6
L003706,F0113,2025-04-18,188.0,Caturra,Francia,9
L003707,F0001,2026-07-30,155.2,Typica,Estados_Unidos,11
L003708,F0017,2025-09-07,67.8,Typica,Alemania,4
L003709,F0025,2025-09-06,158.7,Caturra,Japon,9
L003710,F0014,2025-10-07,85.8,Typica,Nacional,13
L003711,F0104,2026-03-30,40.0,Caturra,Estados_Unidos,15
L003712,F0070,2025-09-12,114.9,Catimor,Belgica,9
L003713,F0044,2026-06-13,85.5,Catimor,Francia,5
L003714,F0055,2026-05-25,211.4,Bourbon,Paises_Bajos,4
L003715,F0022,2026-06-16,121.8,Catimor,Francia,7
L003716,F0027,2026-05-03,80.2,Caturra,Alemania,5
L003717,F0049,2025-05-11,193.4,Bourbon,Nacional,9
L003718,F0022,2025-08-01,33.6,Bourbon,Nacional,11
L003719,F0023,2025-07-11,127.3,Caturra,Alemania,11
L003720,F0062,2025-11-10,106.7,Bourbon,Estados_Unidos,19
L003721,F0070,2026-05-28,140.7,Typica,Paises_Bajos,19
L003722,F0075,2025-09-02,167.4,Caturra,Francia,16
L003723,F0060,2025-04-03,127.1,Caturra,Francia,15
L003724,F0059,2025-01-29,133.4,Bourbon,Japon,12
L003725,F0029,2025-07-21,175.3,Catimor,Paises_Bajos,15
L003726,F0077,2026-08-08,80.3,Typica,Francia,9
L003727,F0070,2026-06-09,199.8,Catimor,Estados_Unidos,6
L003728,F0101,2025-11-06,69.5,Caturra,Estados_Unidos,20
L003729,F0009,2026-08-18,61.6,Caturra,Japon,11
L003730,F0109,2025-07-20,112.0,Geisha,Alemania,16
L003731,F0116,2025-03-23,272.2,Bourbon,Estados_Unidos,7
L003732,F0063,2026-06-15,74.1,Typica,Estados_Unidos,4
L003733,F0120,2025-02-15,176.9,Catimor,Nacional,13
L003734,F0039,2025-03-19,115.0,Caturra,Belgica,11
L003735,F0070,2026-03-15,144.8,Bourbon,Alemania,11
L003736,F0073,2025-05-09,95.6,Catimor,Francia,15
L003737,F0013,2025-06-07,60.6,Catimor,Alemania,18
L003738,F0112,2026-05-26,80.5,Catimor,Alemania,16
L003739,F0090,2025-05-16,101.9,Caturra,Japon,16
L003740,F0110,2026-01-30,208.2,Caturra,Alemania,5
L003741,F0054,2025-08-16,54.6,Bourbon,Belgica,20
L003742,F0101,2025-07-01,173.0,Typica,Belgica,14
L003743,F0008,2025-05-24,141.8,Typica,Francia,6
L003744,F0073,2025-04-24,141.9,Bourbon,Alemania,11
L003745,F0101,2026-05-17,60.7,Catimor,Paises_Bajos,5
L003746,F0099,2026-04-29,188.0,Caturra,Estados_Unidos,4
L003747,F0027,2025-09-01,323.9,Catimor,Nacional,18
L003748,F0043,2025-06-10,124.5,Caturra,Belgica,10
L003749,F0005,2026-04-19,231.1,Caturra,Francia,17
L003750,F0043,2025-02-17,196.1,Catimor,Francia,16
L003751,F0009,2026-03-06,146.9,Bourbon,Paises_Bajos,4
L003752,F0003,2026-04-08,89.6,Catimor,Francia,19
L003753,F0068,2026-03-16,95.9,Catimor,Japon,20
L003754,F0049,2025-06-25,112.5,Catimor,Estados_Unidos,15
L003755,F0086,2025-06-10,169.2,Typica,Francia,12
L003756,F0089,2026-06-29,108.8,Caturra,Nacional,9
L003757,F0034,2025-06-23,303.4,Typica,Francia,6
L003758,F0043,2025-09-16,128.2,Caturra,Nacional,18
L003759,F0060,2026-01-15,135.9,Bourbon,Belgica,13
L003760,F0111,2025-07-06,265.1,Caturra,Alemania,4
L003761,F0013,2025-08-06,193.7,Typica,Belgica,19
L003762,F0009,2026-04-01,91.0,Bourbon,Alemania,11
L003763,F0106,2026-03-01,138.0,Bourbon,Alemania,15
L003764,F0037,2025-09-25,131.7,Typica,Japon,20
L003765,F0073,2026-07-16,100.9,Catimor,Nacional,19
L003766,F0004,2025-06-27,94.8,Catimor,Alemania,13
L003767,F0084,2025-07-19,85.1,Catimor,Estados_Unidos,15
L003768,F0059,2026-08-25,139.6,Catimor,Belgica,19
L003769,F0056,2025-04-04,146.8,Catimor,Francia,15
L003770,F0027,2025-07-29,134.5,Bourbon,Francia,17
L003771,F0030,2025-02-15,113.0,Typica,Francia,18
L003772,F0088,2025-09-17,180.1,Caturra,Francia,4
L003773,F0093,2025-07-20,130.2,Catimor,Alemania,11
L003774,F0007,2026-07-08,280.7,Caturra,Paises_Bajos,12
L003775,F0007,2025-10-04,87.0,Caturra,Estados_Unidos,15
L003776,F0082,2025-09-26,274.9,Catimor,Alemania,10
L003777,F0029,2025-04-21,227.8,Caturra,Japon,5
L003778,F0007,2025-07-23,76.9,Geisha,Belgica,13
L003779,F0113,2026-07-14,197.6,Geisha,Belgica,8
L003780,F0010,2026-08-28,80.0,Caturra,Belgica,8
L003781,F0055,2025-05-19,212.2,Catimor,Belgica,11
L003782,F0020,2025-09-01,164.0,Bourbon,Belgica,15
L003783,F0063,2025-08-03,77.5,Catimor,Nacional,20
L003784,F0037,2025-01-23,78.3,Caturra,Alemania,14
L003785,F0026,2026-08-20,140.7,Caturra,Nacional,19
L003786,F0071,2025-06-15,149.0,Caturra,Francia,15
L003787,F0029,2025-09-19,184.1,Typica,Belgica,15
L003788,F0076,2025-11-12,86.8,Catimor,Estados_Unidos,14
L003789,F0107,2025-08-12,122.4,Bourbon,Japon,15
L003790,F0021,2026-06-16,186.3,Bourbon,Francia,17
L003791,F0046,2025-04-30,198.2,Bourbon,Paises_Bajos,14
L003792,F0087,2026-05-10,216.3,Caturra,Francia,17
L003793,F0095,2025-07-05,201.1,Bourbon,Francia,14
L003794,F0083,2026-08-12,117.2,Catimor,Paises_Bajos,20
L003795,F0082,2026-05-03,138.3,Caturra,Paises_Bajos,11
L003796,F0027,2025-08-26,112.0,Typica,Paises_Bajos,6
L003797,F0110,2026-08-01,98.7,Catimor,Francia,7
L003798,F0047,2026-05-03,164.7,Typica,Belgica,7
L003799,F0059,2025-05-27,224.4,Caturra,Alemania,4
L003800,F0044,2025-12-07,67.7,Typica,Francia,14
L003801,F0087,2026-05-05,210.6,Catimor,Belgica,13
L003802,F0076,2026-07-26,103.1,Bourbon,Alemania,19
L003803,F0010,2026-05-14,104.8,Caturra,Alemania,15
L003804,F0049,2026-05-01,130.0,Geisha,Francia,13
L003805,F0056,2025-05-16,67.2,Bourbon,Estados_Unidos,13
L003806,F0030,2025-01-16,304.9,Caturra,Francia,13
L003807,F0008,2025-06-02,65.6,Typica,Francia,9
L003808,F0001,2025-07-04,325.0,Caturra,Nacional,18
L003809,F0029,2026-07-15,104.3,Catimor,Japon,6
L003810,F0063,2025-06-12,39.7,Typica,Nacional,9
L003811,F0030,2025-07-30,96.9,Typica,Alemania,12
L003812,F0080,2025-06-16,152.6,Catimor,Japon,4
L003813,F0082,2025-03-12,157.6,Caturra,Estados_Unidos,20
L003814,F0072,2025-08-08,103.5,Typica,Alemania,16
L003815,F0105,2025-06-07,46.9,Bourbon,Nacional,16
L003816,F0096,2026-04-10,152.7,Geisha,Japon,20
L003817,F0029,2025-10-13,143.9,Catimor,Japon,8
L003818,F0040,2026-04-30,64.1,Catimor,Alemania,13
L003819,F0054,2025-11-05,271.6,Caturra,Alemania,19
L003820,F0025,2026-07-20,126.4,Bourbon,Paises_Bajos,9
L003821,F0062,2026-08-06,222.2,Bourbon,Paises_Bajos,12
L003822,F0039,2025-05-25,343.3,Catimor,Alemania,16
L003823,F0040,2025-04-28,97.9,Caturra,Paises_Bajos,18
L003824,F0074,2025-04-13,127.6,Caturra,Japon,17
L003825,F0085,2025-12-24,227.7,Typica,Francia,5
L003826,F0010,2025-09-10,201.2,Bourbon,Japon,12
L003827,F0005,2026-06-06,137.5,Typica,Alemania,12
L003828,F0090,2025-09-23,157.7,Catimor,Belgica,20
L003829,F0027,2025-08-24,92.5,Typica,Alemania,6
L003830,F0062,2026-04-30,163.3,Typica,Alemania,6
L003831,F0072,2025-08-26,98.0,Catimor,Estados_Unidos,13
L003832,F0028,2026-08-26,45.3,Caturra,Alemania,16
L003833,F0080,2025-06-11,96.2,Bourbon,Paises_Bajos,17
L003834,F0009,2026-06-23,73.6,Bourbon,Estados_Unidos,12
L003835,F0042,2025-08-26,128.3,Caturra,Nacional,11
L003836,F0016,2026-04-28,83.8,Catimor,Francia,4
L003837,F0075,2025-05-03,182.6,Typica,Japon,9
L003838,F0046,2025-07-09,167.5,Catimor,Paises_Bajos,12
L003839,F0024,2026-01-11,45.8,Caturra,Alemania,12
L003840,F0042,2026-02-11,45.6,Typica,Paises_Bajos,20
L003841,F0080,2025-04-23,74.7,Catimor,Belgica,8
L003842,F0016,2026-06-06,125.3,Typica,Estados_Unidos,7
L003843,F0070,2026-05-27,110.2,Catimor,Alemania,8
L003844,F0026,2025-03-03,71.3,Catimor,Belgica,20
L003845,F0066,2026-06-16,196.5,Caturra,Paises_Bajos,8
L003846,F0002,2026-07-05,105.5,Catimor,Alemania,14
L003847,F0025,2026-05-03,150.4,Catimor,Francia,10
L003848,F0070,2026-07-02,64.7,Typica,Paises_Bajos,4
L003849,F0116,2025-09-09,48.4,Bourbon,Francia,14
L003850,F0067,2026-07-14,113.0,Bourbon,Estados_Unidos,18
L003851,F0093,2026-04-15,178.5,Bourbon,Paises_Bajos,8
L003852,F0074,2025-05-04,150.7,Bourbon,Alemania,4
L003853,F0089,2025-06-15,188.4,Caturra,Estados_Unidos,14
L003854,F0098,2025-09-07,248.3,Bourbon,Francia,11
L003855,F0003,2025-02-02,289.4,Catimor,Francia,5
L003856,F0023,2026-05-20,88.0,Typica,Japon,11
L003857,F0096,2025-05-06,221.3,Caturra,Francia,7
L003858,F0074,2025-04-26,153.0,Catimor,Alemania,7
L003859,F0025,2026-02-07,200.9,Caturra,Paises_Bajos,9
L003860,F0078,2025-09-15,220.6,Caturra,Francia,17
L003861,F0068,2025-12-29,122.9,Caturra,Estados_Unidos,12
L003862,F0031,2026-04-06,250.6,Bourbon,Estados_Unidos,7
L003863,F0066,2026-06-25,69.4,Catimor,Alemania,10
L003864,F0062,2025-12-10,67.0,Catimor,Estados_Unidos,5
L003865,F0078,2026-05-31,169.5,Caturra,Alemania,9
L003866,F0053,2025-06-03,84.6,Catimor,Nacional,7
L003867,F0006,2025-06-07,80.5,Catimor,Nacional,8
L003868,F0083,2026-06-24,122.7,Bourbon,Japon,18
L003869,F0026,2026-08-18,288.1,Bourbon,Alemania,6
L003870,F0112,2026-01-10,69.6,Catimor,Francia,13
L003871,F0110,2025-02-01,149.0,Caturra,Francia,15
L003872,F0098,2025-03-01,65.9,Typica,Belgica,14
L003873,F0043,2025-05-10,239.7,Caturra,Belgica,16
L003874,F0084,2025-07-02,163.2,Caturra,Belgica,18
L003875,F0112,2026-01-19,177.8,Typica,Japon,8
L003876,F0003,2026-01-18,147.7,Geisha,Francia,19
L003877,F0009,2026-03-22,99.0,Catimor,Alemania,11
L003878,F0003,2025-06-25,297.1,Caturra,Nacional,16
L003879,F0082,2025-11-05,65.5,Typica,Nacional,15
L003880,F0059,2026-05-06,170.6,Bourbon,Alemania,14
L003881,F0019,2026-04-01,197.9,Caturra,Japon,11
L003882,F0009,2026-08-29,137.5,Bourbon,Alemania,4
L003883,F0076,2025-04-03,222.4,Caturra,Estados_Unidos,17
L003884,F0073,2026-05-24,125.9,Caturra,Estados_Unidos,14
L003885,F0107,2026-03-21,132.0,Catimor,Estados_Unidos,13
L003886,F0106,2026-06-08,210.3,Typica,Japon,16
L003887,F0066,2025-03-17,142.0,Catimor,Japon,20
L003888,F0014,2025-09-21,186.7,Caturra,Nacional,4
L003889,F0109,2026-04-08,125.6,Caturra,Alemania,17
L003890,F0047,2025-09-06,209.5,Bourbon,Belgica,12
L003891,F0102,2026-01-18,212.9,Caturra,Francia,12
L003892,F0013,2025-09-20,171.6,Bourbon,Belgica,15
L003893,F0060,2026-06-20,194.5,Caturra,Belgica,17
L003894,F0005,2025-06-17,93.6,Caturra,Belgica,10
L003895,F0064,2025-04-14,167.5,Bourbon,Belgica,11
L003896,F0096,2025-09-02,74.1,Bourbon,Paises_Bajos,9
L003897,F0021,2026-06-13,108.3,Geisha,Francia,20
L003898,F0020,2025-08-04,152.3,Catimor,Belgica,4
L003899,F0102,2026-04-16,164.3,Catimor,Estados_Unidos,14
L003900,F0030,2026-03-14,360.1,Bourbon,Paises_Bajos,5
L003901,F0009,2026-04-08,134.2,Bourbon,Nacional,18
L003902,F0106,2025-08-28,98.3,Catimor,Estados_Unidos,18
L003903,F0093,2025-07-22,68.0,Geisha,Nacional,10
L003904,F0120,2026-07-27,80.4,Caturra,Paises_Bajos,10
L003905,F0042,2025-04-02,170.1,Bourbon,Japon,12
L003906,F0024,2025-05-17,278.4,Typica,Paises_Bajos,4
L003907,F0040,2025-05-25,65.2,Caturra,Paises_Bajos,15
L003908,F0067,2026-05-11,145.3,Geisha,Alemania,10
L003909,F0087,2025-09-08,125.6,Bourbon,Paises_Bajos,18
L003910,F0044,2026-08-16,152.1,Catimor,Estados_Unidos,6
L003911,F0004,2026-06-21,27.5,Geisha,Estados_Unidos,20
L003912,F0108,2026-05-27,133.9,Caturra,Francia,19
L003913,F0093,2026-07-13,96.4,Catimor,Estados_Unidos,7
L003914,F0017,2026-05-07,197.0,Caturra,Belgica,10
L003915,F0053,2025-07-16,238.4,Caturra,Alemania,17
L003916,F0034,2026-05-29,140.9,Caturra,Paises_Bajos,15
L003917,F0010,2026-08-29,60.1,Caturra,Paises_Bajos,7
L003918,F0083,2025-07-18,124.6,Bourbon,Francia,4
L003919,F0088,2026-07-07,218.3,Caturra,Belgica,4
L003920,F0056,2025-06-13,127.9,Bourbon,Alemania,19
L003921,F0064,2025-10-10,251.2,Catimor,Belgica,20
L003922,F0049,2025-07-09,58.9,Caturra,Francia,5
L003923,F0080,2025-05-09,267.2,Typica,Estados_Unidos,19
L003924,F0102,2026-05-21,97.3,Bourbon,Japon,17
L003925,F0014,2025-08-08,77.1,Bourbon,Paises_Bajos,13
L003926,F0073,2025-08-31,78.8,Caturra,Alemania,9
L003927,F0007,2025-09-21,217.4,Bourbon,Alemania,4
L003928,F0070,2025-09-06,54.0,Geisha,Francia,14
L003929,F0020,2026-07-22,224.9,Bourbon,Francia,19
L003930,F0037,2025-05-10,194.1,Bourbon,Nacional,17
L003931,F0063,2026-04-12,113.4,Bourbon,Alemania,17
L003932,F0054,2026-06-14,193.8,Caturra,Estados_Unidos,6
L003933,F0073,2025-06-21,125.1,Catimor,Alemania,12
L003934,F0003,2025-07-07,108.5,Catimor,Alemania,13
L003935,F0085,2025-04-22,172.2,Bourbon,Alemania,15
L003936,F0025,2026-08-25,235.5,Geisha,Nacional,18
L003937,F0002,2025-10-08,126.0,Caturra,Alemania,20
L003938,F0101,2026-06-05,178.8,Catimor,Paises_Bajos,4
L003939,F0088,2026-08-19,210.6,Catimor,Estados_Unidos,12
L003940,F0087,2026-04-15,102.5,Caturra,Alemania,14
L003941,F0082,2026-07-11,59.0,Bourbon,Japon,8
L003942,F0093,2025-09-05,302.0,Catimor,Francia,15
L003943,F0025,2025-07-29,102.3,Catimor,Belgica,6
L003944,F0043,2025-06-26,49.0,Bourbon,Paises_Bajos,6
L003945,F0014,2026-07-05,196.4,Bourbon,Alemania,5
L003946,F0080,2026-05-07,93.0,Catimor,Japon,6
L003947,F0072,2025-06-22,139.9,Catimor,Paises_Bajos,12
L003948,F0012,2026-07-16,123.5,Caturra,Belgica,14
L003949,F0069,2026-02-12,107.5,Geisha,Belgica,18
L003950,F0080,2026-04-13,107.7,Caturra,Nacional,9
L003951,F0050,2025-12-24,116.0,Catimor,Nacional,9
L003952,F0071,2025-06-07,153.6,Caturra,Alemania,9
L003953,F0006,2026-07-17,78.5,Caturra,Estados_Unidos,20
L003954,F0081,2025-09-30,159.3,Typica,Alemania,17
L003955,F0107,2026-03-26,92.3,Catimor,Alemania,6
L003956,F0061,2025-04-30,151.5,Geisha,Alemania,17
L003957,F0021,2025-06-22,110.9,Caturra,Belgica,12
L003958,F0089,2025-04-30,83.8,Bourbon,Estados_Unidos,13
L003959,F0067,2026-05-04,142.3,Geisha,Belgica,8
L003960,F0119,2026-06-13,90.6,Typica,Japon,5
L003961,F0026,2026-05-13,76.7,Caturra,Estados_Unidos,19
L003962,F0094,2026-07-19,78.6,Catimor,Estados_Unidos,14
L003963,F0034,2026-05-18,163.3,Typica,Alemania,16
L003964,F0084,2025-08-03,132.1,Caturra,Francia,8
L003965,F0119,2026-04-13,193.0,Bourbon,Paises_Bajos,4
L003966,F0085,2026-08-05,147.4,Catimor,Alemania,9
L003967,F0012,2025-04-15,63.7,Typica,Japon,17
L003968,F0045,2026-04-17,160.2,Caturra,Belgica,14
L003969,F0118,2026-04-13,107.6,Caturra,Japon,6
L003970,F0044,2026-04-27,79.1,Caturra,Alemania,20
L003971,F0085,2026-03-27,84.7,Bourbon,Alemania,7
L003972,F0120,2025-05-03,188.6,Typica,Francia,8
L003973,F0103,2026-08-14,179.1,Caturra,Estados_Unidos,14
L003974,F0022,2025-07-26,120.6,Caturra,Alemania,13
L003975,F0045,2025-04-06,251.7,Caturra,Nacional,10
L003976,F0104,2025-11-12,46.2,Typica,Japon,19
L003977,F0031,2025-08-06,103.6,Bourbon,Alemania,7
L003978,F0113,2025-08-26,70.7,Catimor,Belgica,9
L003979,F0113,2025-04-19,192.9,Bourbon,Francia,7
L003980,F0084,2026-05-19,231.6,Caturra,Nacional,12
L003981,F0088,2025-01-18,135.8,Caturra,Estados_Unidos,7
L003982,F0064,2025-08-15,165.0,Caturra,Estados_Unidos,6
L003983,F0076,2025-07-22,246.4,Typica,Japon,12
L003984,F0028,2025-06-04,120.3,Bourbon,Alemania,8
L003985,F0090,2025-06-13,194.6,Bourbon,Alemania,16
L003986,F0056,2025-05-21,149.6,Typica,Estados_Unidos,8
L003987,F0031,2025-07-02,230.1,Geisha,Paises_Bajos,15
L003988,F0040,2025-08-03,191.9,Typica,Alemania,9
L003989,F0013,2025-09-11,120.7,Bourbon,Alemania,4
L003990,F0076,2026-05-13,178.5,Catimor,Francia,8
L003991,F0018,2025-06-14,198.5,Typica,Belgica,13
L003992,F0007,2025-04-30,76.8,Caturra,Belgica,5
L003993,F0004,2026-05-13,124.7,Catimor,Nacional,9
L003994,F0060,2025-06-29,155.8,Geisha,Alemania,20
L003995,F0042,2025-07-09,72.9,Caturra,Alemania,9
L003996,F0037,2025-12-18,48.0,Bourbon,Nacional,15
L003997,F0059,2025-04-09,75.6,Bourbon,Nacional,11
L003998,F0067,2025-03-29,195.4,Caturra,Estados_Unidos,16
L003999,F0063,2025-02-12,132.3,Bourbon,Alemania,6
L004000,F0020,2025-09-06,145.6,Typica,Francia,6
L004001,F0045,2026-04-11,202.2,Catimor,Estados_Unidos,8
L004002,F0069,2026-08-30,212.2,Typica,Japon,7
L004003,F0109,2026-08-06,159.9,Bourbon,Francia,15
L004004,F0060,2025-09-30,72.8,Catimor,Estados_Unidos,10
L004005,F0031,2025-06-03,111.6,Typica,Francia,4
L004006,F0082,2026-08-30,111.7,Typica,Alemania,13
L004007,F0070,2025-04-24,80.9,Bourbon,Francia,15
L004008,F0120,2026-07-10,132.3,Catimor,Alemania,13
L004009,F0031,2026-04-06,206.0,Typica,Estados_Unidos,11
L004010,F0026,2026-05-16,120.3,Caturra,Paises_Bajos,19
L004011,F0067,2026-06-18,138.3,Bourbon,Estados_Unidos,12
L004012,F0081,2025-06-01,127.7,Caturra,Estados_Unidos,13
L004013,F0063,2025-10-30,131.5,Caturra,Belgica,6
L004014,F0024,2026-06-13,245.4,Caturra,Alemania,4
L004015,F0008,2026-02-01,224.4,Caturra,Japon,19
L004016,F0062,2026-01-27,235.0,Bourbon,Alemania,17
L004017,F0028,2026-02-01,100.8,Bourbon,Alemania,14
L004018,F0022,2026-04-07,102.3,Typica,Estados_Unidos,6
L004019,F0075,2025-06-02,206.5,Bourbon,Alemania,10
L004020,F0002,2025-07-07,59.5,Caturra,Estados_Unidos,19
L004021,F0072,2026-04-25,198.5,Caturra,Estados_Unidos,12
L004022,F0013,2025-06-25,204.8,Bourbon,Alemania,14
L004023,F0012,2026-01-01,154.7,Geisha,Alemania,18
L004024,F0109,2025-09-27,126.9,Caturra,Nacional,16
L004025,F0105,2026-06-25,57.0,Typica,Paises_Bajos,12
L004026,F0046,2025-07-13,201.7,Typica,Belgica,16
L004027,F0081,2025-08-11,132.4,Typica,Francia,6
L004028,F0081,2026-03-10,158.1,Bourbon,Francia,14
L004029,F0091,2026-05-03,135.3,Caturra,Alemania,16
L004030,F0066,2025-09-11,116.1,Caturra,Estados_Unidos,9
L004031,F0087,2025-07-06,57.4,Typica,Estados_Unidos,9
L004032,F0038,2026-07-08,169.5,Catimor,Estados_Unidos,10
L004033,F0044,2025-04-10,94.0,Typica,Nacional,14
L004034,F0009,2025-07-03,73.5,Catimor,Estados_Unidos,9
L004035,F0110,2026-07-17,165.3,Bourbon,Estados_Unidos,19
L004036,F0060,2025-08-08,160.5,Catimor,Belgica,17
L004037,F0066,2025-09-20,241.4,Typica,Paises_Bajos,5
L004038,F0111,2025-06-13,271.4,Catimor,Paises_Bajos,9
L004039,F0019,2026-08-24,137.1,Bourbon,Nacional,13
L004040,F0066,2026-05-17,66.6,Caturra,Belgica,6
L004041,F0008,2026-08-26,95.9,Typica,Alemania,20
L004042,F0062,2025-09-29,223.2,Caturra,Nacional,19
L004043,F0044,2025-05-14,101.4,Bourbon,Nacional,13
L004044,F0113,2025-07-09,311.7,Caturra,Belgica,8
L004045,F0101,2025-09-20,145.0,Catimor,Paises_Bajos,16
L004046,F0077,2025-07-23,140.3,Catimor,Francia,13
L004047,F0075,2025-06-22,347.9,Bourbon,Paises_Bajos,11
L004048,F0034,2025-09-10,67.0,Typica,Alemania,9
L004049,F0108,2025-06-22,178.1,Catimor,Francia,10
L004050,F0016,2025-05-18,138.8,Caturra,Belgica,18
L004051,F0003,2026-04-05,90.9,Bourbon,Estados_Unidos,17
L004052,F0025,2025-06-09,139.5,Catimor,Alemania,19
L004053,F0031,2025-06-01,203.4,Caturra,Francia,9
L004054,F0116,2026-05-30,106.5,Typica,Japon,18
L004055,F0072,2025-04-21,71.0,Bourbon,Nacional,17
L004056,F0074,2026-06-09,151.9,Typica,Nacional,12
L004057,F0082,2026-08-17,110.2,Catimor,Belgica,19
L004058,F0038,2025-07-14,169.6,Catimor,Belgica,9
L004059,F0013,2025-09-25,127.8,Typica,Francia,12
L004060,F0005,2025-06-23,80.0,Caturra,Alemania,14
L004061,F0024,2025-04-24,30.5,Geisha,Japon,15
L004062,F0045,2025-04-06,158.1,Caturra,Belgica,7
L004063,F0102,2025-09-20,157.8,Typica,Estados_Unidos,16
L004064,F0006,2026-08-05,125.6,Catimor,Nacional,4
L004065,F0111,2025-08-26,145.0,Typica,Estados_Unidos,16
L004066,F0059,2025-09-02,212.3,Caturra,Belgica,18
L004067,F0061,2026-08-20,116.8,Caturra,Paises_Bajos,14
L004068,F0055,2025-08-09,130.6,Typica,Japon,4
L004069,F0049,2025-08-06,131.4,Catimor,Estados_Unidos,4
L004070,F0088,2025-06-19,204.9,Geisha,Alemania,18
L004071,F0119,2026-06-08,213.0,Catimor,Francia,17
L004072,F0051,2026-05-30,132.9,Catimor,Belgica,6
L004073,F0005,2026-08-20,108.9,Bourbon,Francia,11
L004074,F0006,2025-10-12,133.8,Typica,Alemania,18
L004075,F0024,2026-05-18,130.6,Catimor,Francia,14
L004076,F0093,2026-04-23,216.4,Bourbon,Francia,11
L004077,F0040,2025-11-21,177.8,Caturra,Paises_Bajos,18
L004078,F0030,2025-06-25,230.9,Caturra,Francia,5
L004079,F0064,2025-11-06,121.4,Catimor,Francia,18
L004080,F0006,2026-04-04,144.2,Bourbon,Paises_Bajos,4
L004081,F0014,2026-07-28,184.7,Catimor,Paises_Bajos,17
L004082,F0060,2025-04-02,261.5,Typica,Estados_Unidos,6
L004083,F0070,2026-07-11,96.9,Bourbon,Nacional,18
L004084,F0017,2025-11-03,171.5,Typica,Paises_Bajos,12
L004085,F0051,2026-08-21,97.5,Geisha,Nacional,20
L004086,F0083,2026-03-31,65.4,Caturra,Nacional,12
L004087,F0021,2025-04-20,84.2,Bourbon,Alemania,20
L004088,F0101,2025-07-05,39.4,Caturra,Alemania,9
L004089,F0070,2026-02-21,188.0,Caturra,Francia,4
L004090,F0013,2026-01-14,122.9,Bourbon,Paises_Bajos,14
L004091,F0053,2025-03-18,289.0,Catimor,Alemania,9
L004092,F0013,2025-06-18,53.1,Geisha,Estados_Unidos,8
L004093,F0066,2025-05-05,45.3,Caturra,Alemania,17
L004094,F0018,2025-07-02,283.6,Typica,Paises_Bajos,14
L004095,F0020,2026-06-12,71.5,Typica,Paises_Bajos,15
L004096,F0064,2026-06-27,109.0,Typica,Japon,18
L004097,F0040,2025-09-25,113.0,Geisha,Francia,5
L004098,F0083,2025-08-16,135.4,Caturra,Francia,19
L004099,F0060,2025-06-03,105.1,Bourbon,Paises_Bajos,15
L004100,F0002,2025-08-18,88.6,Typica,Alemania,13
L004101,F0076,2026-08-02,123.7,Catimor,Alemania,12
L004102,F0020,2026-07-09,56.9,Geisha,Nacional,5
L004103,F0056,2025-09-18,80.9,Typica,Estados_Unidos,11
L004104,F0018,2026-05-17,226.4,Bourbon,Nacional,9
L004105,F0049,2025-07-29,140.3,Caturra,Nacional,14
L004106,F0055,2026-08-24,169.7,Catimor,Francia,16
L004107,F0007,2025-04-15,93.1,Bourbon,Nacional,8
L004108,F0047,2026-07-20,100.8,Caturra,Francia,8
L004109,F0021,2026-05-22,171.0,Caturra,Alemania,20
L004110,F0118,2026-05-20,44.3,Bourbon,Nacional,18
L004111,F0075,2026-04-02,133.4,Bourbon,Estados_Unidos,4
L004112,F0091,2026-04-29,78.2,Typica,Belgica,13
L004113,F0109,2026-08-29,139.7,Caturra,Nacional,10
L004114,F0030,2026-07-31,144.9,Typica,Estados_Unidos,19
L004115,F0054,2025-03-17,101.7,Caturra,Francia,7
L004116,F0073,2025-06-23,123.5,Catimor,Francia,18
L004117,F0003,2025-08-15,153.7,Catimor,Paises_Bajos,7
L004118,F0120,2025-05-10,101.8,Typica,Belgica,16
L004119,F0038,2025-06-10,101.8,Catimor,Estados_Unidos,16
L004120,F0107,2025-08-04,60.7,Bourbon,Alemania,15
L004121,F0031,2025-02-25,166.4,Caturra,Alemania,15
L004122,F0091,2026-06-26,143.2,Caturra,Alemania,20
L004123,F0110,2026-05-02,225.6,Caturra,Francia,18
L004124,F0022,2025-09-22,78.8,Bourbon,Alemania,15
L004125,F0073,2026-07-11,29.3,Caturra,Alemania,8
L004126,F0044,2025-07-07,99.9,Bourbon,Alemania,6
L004127,F0110,2026-07-08,102.8,Bourbon,Japon,19
L004128,F0025,2025-08-20,147.5,Catimor,Estados_Unidos,19
L004129,F0102,2025-06-14,153.5,Bourbon,Estados_Unidos,17
L004130,F0010,2026-08-17,110.2,Bourbon,Belgica,18
L004131,F0019,2025-09-21,81.9,Caturra,Alemania,14
L004132,F0037,2026-08-08,167.5,Bourbon,Belgica,17
L004133,F0004,2025-06-17,164.9,Caturra,Alemania,7
L004134,F0113,2025-09-30,185.7,Bourbon,Nacional,15
L004135,F0039,2026-07-26,203.1,Catimor,Estados_Unidos,14
L004136,F0026,2025-09-01,124.7,Caturra,Alemania,16
L004137,F0068,2025-08-11,105.8,Typica,Estados_Unidos,15
L004138,F0027,2025-08-15,131.4,Caturra,Nacional,17
L004139,F0005,2026-07-01,88.6,Geisha,Estados_Unidos,13
L004140,F0037,2025-10-13,119.5,Catimor,Francia,6
L004141,F0010,2026-07-06,156.3,Caturra,Belgica,13
L004142,F0068,2025-06-23,85.5,Catimor,Nacional,18
L004143,F0105,2026-08-28,164.5,Caturra,Paises_Bajos,16
L004144,F0050,2025-12-28,253.5,Typica,Nacional,10
L004145,F0066,2026-08-09,110.9,Catimor,Estados_Unidos,5
L004146,F0027,2026-08-02,80.7,Bourbon,Alemania,10
L004147,F0006,2025-07-16,117.6,Bourbon,Belgica,19
L004148,F0078,2025-10-22,110.8,Bourbon,Alemania,20
L004149,F0033,2025-04-23,108.3,Caturra,Estados_Unidos,18
L004150,F0089,2026-07-31,176.5,Caturra,Alemania,13
L004151,F0054,2025-06-30,94.2,Caturra,Alemania,19
L004152,F0110,2025-07-27,84.0,Caturra,Japon,14
L004153,F0037,2026-04-16,134.5,Bourbon,Alemania,11
L004154,F0104,2026-05-10,54.8,Caturra,Alemania,13
L004155,F0119,2025-10-18,93.5,Catimor,Alemania,14
L004156,F0016,2025-02-21,99.5,Catimor,Alemania,14
L004157,F0111,2026-06-20,199.8,Catimor,Francia,20
L004158,F0064,2026-07-28,128.4,Geisha,Francia,19
L004159,F0007,2025-04-08,38.2,Bourbon,Francia,5
L004160,F0080,2025-07-17,67.5,Typica,Francia,6
L004161,F0119,2026-05-13,112.3,Caturra,Belgica,18
L004162,F0078,2026-04-07,113.3,Catimor,Alemania,20
L004163,F0070,2025-07-14,34.4,Caturra,Paises_Bajos,11
L004164,F0059,2026-07-23,118.7,Bourbon,Estados_Unidos,10
L004165,F0051,2025-02-25,86.9,Caturra,Belgica,15
L004166,F0069,2026-04-13,90.6,Bourbon,Francia,18
L004167,F0025,2025-08-14,123.4,Bourbon,Alemania,12
L004168,F0024,2026-07-10,65.6,Caturra,Estados_Unidos,10
L004169,F0063,2025-01-02,190.3,Typica,Paises_Bajos,11
L004170,F0075,2026-08-06,170.5,Caturra,Belgica,15
L004171,F0029,2025-05-27,89.0,Typica,Alemania,18
L004172,F0110,2026-06-23,57.9,Catimor,Belgica,20
L004173,F0059,2025-07-30,57.7,Caturra,Alemania,19
L004174,F0093,2025-07-12,66.5,Catimor,Alemania,18
L004175,F0073,2026-05-31,201.7,Bourbon,Estados_Unidos,6
L004176,F0094,2025-01-28,263.2,Typica,Nacional,9
L004177,F0054,2026-06-01,193.9,Catimor,Estados_Unidos,12
L004178,F0084,2026-06-18,45.1,Typica,Japon,9
L004179,F0024,2025-05-29,293.2,Typica,Paises_Bajos,9
L004180,F0046,2026-04-01,329.7,Bourbon,Estados_Unidos,4
L004181,F0004,2025-04-07,285.5,Geisha,Francia,10
L004182,F0027,2026-04-24,112.3,Caturra,Francia,13
L004183,F0088,2025-01-25,216.5,Geisha,Paises_Bajos,7
L004184,F0014,2025-06-10,177.5,Catimor,Nacional,20
L004185,F0082,2025-08-14,138.3,Bourbon,Belgica,15
L004186,F0078,2025-05-11,71.4,Bourbon,Alemania,17
L004187,F0116,2026-08-28,90.1,Typica,Francia,12
L004188,F0003,2026-04-16,65.3,Caturra,Japon,13
L004189,F0118,2025-08-29,168.6,Typica,Belgica,14
L004190,F0108,2026-08-10,136.1,Geisha,Nacional,4
L004191,F0087,2025-06-26,228.6,Catimor,Estados_Unidos,5
L004192,F0023,2026-07-08,289.0,Catimor,Paises_Bajos,16
L004193,F0003,2026-04-26,98.9,Typica,Paises_Bajos,10
L004194,F0102,2025-11-26,205.9,Caturra,Estados_Unidos,14
L004195,F0021,2025-07-30,172.6,Geisha,Alemania,18
L004196,F0023,2025-05-23,147.8,Caturra,Belgica,8
L004197,F0096,2025-09-23,131.2,Catimor,Alemania,10
L004198,F0025,2025-06-11,171.0,Bourbon,Nacional,6
L004199,F0088,2025-01-06,100.9,Catimor,Japon,12
L004200,F0120,2026-05-16,85.8,Caturra,Estados_Unidos,20
